"Time (s)","X (m/s^2)","Y (m/s^2)","Z (m/s^2)"
-1.606208334E-3,2.106840970E-1,2.524073428E-1,-9.054735035E-1
1.839079167E-2,8.421164368E-1,2.888360810E-1,-3.791498351E-1
3.838779166E-2,2.736336127E-2,-2.110447240E-1,7.335565925E-2
5.838379167E-2,-1.133878903E-1,-3.684693110E-1,4.966560656E-1
7.838079167E-2,-1.002124324E-1,-6.304994166E-2,5.332643133E-1
9.837779167E-2,-1.233018444E-1,1.388538301E-1,3.471141100E-2
1.183737917E-1,2.315442581E-1,3.492775798E-1,-5.630295646E-1
1.383707917E-1,4.613909233E-1,3.358412629E-1,-2.926280004E-1
1.583677917E-1,1.045850533E-1,1.538630480E-1,-2.281747270E-1
1.783637917E-1,-3.212359415E-1,-1.546073985E-1,-1.034220421E-1
1.983607917E-1,-1.146750817E-1,-5.900659204E-2,1.678384781E-1
2.183577917E-1,2.414620129E-1,1.105158842E-1,3.922475982E-1
2.383537917E-1,2.629234140E-1,1.746785510E-1,3.636552984E-1
2.583507917E-1,2.663712247E-1,2.315754676E-1,2.106342494E-1
2.783477917E-1,-2.013160535E-1,-7.478237987E-2,-3.027530390E-1
2.983437917E-1,-6.261805900E-1,-4.576843733E-1,-6.815116954E-1
3.183407917E-1,-1.276413921E-1,-9.058272600E-2,-4.850674689E-1
3.383377917E-1,3.295578815E-1,1.209420544E-1,-1.249690318E-1
3.583337917E-1,5.018104227E-1,-1.633536637E-1,-2.066031790E-1
3.783307917E-1,1.028853847E0,5.552580303E-1,-1.135114127E-1
3.983267917E-1,8.679988445E-1,4.626527524E-1,9.055886936E-1
4.183237917E-1,2.568809013E-1,-8.847305059E-2,5.652696329E-1
4.383207917E-1,-2.309635017E-1,-2.509250736E-1,-7.865323663E-2
4.583167917E-1,-3.174566668E-1,-2.327560204E-1,-4.377395207E-1
4.783137917E-1,-1.409760953E-1,3.118144691E-2,-3.853350198E-1
4.983107917E-1,1.903333562E-2,2.161107516E-1,-9.161008179E-2
5.183067917E-1,1.570009197E-1,2.902440906E-1,1.900204754E-1
5.383037917E-1,-1.835533270E-2,1.253800911E-1,4.343937439E-1
5.583007917E-1,-1.803949900E-1,1.917535901E-2,3.615122938E-1
5.782967917E-1,-1.457796743E-1,-5.075675547E-2,5.345430994E-1
5.982937917E-1,3.416118801E-2,-1.456594044E-1,4.670206225E-1
6.182907917E-1,-6.790956259E-2,-9.492545307E-2,-1.731594443E-2
6.382867917E-1,-1.415837124E-1,-2.983021384E-1,-6.738799095E-2
6.582837917E-1,-2.262672190E-1,-3.233194506E-1,9.112066984E-2
6.782807917E-1,-2.181950647E-1,-2.578236187E-1,-2.136373794E-1
6.982767917E-1,-1.124994059E-1,-1.936814171E-1,-3.192152900E-1
7.182737917E-1,1.203204223E-1,-2.172375101E-1,3.878692031E-2
7.382697917E-1,1.039494610E-1,-3.662637413E-2,-8.443730235E-2
7.582667917E-1,3.299576484E-2,-7.806032896E-4,-6.423458755E-2
7.782637917E-1,-7.346558690E-2,2.259188712E-2,-1.859414577E-1
7.982597917E-1,-8.197584383E-2,4.839564979E-2,1.040488636E-1
8.182567917E-1,4.594763987E-2,1.104088801E-1,8.487701297E-2
8.382537917E-1,5.239850745E-2,1.677864379E-1,4.978494823E-2
8.582505417E-1,1.185974671E-1,1.329762089E-1,5.762664914E-2
8.782475417E-1,1.756005107E-1,1.482011890E-1,-2.016576040E-1
8.982445417E-1,2.449317507E-1,2.094577897E-1,-1.193814325E-1
9.182405417E-1,2.477267928E-1,1.126261443E-1,2.939605808E-1
9.382375417E-1,2.103127988E-1,9.288360536E-2,-4.661341846E-2
9.582335417E-1,7.967832662E-2,1.465873575E-1,-3.497348320E-1
9.782305417E-1,1.807957618E-1,1.939696848E-1,-3.438332373E-1
9.982275417E-1,4.999084331E-1,3.429046994E-1,-1.118624979E-1
1.018223542E0,6.842758204E-1,4.350012696E-1,9.553297877E-2
1.038220542E0,4.205239291E-1,1.484222138E-1,-5.824820817E-2
1.058217542E0,3.576485999E-2,-1.448881567E-1,3.061660588E-2
1.078213542E0,-3.725699633E-2,-4.879969239E-1,5.731791615E-2
1.098210542E0,-3.730109896E-1,-3.481578380E-1,1.989380640E-1
1.118206542E0,-1.541247839E-1,-4.185436964E-3,-2.646210068E-1
1.138203542E0,4.209156925E-1,1.625730604E-1,-9.767072082E-2
1.158200542E0,1.187890365E-1,1.212712526E-3,1.776033282E-1
1.178196542E0,1.216059326E-1,-1.040687442E-2,5.741246563E-1
1.198193542E0,-6.851730756E-2,7.482272565E-2,2.046361756E-1
1.218190542E0,-8.771795578E-2,1.052767789E-1,-2.197664309E-1
1.238186542E0,6.344228983E-3,2.143706203E-2,1.929171860E-2
1.258183542E0,1.392206698E-1,-6.924623609E-2,1.226453483E-1
1.278180542E0,9.043588780E-2,-9.285027623E-2,-1.938053781E-1
1.298176542E0,-8.463376880E-2,-2.115657109E-1,-1.348976040E-1
1.318173542E0,-1.048390418E-1,-3.204326802E-1,-1.939614987E-1
1.338169542E0,-1.771941693E-1,-2.429588270E-1,-1.843317193E-1
1.358166542E0,-1.302686557E-3,-5.534506559E-2,-1.925172365E-1
1.378163542E0,1.642414903E-1,2.375723720E-2,-1.753053725E-1
1.398159542E0,1.267835690E-1,5.059595704E-3,-3.622379333E-1
1.418156542E0,7.013274707E-2,-7.948997319E-2,-2.105833787E-1
1.438152542E0,1.002565788E-1,-1.459511805E-1,-5.230392873E-2
1.458149542E0,5.296700299E-3,-1.595067805E-1,5.421889186E-2
1.478146542E0,-3.948646657E-2,-1.631180209E-1,1.017754662E-1
1.498142542E0,-1.369282689E-1,-1.604487669E-1,-8.947467864E-2
1.518139542E0,-1.545448333E-2,-1.147416669E-1,1.462283385E-1
1.538136542E0,5.770514801E-2,-9.519267082E-2,-1.279002410E-1
1.558132542E0,-8.489075392E-2,-5.849379122E-2,-3.286281377E-1
1.578129542E0,-8.649873823E-2,5.191158056E-3,-1.987825280E-1
1.598125542E0,1.147158661E-1,2.739420533E-2,-7.051391244E-2
1.618122542E0,1.102294437E-1,1.660199940E-2,2.412912011E-2
1.638119542E0,1.109816149E-2,3.689066827E-2,3.369633436E-2
1.658115542E0,-2.892003626E-2,9.286957204E-2,-2.942377388E-2
1.678112542E0,4.846106552E-2,1.434935957E-1,8.249310315E-2
1.698108542E0,1.067874802E-1,3.172933102E-2,3.230867314E-1
1.718105542E0,6.355426401E-2,-5.399260461E-2,2.720621735E-1
1.738102542E0,4.989399880E-2,-2.625750661E-2,1.900947350E-1
1.758098542E0,1.350434920E-1,6.421295285E-2,7.442745388E-2
1.778095542E0,-1.522220269E-2,-1.369178170E-1,1.008042437E-1
1.798092542E0,-1.659395948E-2,-1.948233783E-2,1.004902482E-2
1.818088542E0,1.648673616E-2,-2.475944996E-2,-1.509388554E-1
1.838085542E0,-2.271466403E-1,-3.081693149E-1,-9.877520138E-1
1.858080792E0,-8.639166109E-1,-5.825943482E-1,-7.336220813E-1
1.878077792E0,-4.270797907E-1,-6.089997894E-1,-1.953630763E-1
1.898074792E0,-2.011729794E-1,-5.769897920E-1,1.346900278E-1
1.918070792E0,4.258402906E-2,-2.171182269E-1,1.202304482E-2
1.938067792E0,4.306320473E-1,2.473120791E-1,2.312912929E-1
1.958063792E0,4.828773577E-1,3.886176467E-1,3.083505785E-1
1.978060792E0,3.848164083E-1,4.077164072E-1,5.304447860E-1
1.998057792E0,3.832857900E-1,4.843663877E-1,6.926342690E-1
2.018053792E0,3.343580801E-1,2.297166377E-1,1.614270061E-1
2.038050792E0,4.852418621E-1,2.109605241E-1,-1.544530320E-1
2.058046792E0,5.475980316E-1,2.426302135E-1,-4.250282586E-1
2.078043792E0,6.864618751E-1,3.069256121E-1,-4.397983253E-1
2.098040792E0,3.635966800E-1,-3.146971464E-2,-3.159414339E-1
2.118036792E0,-8.205547560E-2,-3.305641508E-1,-3.426620400E-1
2.138033792E0,-2.203829832E-1,-3.685295373E-1,-2.870854247E-1
2.158029792E0,-1.259176695E-1,-2.609641582E-1,-2.007466078E-1
2.178026792E0,2.709628969E-2,-1.131792909E-1,-2.190232497E-1
2.198023792E0,2.472549956E-2,-2.275210083E-2,-2.373531014E-1
2.218019792E0,-4.310296945E-2,5.264306724E-2,-1.777652961E-1
2.238016792E0,2.007787675E-2,1.178991634E-1,1.910150868E-1
2.258012792E0,9.619974408E-2,1.620836484E-1,4.500847471E-1
2.278009792E0,1.344989701E-1,2.145828742E-1,3.327130026E-1
2.298006792E0,1.082609785E-1,1.715070212E-1,1.885598409E-1
2.318002792E0,1.097033039E-1,1.314921856E-1,5.669811130E-2
2.337999792E0,1.825091422E-2,6.889891148E-2,-4.648361027E-2
2.357995792E0,-1.197497340E-1,-1.070987713E-1,-1.191849661E-1
2.377992792E0,-1.749590711E-1,-1.120794296E-1,-1.848924673E-1
2.397989792E0,-1.577811575E-1,-6.614253402E-2,-2.835583842E-1
2.417985792E0,-1.137315604E-1,-1.053492844E-1,-2.294348019E-1
2.437982792E0,2.072735988E-1,1.580502391E-3,1.440794867E-1
2.457978792E0,1.348526170E-1,-2.885659397E-2,-1.187803388E-2
2.477975792E0,3.203927730E-1,4.695559752E-1,8.840990067E-2
2.497972792E0,6.093681639E-1,2.550508690E-1,1.639652824E-1
2.517968792E0,3.144044933E-1,2.083187521E-1,1.125969082E-1
2.537965792E0,2.046122386E-1,1.443905586E-1,-2.918696165E-2
2.557961792E0,1.839434276E-1,1.313360649E-1,-1.543126988E-1
2.577958792E0,1.375234789E-1,4.448093891E-2,-2.302756315E-1
2.597955792E0,-4.026392698E-3,-1.053621483E-1,-2.224269140E-1
2.617951792E0,-1.809314903E-2,-2.304943174E-1,-1.697785842E-1
2.637948792E0,2.933657728E-2,-2.777544379E-1,1.101948720E-1
2.657944792E0,2.216423638E-3,-1.450431079E-1,7.013676703E-2
2.677941792E0,-2.429544051E-1,-3.526748121E-1,2.036784017E-1
2.697938792E0,-2.716713602E-1,-1.708831233E-1,-2.407965267E-1
2.717934792E0,-3.414565269E-1,-2.796518594E-1,8.152889729E-2
2.737931792E0,-2.516626268E-1,-2.147530282E-1,1.108702254E-1
2.757927792E0,-8.846391432E-2,-2.374671221E-2,2.829736626E-1
2.777924792E0,7.739732780E-2,1.359220362E-1,1.513101536E-1
2.797920792E0,1.398704051E-1,2.156786424E-1,-1.875786781E-3
2.817917792E0,3.416808772E-1,2.461198318E-1,-4.630059242E-2
2.837914792E0,3.864879446E-1,2.142454898E-1,-9.483716011E-2
2.857910708E0,2.504224323E-1,1.182646143E-1,-3.277422845E-2
2.877907708E0,4.336222038E-2,-5.123622715E-2,4.966391087E-2
2.897903708E0,2.618975200E-2,-1.413646245E-1,2.265117788E-1
2.917900708E0,6.651076242E-2,-1.314231884E-1,1.249134833E-1
2.937897708E0,1.311728180E-1,-2.236676931E-2,-3.473713875E-2
2.957893708E0,1.644917146E-1,3.145568132E-2,-1.733331066E-1
2.977890708E0,1.176385237E-1,-2.141835093E-3,-1.116473204E-1
2.997886708E0,1.917301282E-1,-1.318956435E-2,-2.007489467E-1
3.017883708E0,1.230618162E-1,-6.920355141E-2,-6.186061800E-2
3.037880708E0,1.117675903E-1,-8.669023454E-2,-1.453500867E-2
3.057876708E0,1.658376340E-2,-7.899588346E-3,1.177272552E-1
3.077873708E0,3.829085715E-3,-1.944023788E-2,6.925617635E-2
3.097869708E0,7.447094254E-2,2.347657084E-3,3.459680557E-2
3.117866708E0,2.850437231E-2,1.810356438E-2,2.270883143E-2
3.137862708E0,-5.072850611E-2,-3.526748121E-2,7.335565925E-2
3.157859708E0,2.909731653E-2,-4.563167095E-3,-6.128115892E-2
3.177856708E0,9.163233776E-2,9.401504159E-2,-2.444007504E-1
3.197852708E0,1.322668686E-1,6.887552261E-2,-1.262267679E-1
3.217849708E0,1.579936307E-1,-5.567134023E-3,1.121501809E-1
3.237845708E0,7.163051136E-2,-2.399229527E-2,2.138899791E-1
3.257842708E0,2.709256209E-2,-9.547626078E-2,3.874715924E-2
3.277838708E0,-2.090657339E-2,-6.453747332E-2,-2.836419994E-1
3.297835708E0,-2.755865827E-3,3.882668138E-2,-2.554788852E-1
3.317832708E0,1.993755088E-1,8.416306794E-2,3.369867325E-2
3.337828708E0,1.281161495E-1,-8.503605723E-3,8.903789163E-2
3.357825708E0,1.219773039E-2,-1.611551106E-2,3.604223728E-3
3.377821708E0,7.425232977E-4,-1.776618004E-2,6.985083818E-2
3.397818708E0,4.718629941E-3,-1.243819714E-2,-1.719081402E-2
3.417814708E0,4.044928372E-2,-3.825599313E-2,-6.799025416E-2
3.437811708E0,6.507929094E-2,-1.895667315E-3,-3.374662042E-2
3.457808708E0,6.763108894E-2,7.185058594E-3,-4.636549652E-2
3.477804708E0,5.965051666E-2,-4.091296792E-2,9.089496732E-3
3.497801708E0,7.653055117E-2,9.921555519E-3,-2.572190166E-2
3.517797708E0,1.272588746E-1,3.232808590E-2,3.138259113E-2
3.537794708E0,1.546822429E-1,2.233636379E-4,1.622766066E-1
3.557790708E0,1.865890369E-1,3.611591220E-2,2.226806831E-1
3.577787708E0,7.412113287E-2,-7.687334418E-3,-2.676855326E-2
3.597784708E0,-1.569706969E-2,-1.812286019E-2,-2.313784164E-1
3.617780708E0,7.160200618E-2,2.199196279E-2,-1.500313675E-1
3.637777708E0,1.231372453E-1,2.022727311E-2,-2.145460367E-2
3.657773708E0,2.713363878E-2,-4.621873140E-2,-2.299183667E-2
3.677770708E0,-1.013527125E-2,-6.422990978E-2,1.212244749E-2
3.697766708E0,7.647251755E-2,-4.339218736E-3,8.278312504E-2
3.717763708E0,8.983508639E-2,4.449789584E-2,3.784317970E-2
3.737760708E0,8.590246841E-2,6.855509520E-2,6.283242524E-2
3.757756708E0,1.047919717E-1,6.531807661E-2,-5.097134829E-2
3.777753708E0,1.285573950E-1,3.641996741E-2,-3.617496908E-2
3.797749708E0,1.030879468E-1,-3.776892006E-2,-9.641883194E-2
3.817746708E0,5.265498094E-2,-6.772303641E-2,-1.368833184E-2
3.837742708E0,3.393614329E-2,-1.499132538E-1,-8.770414174E-2
3.857740417E0,-3.705936044E-2,-1.018883175E-1,8.016591132E-2
3.877737417E0,4.501142755E-2,-3.380275369E-3,5.804004729E-2
3.897733417E0,3.639299713E-2,-2.493895948E-2,-3.226669014E-2
3.917730417E0,4.470598362E-2,-4.595385253E-2,-1.408600098E-1
3.937726417E0,6.032133847E-2,-2.220714033E-2,-1.144843894E-1
3.957723417E0,1.118059261E-1,-2.808125317E-2,-7.480986178E-2
3.977719417E0,6.689163543E-2,3.287246168E-2,-6.497075200E-2
3.997716417E0,2.153953448E-2,2.350405276E-2,5.740387022E-2
4.017713417E0,6.256623074E-2,5.636715889E-3,1.017848217E-1
4.037709417E0,6.842747971E-2,1.236744583E-2,8.491911292E-2
4.057706417E0,2.637510873E-2,-5.497786045E-2,6.746225059E-2
4.077702417E0,1.341789812E-3,-3.979264140E-2,7.620559216E-2
4.097699417E0,9.747323111E-2,-9.860744476E-3,1.593541682E-1
4.117695417E0,9.475464128E-2,-1.136464834E-2,-7.928649008E-2
4.137692417E0,3.539560832E-2,3.528794646E-3,-1.980434400E-1
4.157688417E0,5.750385761E-2,-1.745393872E-3,-1.813285893E-1
4.177685417E0,7.570697084E-2,-9.709301591E-3,-1.044172382E-1
4.197682417E0,7.119920611E-2,1.630379140E-2,-1.049733084E-1
4.217678417E0,1.526510663E-2,2.616804421E-2,-5.409317672E-2
4.237675417E0,2.567366213E-3,1.031214952E-2,2.534826458E-2
4.257671417E0,1.391315728E-2,-5.557603061E-2,1.745352942E-1
4.277668417E0,7.323279463E-2,-4.965747893E-2,1.865589237E-1
4.297664417E0,1.057878987E-1,-1.136406362E-2,-1.756491888E-1
4.317661417E0,-1.435549915E-2,3.128435791E-2,-2.520167488E-1
4.337658417E0,-1.952889629E-2,7.201723158E-2,-2.244477117E-1
4.357654417E0,-9.893715464E-2,-3.678717256E-2,3.537740886E-2
4.377651417E0,6.911876678E-2,3.898572564E-2,9.606624484E-2
4.397647417E0,4.105096221E-2,2.825140715E-2,2.668452877E-1
4.417644417E0,6.675100990E-2,1.442215741E-2,1.137727833E-1
4.437640417E0,6.077508241E-2,-7.818312049E-3,-1.015421623E-1
4.457637417E0,2.017815650E-2,-3.203923345E-2,-1.863846767E-1
4.477633417E0,3.324032463E-2,1.670783401E-2,-6.049880147E-2
4.497630417E0,8.381281972E-2,-3.278709233E-2,1.422089624E-1
4.517627417E0,1.325923392E-1,1.436953247E-2,2.437177956E-2
4.537623417E0,1.221992788E-1,2.402679384E-2,-6.581099689E-2
4.557620417E0,1.451699924E-1,2.333272934E-2,-1.810736507E-1
4.577616417E0,1.267547715E-1,-5.060121953E-2,-6.987422705E-3
4.597613417E0,1.193183557E-1,3.477046788E-2,1.252151996E-1
4.617609417E0,6.766522206E-2,3.322037101E-2,9.524471104E-2
4.637606417E0,7.893616877E-2,-3.123699546E-2,-1.446425736E-1
4.657602417E0,2.877999544E-2,-4.796471000E-3,-1.293871880E-1
4.677599417E0,5.270058922E-2,1.867776096E-2,-8.426539421E-2
4.697596417E0,7.848728534E-2,-4.364478707E-2,4.606436491E-2
4.717592417E0,1.380963964E-1,-1.096820712E-2,5.771669626E-2
4.737589417E0,1.288534103E-1,3.868167043E-2,5.926737785E-3
4.757585417E0,1.423754985E-1,1.436251581E-2,4.330915689E-2
4.777582417E0,2.028728016E-1,4.923238635E-2,6.575661778E-2
4.797578417E0,1.306301598E-1,2.708781123E-2,-1.243293464E-2
4.817575417E0,6.362209171E-3,-2.368122339E-4,-6.649921417E-2
4.837571417E0,-2.661140934E-3,-2.814674199E-2,-1.296643460E-1
4.857567292E0,7.537528753E-2,-5.774710178E-2,-3.086218894E-2
4.877563292E0,1.191696902E-1,5.461299419E-3,1.549570620E-2
4.897560292E0,7.311146490E-2,-6.243422985E-2,-1.163595915E-3
4.917557292E0,3.905647695E-2,1.864501655E-2,-1.850234449E-2
4.937553292E0,3.724362083E-2,3.705322087E-2,3.841269851E-2
4.957550292E0,1.440092470E-1,6.040173769E-2,7.802173734E-2
4.977546292E0,8.048246495E-2,3.621414542E-2,-8.477585614E-2
4.997543292E0,6.788544282E-3,5.611572862E-3,-1.040161192E-1
5.017539292E0,5.793231234E-2,6.022047400E-3,-1.303128022E-1
5.037536292E0,1.084220693E-1,2.615985811E-2,-8.259484470E-2
5.057532292E0,1.004803079E-1,4.620528281E-2,-2.843500972E-2
5.077529292E0,5.342147782E-2,1.713701963E-2,3.747129679E-2
5.097525292E0,8.464509778E-2,-1.844504178E-2,3.400097430E-2
5.117522292E0,1.264535302E-1,-1.690430045E-2,4.402017832E-2
5.137519292E0,9.738004111E-2,-1.811467409E-2,-7.464146197E-2
5.157515292E0,8.748424988E-2,9.642643332E-3,-1.033255631E-1
5.177512292E0,1.161341082E-1,-3.878224254E-2,5.929778337E-2
5.197508292E0,6.478287365E-2,3.070022106E-2,-8.525123477E-2
5.217505292E0,-1.703586280E-2,3.342853189E-3,-6.421763062E-2
5.237501292E0,9.758674018E-3,5.825464010E-2,-7.252476990E-2
5.257498292E0,5.918566301E-2,1.276154816E-2,-1.205052674E-2
5.277494292E0,4.145833042E-2,1.292176187E-2,-8.340819240E-2
5.297491292E0,5.066981468E-2,3.755374253E-2,-4.425348222E-2
5.317487292E0,1.317078382E-1,1.293170214E-2,8.439812601E-2
5.337484292E0,1.760697132E-1,-1.987351656E-2,1.086354196E-1
5.357480292E0,9.400385879E-2,-9.802973986E-2,1.271979904E-1
5.377477292E0,7.005391929E-2,-4.600004554E-2,-1.273927027E-1
5.397474292E0,2.962221377E-2,-6.502045333E-2,-1.908104342E-1
5.417470292E0,6.483648531E-3,-7.725399792E-2,-2.611571163E-1
5.437467292E0,1.741183877E-2,-1.209841543E-1,-7.333051622E-2
5.457463292E0,3.636047199E-2,-9.828058541E-2,-9.806248426E-2
5.477460292E0,6.006735004E-3,-1.703293920E-2,-1.410026819E-1
5.497456292E0,-4.399974961E-2,-1.811175048E-2,3.175739765E-2
5.517453292E0,1.326560008E-1,5.544914603E-3,7.652485013E-2
5.537449292E0,1.228514992E-1,3.534700334E-2,1.451694077E-1
5.557446292E0,8.799098421E-2,2.186449349E-2,-1.317026854E-2
5.577442292E0,6.849227417E-2,-1.037296057E-3,-4.862544537E-2
5.597439292E0,6.882816017E-2,1.121671379E-2,-8.546875119E-2
5.617435292E0,-1.749936428E-2,1.777553558E-3,-3.620011210E-3
5.637432292E0,-3.511358980E-2,1.138511360E-2,6.210210800E-2
5.657428292E0,8.820495576E-2,1.903385639E-2,-2.685216844E-2
5.677425292E0,1.055809072E-1,-1.935019076E-2,-5.097251773E-2
5.697422292E0,1.007983965E-1,-6.373991311E-2,9.977104068E-2
5.717418292E0,9.284713335E-2,-1.023204267E-2,2.323508084E-2
5.737415292E0,5.117961880E-2,-4.183741271E-2,-8.818946064E-2
5.757411292E0,1.509228487E-2,1.308022141E-2,-2.024218351E-1
5.777408292E0,-5.632169679E-2,-3.878516614E-2,-1.476538897E-1
5.797404292E0,4.672831625E-2,-4.421313643E-2,-3.218541384E-2
5.817401292E0,5.696021274E-2,2.493077338E-2,8.741353512E-2
5.837397292E0,6.798393186E-2,5.547662795E-2,1.030016273E-1
5.857394292E0,2.730054025E-2,-1.030864120E-3,7.159447789E-2
5.877390792E0,1.315718539E-1,-1.013439417E-2,5.331842065E-2
5.897387792E0,1.560314879E-1,2.635340095E-3,-3.022367299E-2
5.917383792E0,9.339037623E-2,3.077038765E-2,-1.391228020E-1
5.937380792E0,7.567130283E-2,3.479502618E-2,-3.050153267E-1
5.957376792E0,-2.282102488E-2,-7.126177132E-2,-9.557800233E-2
5.977373792E0,9.250251308E-2,-9.133350849E-4,1.270062017E-1
5.997369792E0,1.284925640E-3,-1.573193371E-2,2.564132702E-1
6.017366792E0,6.575259782E-2,8.933960795E-3,8.497641563E-2
6.037362792E0,5.822957017E-2,2.873614132E-2,-1.355033755E-1
6.057359792E0,9.804077648E-2,5.677295566E-2,-1.647716135E-1
6.077356792E0,2.938942149E-2,8.613533378E-3,1.170261741E-1
6.097352792E0,9.946201533E-2,2.404492021E-2,1.904742193E-1
6.117349792E0,6.486199379E-2,-1.013205528E-2,6.162497520E-2
6.137345792E0,1.009800987E-1,9.085988402E-3,-1.390479577E-1
6.157342792E0,-4.239889160E-3,-4.636666596E-2,-8.632361412E-2
6.177338792E0,4.732158937E-2,-1.201018095E-2,-6.442462206E-3
6.197335792E0,4.431202747E-2,-6.727806330E-3,1.459932804E-2
6.217331792E0,5.881290302E-2,-7.523086131E-2,-1.100153625E-2
6.237328792E0,1.716138791E-1,1.992672622E-2,-3.017514110E-2
6.257324792E0,1.498389941E-1,-1.186166167E-2,3.364487886E-3
6.277321792E0,1.594048197E-1,-3.573350430E-2,-1.494858223E-1
6.297317792E0,1.608349755E-3,-6.108937025E-2,-2.406363130E-2
6.317314792E0,1.047514797E-1,2.118153870E-2,5.720272601E-2
6.337310792E0,6.996960975E-2,-8.855608106E-3,6.830191076E-2
6.357307792E0,-1.222433522E-2,-5.161454201E-2,-1.393683851E-2
6.377303792E0,4.281908713E-2,3.637669802E-2,-1.128138399E-1
6.397300792E0,1.176637398E-1,-6.608523130E-3,-3.038213253E-2
6.417296792E0,1.641091239E-1,-5.403587401E-2,9.158669293E-2
6.437293792E0,1.696740653E-1,-2.330173910E-2,-5.483518839E-3
6.457289792E0,3.493141249E-2,-6.365688264E-2,-1.082343006E-1
6.477286792E0,-3.729938865E-3,-5.377041042E-2,-1.170086324E-2
6.497282792E0,6.291677132E-2,-4.139243960E-3,1.279844409E-1
6.517279792E0,5.334743746E-2,2.074416697E-2,4.722269833E-2
6.537275792E0,3.618355718E-2,-4.733438015E-2,-6.599635363E-2
6.557272792E0,1.512915887E-2,-1.721946537E-2,-9.446820080E-2
6.577268792E0,1.107525137E-1,4.600647748E-2,-9.254154325E-2
6.597265792E0,1.057505861E-1,1.346029043E-2,-1.297310042E-1
6.617261792E0,1.340113854E-1,-7.505486012E-3,-5.375403821E-2
6.637258792E0,9.952611543E-2,3.666028798E-2,4.931307793E-2
6.657254792E0,4.099175915E-2,1.242533326E-2,2.394259393E-2
6.677251792E0,4.230014674E-2,-1.499869287E-2,6.937429011E-2
6.697247792E0,1.720981016E-1,9.551134408E-2,1.441432214E-1
6.717244792E0,8.117667563E-2,-1.166987300E-2,1.340737313E-1
6.737240792E0,8.411650948E-2,-2.151073694E-2,-7.225345910E-2
6.757237792E0,9.334538922E-2,2.392914534E-2,-6.306806803E-2
6.777233792E0,1.137554609E-1,-1.157807171E-2,-1.166168690E-2
6.797230792E0,7.574760899E-2,-3.310050309E-2,-9.588732004E-2
6.817226792E0,-1.282608680E-2,-1.029758996E-1,-1.714029408E-1
6.837223792E0,7.534488201E-2,-5.249513268E-2,-1.138663387E-1
6.857220792E0,3.128684297E-2,-2.473372221E-3,1.125390208E-1
6.877216333E0,1.526603488E-1,3.087680697E-2,3.555107117E-2
6.897212333E0,7.492147051E-2,-3.905998528E-2,9.569319248E-2
6.917209333E0,1.053386863E-1,6.091863155E-2,1.657685637E-2
6.937205333E0,6.177883007E-2,1.165467024E-2,4.048846006E-2
6.957202333E0,2.093374101E-1,6.910356402E-2,-1.227944523E-1
6.977199333E0,7.135379188E-2,1.603306532E-3,-1.887609851E-1
6.997195333E0,6.091293052E-2,-4.677187800E-3,-3.228072345E-2
7.017192333E0,1.979428679E-2,4.235138297E-3,2.091315150E-1
7.037188333E0,1.144792731E-1,-3.205092788E-2,1.064304346E-1
7.057185333E0,5.784562737E-2,-4.034169495E-2,-1.476310855E-1
7.077181333E0,9.666551135E-2,1.748960674E-2,-3.051732016E-1
7.097178333E0,1.996363677E-2,1.240369856E-2,-1.848924673E-1
7.117174333E0,1.404778942E-2,6.587356210E-2,4.914643228E-2
7.137170333E0,-7.834676944E-2,-3.089317918E-2,1.029133344E-1
7.157167333E0,8.146399319E-2,2.271935642E-2,-3.120074272E-2
7.177163333E0,1.202580763E-1,-1.425200343E-2,-2.213521957E-2
7.197160333E0,8.667799193E-2,-6.035729885E-2,-1.129097342E-2
7.217156333E0,9.395028368E-2,-3.308939338E-2,6.173314869E-2
7.237153333E0,1.621877289E-1,6.267571986E-2,1.542600739E-1
7.257149333E0,8.128806509E-2,8.066233993E-3,1.614299297E-1
7.277146333E0,1.186279457E-1,2.520442307E-2,-2.863615394E-2
7.297142333E0,1.282541437E-1,3.293795049E-2,1.341117382E-2
7.317139333E0,1.805139991E-1,-6.290142238E-2,-1.105170536E-1
7.337135333E0,1.619859999E-1,-1.307671309E-2,-2.061915350E-1
7.357132333E0,5.798413329E-2,-5.917499185E-2,-1.042277884E-1
7.377128333E0,-2.086871266E-3,-2.284273267E-2,-1.113251388E-2
7.397125333E0,7.252952076E-2,3.118378580E-2,4.093752623E-2
7.417121333E0,6.999899201E-2,1.314395607E-2,-5.355113983E-2
7.437118333E0,-3.630967431E-2,2.339470983E-3,6.041577101E-2
7.457114333E0,3.192616291E-2,3.954355001E-2,9.315783978E-2
7.477111333E0,6.938028350E-2,-2.865778863E-2,6.588467181E-2
7.497107333E0,1.102296630E-1,-3.435239196E-3,1.004393774E-1
7.517104333E0,9.751726795E-2,-2.168147564E-3,-1.182657838E-2
7.537100333E0,4.340110436E-2,2.503193021E-3,-1.151065332E-1
7.557097333E0,6.393692773E-2,3.952717781E-4,-9.653811514E-2
7.577093333E0,8.024546999E-2,-2.063073099E-2,-1.480210948E-1
7.597090333E0,1.916593038E-2,-5.506381452E-2,-7.602257431E-2
7.617086333E0,5.509027317E-3,-5.810962915E-3,8.321757317E-3
7.637083333E0,7.250255048E-2,-7.671546936E-3,1.003966928E-1
7.657079333E0,1.106786560E-2,3.933421969E-2,1.064590859E-1
7.677076333E0,3.596414041E-2,7.683884561E-2,5.756232977E-2
7.697072333E0,6.203855608E-2,4.868216336E-2,5.708636642E-3
7.717069333E0,9.713303279E-2,6.010352969E-3,2.050443113E-2
7.737065333E0,3.833028931E-2,-2.226385832E-2,-7.698502600E-2
7.757062333E0,-6.036701985E-2,-1.150965929E-2,-6.163842380E-2
7.777058333E0,8.843438588E-3,-2.754447877E-2,-2.779883265E-2
7.797055333E0,1.072772941E-1,6.802826107E-2,-1.970336258E-2
7.817051333E0,2.620711092E-2,-9.769527912E-3,-7.289606810E-2
7.837048333E0,6.434192050E-2,-5.615899801E-2,-1.188756484E-1
7.857044333E0,2.045697366E-1,1.766853154E-2,1.792054653E-2
7.877041417E0,-1.317320311E-1,-1.658919400E-1,-4.164556557E-1
7.897037417E0,2.251434573E-1,-6.295112371E-3,3.059011799E-1
7.917034417E0,3.372092921E-1,1.900286615E-1,-8.634583354E-3
7.937030417E0,4.043404441E-2,1.043143272E-2,-1.221027267E-1
7.957027417E0,-9.851575311E-2,-1.508938318E-1,-1.535139692E-1
7.977023417E0,-2.503668107E-3,-8.426890254E-2,-1.366266257E-1
7.997020417E0,5.785300948E-2,1.055948675E-2,-1.525521022E-1
8.017016417E0,9.553995889E-2,3.223979294E-2,8.117338657E-2
8.037012417E0,2.346421495E-1,1.022531837E-1,2.070645243E-1
8.057009417E0,1.487790767E-1,6.380130887E-2,1.373475873E-1
8.077005417E0,4.890406519E-2,-1.877716362E-2,-1.056860840E-1
8.097002417E0,8.028475598E-2,1.757906914E-2,-1.626233464E-1
8.116998417E0,1.695476558E-1,3.099609017E-2,-7.706981063E-2
8.136995417E0,5.513339639E-3,-7.567817330E-2,-5.645837545E-2
8.156991417E0,-8.771664016E-3,-7.898886681E-2,7.166932225E-3
8.176988417E0,7.449582975E-2,1.764689684E-2,8.768133759E-2
8.196984417E0,5.490217555E-2,-9.226906300E-4,6.414395571E-2
8.216981417E0,6.967480045E-2,3.395770490E-2,4.115621209E-2
8.236977417E0,5.689501628E-2,1.761415243E-2,-7.907774448E-3
8.256974417E0,-1.885401797E-2,2.850517631E-3,-9.231233239E-2
8.276970417E0,-1.658083979E-2,2.642473698E-2,-1.332299781E-1
8.296967417E0,-2.254952769E-1,-2.062049836E-1,-1.443455350E-1
8.316963417E0,-1.529902779E-1,-7.490166306E-2,-3.226429278E-1
8.336960417E0,-6.232424372E-1,-6.294334692E-1,-4.934453595E-1
8.356956417E0,-2.192618527E-1,-6.135231954E-1,-1.919336843E-1
8.376953417E0,-1.290699034E-1,-3.618297976E-1,3.442355257E-1
8.396949417E0,-2.151983302E-1,-2.484633958E-1,2.587188274E-1
8.416945417E0,-3.252364603E-1,-2.303241634E-1,1.756158596E-1
8.436942417E0,-2.055476652E-1,-3.708830416E-2,3.247543573E-2
8.456938417E0,1.187292579E-1,2.590860325E-1,2.524055886E-1
8.476935417E0,5.036940667E-1,4.130999386E-1,3.366171885E-1
8.496931417E0,4.519057528E-1,3.582261586E-1,-7.199910522E-2
8.516928417E0,4.108388569E-1,4.115744001E-1,-2.326987177E-1
8.536924417E0,4.820398537E-1,3.594581670E-1,-5.089831656E-1
8.556921417E0,3.892915018E-1,1.116946828E-1,-3.873435384E-1
8.576917417E0,1.499263461E-1,-3.155993718E-1,3.871727997E-1
8.596914417E0,1.459843086E-1,-4.421325338E-1,1.478696519E-1
8.616910417E0,5.691799219E-1,6.953158021E-2,-1.019847965E-1
8.636907417E0,5.805563743E-1,2.832262623E-1,-2.378694105E-1
8.656903417E0,1.527109820E-1,-2.012611628E-3,-7.502503932E-2
8.676899417E0,-4.456148431E-2,-7.405147791E-2,1.050855750E-1
8.696896417E0,-1.366110757E-1,1.115999579E-2,-8.469867289E-2
8.716892417E0,2.822883507E-1,1.292293131E-1,-1.563890451E-1
8.736889417E0,2.629182428E-1,1.692850792E-1,-5.816810131E-3
8.756885417E0,1.859129891E-1,-1.692067266E-2,7.835210502E-2
8.776882417E0,-2.917385658E-1,-1.179371703E-1,-6.976663828E-2
8.796878417E0,-2.584119399E-1,-2.511180317E-1,-3.293298036E-1
8.816875417E0,-3.380176697E-2,-3.603346646E-2,-1.012971640E-2
8.836871417E0,-3.662001528E-4,8.599324644E-2,4.084864855E-2
8.856868417E0,-9.037758010E-2,1.183359504E-2,2.541322714E-1
8.876864417E0,-1.462164065E-1,-3.698363900E-2,1.404162061E-1
8.896861417E0,-1.230055368E-1,-6.983329654E-3,9.340342283E-3
8.916857417E0,-1.037977623E-2,2.605519295E-2,2.087280571E-2
8.936853417E0,-3.066765938E-2,-4.760510623E-2,6.656294882E-2
8.956850417E0,8.273481242E-2,4.517383397E-2,-2.016880095E-2
8.976846417E0,8.855198801E-2,3.707076252E-2,-1.739499879E-1
8.996843417E0,1.356397070E-1,-5.416275859E-3,-1.022046518E-1
9.016839417E0,1.447530129E-1,-5.413410723E-2,4.381903410E-2
9.036836417E0,1.135295757E-1,5.626658678E-2,-2.816574544E-1
9.056832417E0,7.120194700E-2,1.509517193E-2,-2.830105001E-1
9.076829417E0,1.626657388E-1,-2.689894617E-2,8.972318530E-2
9.096825417E0,7.080868520E-3,2.907820344E-3,1.957180023E-1
9.116822417E0,-7.610520277E-2,-1.304689229E-2,-3.368352896E-1
9.136818417E0,4.570492560E-1,2.725773132E-1,-6.712276125E-1
9.156814417E0,3.243343811E-1,-3.145802021E-4,5.141842639E-1
9.176811417E0,6.216174960E-3,1.562662536E-1,7.618530232E-1
9.196807417E0,-2.954915646E-1,-9.848289907E-2,-2.707933277E-1
9.216804417E0,1.789149683E-1,3.570953071E-2,-4.371723408E-1
9.236800417E0,1.214096855E-1,-1.364781064E-1,-2.189840734E-1
9.256797417E0,1.551583889E-1,-1.719783068E-2,3.149304503E-1
9.276793417E0,-8.843561014E-2,1.218331701E-1,3.670975542E-1
9.296790417E0,-3.481415754E-1,-1.170799685E-1,-2.058383632E-1
9.316786417E0,1.024843315E-2,-1.086646557E-2,-4.436574876E-2
9.336782417E0,3.580660911E-1,1.587589216E-1,-8.368418097E-2
9.356779417E0,2.535332242E-1,8.012615025E-2,-2.441715395E-1
9.376775417E0,1.871626305E-1,1.749545395E-2,-8.235920191E-2
9.396772417E0,1.872875964E-2,-2.481616795E-2,1.469925696E-1
9.416768417E0,5.662023369E-3,-3.083178341E-2,1.494308585E-1
9.436765417E0,1.305710847E-1,-1.847661674E-2,3.870973706E-2
9.456761417E0,1.752574619E-1,6.147996426E-2,5.721266627E-2
9.476758417E0,1.641279995E-1,7.003970325E-2,-1.663766742E-2
9.496754417E0,1.950804000E-1,1.281668741E-1,-1.316091299E-2
9.516750417E0,1.079477688E-1,6.721432865E-2,-1.103778899E-2
9.536747417E0,5.866931733E-3,-3.458628058E-2,6.662317514E-2
9.556743417E0,2.564241607E-3,-3.029150069E-2,-6.420944452E-2
9.576740417E0,3.336286948E-2,-1.767964125E-2,-9.517454445E-2
9.596736417E0,8.363621553E-2,-3.069729745E-2,-8.650312364E-2
9.616733417E0,1.279793246E-1,5.747812986E-3,-2.879168987E-2
9.636729417E0,1.182585661E-1,-1.911864102E-2,-4.843131781E-2
9.656726417E0,2.145485949E-1,9.569553137E-3,-2.968865275E-2
9.676722417E0,1.255848258E-1,3.841445267E-2,-2.374144971E-2
9.696718417E0,9.913628887E-2,2.507286072E-3,4.706306934E-2
9.716715417E0,1.758287896E-2,-2.816603780E-2,1.195013005E-1
9.736711417E0,8.147863864E-2,-3.757596195E-2,8.525415838E-2
9.756708417E0,1.604856775E-1,1.594243348E-2,9.523710966E-2
9.776704417E0,5.148464246E-2,2.578388214E-2,-7.579511762E-2
9.796701417E0,4.542414961E-2,-3.926990032E-2,-2.431646490E-1
9.816697417E0,8.673310194E-2,-1.097054601E-2,-2.379734910E-1
9.836693417E0,5.320902290E-2,-2.526114106E-2,-2.114119291E-2
9.856690417E0,1.718328573E-2,5.485857725E-3,6.137705326E-2
9.876686792E0,2.774339374E-3,-3.614982605E-2,3.330223203E-2
9.896683792E0,9.750716323E-2,-6.554728746E-3,-1.436836302E-2
9.916679792E0,8.256818505E-2,6.694711089E-2,4.692039728E-2
9.936676792E0,1.132577715E-1,2.452731550E-2,1.326540273E-1
9.956672792E0,5.989118440E-2,-4.905229211E-3,4.218239844E-2
9.976669792E0,1.222558141E-1,2.551374078E-2,4.579539299E-3
9.996665792E0,2.281348563E-1,3.223979294E-2,7.101443410E-3
1.001666179E1,1.158993608E-1,2.339587927E-2,-4.516974092E-2
1.003665879E1,-6.769285016E-3,-4.689408481E-2,-1.113356638E-1
1.005665479E1,-4.943893924E-2,-8.903379858E-2,-6.639104068E-2
1.007665179E1,1.236317005E-2,-1.308121544E-1,-5.340554416E-2
1.009664779E1,5.440214725E-2,-1.068163508E-1,-8.479573667E-2
1.011664479E1,8.503010038E-2,2.506642878E-2,-2.356837213E-2
1.013664079E1,1.641182237E-1,4.542701840E-2,-1.064023679E-1
1.015663679E1,2.834778571E-2,-2.284799516E-2,-1.068742383E-1
1.017663379E1,7.183796874E-2,5.844876766E-2,-5.036908507E-2
1.019662979E1,-1.733947948E-2,2.861685812E-2,9.730410039E-2
1.021662679E1,1.592886611E-2,-1.410114527E-2,1.226897871E-1
1.023662279E1,4.902793480E-2,3.323381960E-2,8.748545587E-2
1.025661979E1,1.562547053E-1,8.653235972E-2,-5.830141783E-2
1.027661579E1,3.539237408E-2,-4.653506577E-2,-6.883108377E-2
1.029661179E1,5.310599313E-2,-1.051855624E-2,-1.245468628E-1
1.031660879E1,1.953152753E-4,-1.360997915E-2,7.495077968E-2
1.033660479E1,8.147286451E-2,-1.014667332E-2,5.444225550E-2
1.035660179E1,7.168973269E-2,-5.177592516E-2,-2.104179025E-2
1.037659779E1,9.847074782E-2,-1.923967838E-2,-6.135307968E-2
1.039659379E1,1.146161893E-1,2.282577574E-2,-7.203068018E-2
1.041659079E1,6.691293209E-2,5.927322507E-3,-7.791122496E-2
1.043658679E1,3.235889342E-2,-1.233177781E-2,-1.075811666E-1
1.045658379E1,5.543042581E-2,-1.712590992E-2,-8.893790424E-2
1.047657979E1,5.708929459E-2,-1.735453606E-2,2.255446494E-2
1.049657679E1,9.337834376E-2,-2.594175696E-2,4.937739730E-2
1.051657279E1,1.059619447E-1,-2.913316727E-2,7.024260163E-3
1.053656879E1,1.499462723E-1,-2.251938164E-2,-5.386338115E-2
1.055656579E1,1.579887702E-1,6.410477936E-2,-4.361905932E-2
1.057656179E1,-9.484001063E-4,-8.955010772E-3,-8.478696585E-2
1.059655879E1,1.363945277E-2,-5.031178236E-2,-1.472913623E-2
1.061655479E1,5.935456075E-2,-2.740122199E-2,1.275277734E-3
1.063655179E1,4.873535018E-2,3.519556046E-2,-3.549552262E-2
1.065654779E1,5.240465616E-2,2.343856394E-2,-1.019660854E-1
1.067654379E1,1.573396014E-1,6.485731602E-3,1.163595915E-4
1.069654079E1,1.359510347E-1,-2.365081787E-2,-7.220726609E-3
1.071653679E1,5.450397560E-2,-7.506596982E-2,-5.940069437E-2
1.073653379E1,1.213233842E-1,-2.308129907E-2,-4.486802459E-2
1.075652979E1,5.786670932E-2,1.614258367E-1,-7.272217190E-1
1.077652579E1,2.502319045E-1,-1.192387605E-1,4.435183239E-1
1.079652279E1,2.241132692E-1,1.330837977E-1,8.582607454E-1
1.081651879E1,3.837959778E-2,8.501442254E-2,3.542459589E-1
1.083651579E1,-5.282358175E-1,-2.164165610E-1,-6.990773159E-1
1.085651179E1,-2.130531466E-2,-1.172700030E-1,-2.612635356E-1
1.087650792E1,4.147806111E-1,2.226157790E-1,9.962778389E-2
1.089650492E1,1.803102236E-1,1.138873887E-1,1.202082288E-1
1.091650092E1,-8.713398339E-2,-2.130316079E-2,-3.383959115E-2
1.093649792E1,6.448235418E-2,5.366983831E-2,-1.136453140E-1
1.095649392E1,1.112148000E-1,7.251424491E-2,-2.324560583E-1
1.097649092E1,1.208447348E-1,4.911778092E-2,-1.345801002E-1
1.099648692E1,5.314512836E-2,2.133298159E-2,4.794716835E-2
1.101648292E1,9.970712330E-2,-7.944611907E-3,7.834742725E-2
1.103647992E1,1.032005057E-1,-1.983784854E-2,8.731822550E-2
1.105647592E1,9.818534888E-2,9.355545044E-5,1.108708102E-1
1.107647292E1,1.389260615E-1,1.144767880E-2,4.958321929E-2
1.109646892E1,1.829367015E-1,4.589830399E-2,5.334765673E-2
1.111646492E1,1.815531772E-1,7.790069997E-2,-9.646093190E-2
1.113646192E1,1.320881356E-1,4.987382591E-2,5.448084712E-2
1.115645792E1,1.966975571E-1,6.932283461E-2,7.604011595E-2
1.117645492E1,1.433900452E-1,8.877242804E-2,2.688959062E-2
1.119645092E1,6.267217498E-2,4.978494823E-2,-7.936425805E-3
1.121644692E1,2.441601192E-1,1.568521446E-1,2.017809802E-1
1.123644392E1,3.999666537E-1,8.519276261E-2,4.467857480E-2
1.125643992E1,2.327774176E-1,6.066252351E-2,9.116920173E-2
1.127643692E1,-2.819859948E-2,-9.236203372E-2,-1.171951586E-1
1.129643292E1,-8.510938497E-2,-1.948455977E-1,-3.418182868E-1
1.131642892E1,-5.791520923E-3,-1.019362646E-1,-1.440642840E-1
1.133642592E1,-8.657778528E-2,-1.359635514E-1,-1.921465230E-1
1.135642192E1,-2.485516157E-2,-1.339591259E-1,-6.656353354E-2
1.137641892E1,-1.291861899E-2,-3.491080105E-2,3.966049433E-2
1.139641492E1,1.677833681E-1,2.945184052E-2,2.926648378E-2
1.141641092E1,8.637295000E-2,3.977568448E-2,-1.701077825E-1
1.143640792E1,2.753273318E-1,1.130822271E-1,-1.053451914E-1
1.145640392E1,3.541261641E-1,2.250827193E-1,-2.783333123E-1
1.147640092E1,2.893270279E-1,1.667614210E-1,-3.459592849E-1
1.149639692E1,1.291806351E-1,-1.820413649E-2,-4.793980086E-1
1.151639292E1,-5.576928109E-3,-1.325312358E-1,-1.700534034E-1
1.153638992E1,9.658423506E-2,-6.747686863E-3,-1.574000287E-1
1.155638592E1,8.547858182E-2,-2.793624222E-2,1.594336903E-1
1.157638292E1,-4.109320834E-2,-2.229864925E-1,3.331416035E-1
1.159637892E1,-4.102735408E-2,-1.753609210E-1,2.181923604E-1
1.161637492E1,-4.021956123E-2,-1.561346912E-1,-3.220880270E-2
1.163637192E1,-5.224743001E-3,-1.064783818E-1,-4.725310385E-2
1.165636792E1,1.322059114E-2,-1.134166878E-1,-3.740113020E-2
1.167636492E1,-1.100942268E-1,-1.865396279E-1,9.688485503E-2
1.169636092E1,-1.659280100E-1,-1.272693264E-1,1.039430290E-1
1.171635692E1,-5.263966855E-2,-5.203437209E-3,6.901176274E-2
1.173635392E1,-4.918933623E-2,1.312758386E-2,3.011608422E-2
1.175634992E1,4.267192002E-2,1.863741517E-2,1.438935453E-1
1.177634692E1,2.105380262E-1,9.638667226E-2,1.953133750E-1
1.179634292E1,1.135139344E-1,1.247942001E-1,-6.433048189E-2
1.181633892E1,8.285957739E-2,8.601780474E-2,-1.267261201E-1
1.183633592E1,1.585275181E-1,6.242195070E-2,1.235370487E-1
1.185633192E1,4.552108549E-2,2.894371748E-3,2.514302731E-2
1.187632946E1,-6.605994210E-2,-1.264665037E-1,-1.042997092E-1
1.189632546E1,5.170952272E-2,-1.097873211E-1,-9.616564751E-2
1.191632146E1,1.323213208E-1,-6.842236340E-2,-7.702771068E-2
1.193631846E1,1.594461887E-1,-7.509462118E-2,-9.546573579E-2
1.195631446E1,1.896738086E-1,-1.217448771E-2,-4.957912624E-2
1.197631146E1,1.949717880E-1,3.629483700E-2,1.001101792E-2
1.199630746E1,8.517215118E-2,4.995568693E-2,-2.437177956E-2
1.201630346E1,-1.752231460E-2,1.863156796E-2,-1.248310375E-1
1.203630046E1,-8.832767420E-3,2.341575980E-2,-2.028475124E-1
1.205629646E1,7.650460415E-3,-1.273523569E-3,-7.783345699E-2
1.207629346E1,5.467340324E-2,-5.545557797E-2,5.164962530E-2
1.209628946E1,6.142657187E-2,-1.159157878E-1,1.937241018E-2
1.211628546E1,5.677226130E-2,-6.182494998E-2,-9.514589310E-3
1.213628246E1,1.670400042E-1,-3.059497118E-2,8.058164835E-2
1.215627846E1,1.800274742E-1,3.509849668E-2,3.378988981E-2
1.217627446E1,9.093312040E-2,-1.556938112E-2,-1.448144817E-1
1.219627146E1,-7.558805309E-3,5.177709460E-3,-1.764052337E-1
1.221626746E1,-6.372039802E-3,-9.353790879E-3,-1.278809452E-1
1.223626446E1,5.057900012E-2,-3.495640934E-2,3.405067563E-2
1.225626046E1,6.621964417E-2,1.846843064E-2,1.337837094E-1
1.227625646E1,1.840107802E-2,5.192327499E-4,6.680853188E-2
1.229625346E1,4.509953778E-2,3.582004309E-3,3.923013926E-2
1.231624946E1,1.302547320E-1,4.331968188E-2,6.847674251E-2
1.233624646E1,1.037470377E-1,4.593864977E-2,-3.704386532E-2
1.235624246E1,6.660289261E-2,4.851083994E-2,-1.795329094E-2
1.237623846E1,3.985718004E-2,9.603466988E-3,-4.552875996E-2
1.239623546E1,4.910930246E-3,2.724100828E-2,-3.216085553E-2
1.241623146E1,-1.032749847E-2,-3.303735316E-2,3.866763711E-2
1.243622746E1,-9.615051784E-3,-3.864424825E-2,1.128612024E-1
1.245622446E1,4.968715355E-2,-3.433485031E-3,1.029145038E-1
1.247622046E1,6.240506686E-2,2.888524532E-2,-4.627018690E-2
1.249621746E1,6.525434196E-2,4.305421829E-2,-1.133067602E-1
1.251621346E1,9.840312112E-2,-4.197774589E-2,-4.135969520E-2
1.253620946E1,9.556119159E-2,-1.867600679E-2,-4.322905004E-2
1.255620646E1,9.987892181E-2,-1.053025067E-2,2.460508347E-2
1.257620246E1,1.295204679E-1,3.580191672E-2,3.911319494E-2
1.259619946E1,1.196411585E-1,6.568586648E-2,-9.446644664E-2
1.261619546E1,1.062324698E-1,4.635555625E-2,-1.441139853E-1
1.263619146E1,1.043446231E-1,-7.974432707E-3,-2.389406204E-2
1.265618846E1,1.397980092E-1,2.747606635E-2,-1.880581498E-2
1.267618446E1,1.020499199E-1,1.531970501E-4,1.601143062E-2
1.269618046E1,6.219080295E-2,-2.288366318E-2,-1.877716362E-2
1.271617746E1,5.548382733E-2,-5.031236708E-2,2.451152802E-2
1.273617346E1,1.402545672E-1,-1.521387041E-2,-4.056096554E-2
1.275617046E1,1.781602024E-1,9.340342283E-3,-8.601663530E-2
1.277616646E1,1.313876666E-1,-1.483087778E-2,-6.289499044E-2
1.279616246E1,9.133950189E-2,-4.702272356E-2,-2.481733739E-2
1.281615946E1,9.046486806E-2,-4.297703505E-3,-1.664000630E-2
1.283615546E1,7.050309509E-2,1.746329427E-2,-9.630715013E-2
1.285615146E1,5.916874263E-2,3.151649237E-4,-1.092867994E-1
1.287614783E1,7.680390850E-2,-3.379164398E-2,-2.041262984E-3
1.289614383E1,1.612594103E-1,2.821106136E-2,-1.528690213E-1
1.291614083E1,7.732347015E-2,4.432189465E-4,-1.448331928E-1
1.293613683E1,6.388861511E-2,2.628966630E-2,-1.775331616E-2
1.295613283E1,6.901519798E-2,-1.065070331E-2,1.346987987E-1
1.297612983E1,8.413978871E-2,3.002369821E-2,-3.511486888E-2
1.299612583E1,3.448848590E-2,-5.966381907E-2,-4.035748243E-3
1.301612183E1,-2.960668210E-2,-7.378601432E-3,6.489122987E-2
1.303611883E1,3.071619127E-2,8.234633803E-3,1.224143833E-1
1.305611483E1,1.041762233E-1,8.920570672E-2,-1.430380976E-1
1.307611183E1,7.742027812E-2,5.285356700E-2,-1.705176723E-1
1.309610783E1,7.723579846E-2,6.242136598E-2,-1.440514201E-1
1.311610383E1,2.655765150E-2,9.834432006E-3,-1.061386585E-2
1.313610083E1,1.287827320E-2,-2.496878028E-2,-3.100661516E-2
1.315609683E1,1.147914048E-1,3.913132131E-2,7.307382345E-2
1.317609383E1,1.701344969E-1,2.817890167E-2,1.702890462E-1
1.319608983E1,9.548123091E-2,2.500854135E-3,6.945790529E-2
1.321608583E1,2.018857185E-2,-1.232593060E-3,-3.649364233E-2
1.323608283E1,2.422614735E-2,3.851268589E-2,-1.107316464E-1
1.325607883E1,7.650259417E-2,3.156794786E-2,-1.586104023E-1
1.327607483E1,1.123860795E-1,-1.593366265E-3,-7.181959569E-2
1.329607183E1,5.625025112E-2,-2.289711177E-2,-7.224819660E-2
1.331606783E1,4.735214107E-2,-2.995762467E-2,6.426674724E-3
1.333606383E1,1.425513900E-1,3.542711020E-2,-4.064575016E-2
1.335606083E1,9.555629455E-2,3.960202217E-2,3.006287456E-2
1.337605683E1,6.415144745E-2,-2.562600732E-2,6.656879604E-2
1.339605383E1,5.022268541E-2,8.098393679E-4,-2.701179743E-2
1.341604983E1,4.432196774E-2,1.869354844E-3,-8.493256152E-2
1.343604583E1,5.459088441E-2,-4.327524304E-3,-5.099005938E-2
1.345604283E1,9.119467366E-2,-3.169190884E-4,5.112454534E-2
1.347603883E1,1.408325279E-1,1.464259744E-2,2.045800424E-1
1.349603483E1,1.299421618E-1,1.736155272E-2,3.898221731E-2
1.351603183E1,9.739648640E-2,6.548881531E-5,-1.293988824E-1
1.353602783E1,1.064558700E-1,1.059340060E-2,-1.119431895E-1
1.355602483E1,5.568771243E-2,-2.291582286E-2,-8.659141660E-2
1.357602083E1,5.811547637E-2,-6.073327482E-2,-1.092259884E-1
1.359601683E1,7.629943997E-2,-3.528794646E-3,-1.106872076E-1
1.361601383E1,3.718076326E-2,1.503260672E-2,1.449407816E-2
1.363600983E1,4.159767687E-2,-6.373465061E-3,7.725048959E-2
1.365600583E1,7.677606113E-2,1.357314169E-2,1.056317049E-1
1.367600283E1,9.889563940E-2,1.696628094E-2,8.870226145E-3
1.369599883E1,6.309584230E-2,2.448989332E-2,-1.071385324E-1
1.371599583E1,8.550434612E-2,3.057275176E-2,-1.474170774E-1
1.373599183E1,1.204923304E-1,3.591476798E-2,-5.190865695E-2
1.375598783E1,1.617632210E-1,8.077519119E-2,-1.200152707E-1
1.377598483E1,1.163763291E-1,2.547339499E-2,9.798179269E-3
1.379598083E1,1.465144135E-2,-8.306905389E-2,-1.337901413E-2
1.381597683E1,1.043559887E-2,-2.644754112E-2,6.682198048E-2
1.383597383E1,9.764923230E-2,3.133113563E-2,5.388793945E-3
1.385596983E1,7.418216318E-2,-6.089875102E-3,-8.038518190E-2
1.387596558E1,1.243573400E-1,-1.018859786E-1,-1.755860388E-2
1.389596258E1,1.012072630E-1,-6.632496715E-3,-2.403205633E-2
1.391595858E1,1.437585477E-1,9.677258849E-2,-3.681582391E-2
1.393595558E1,8.973619536E-2,1.333627099E-1,6.928131938E-2
1.395595158E1,1.539878129E-1,5.254892707E-2,2.019990814E-1
1.397594758E1,-1.141508058E-2,7.544077635E-3,-4.921893775E-2
1.399594458E1,-3.342056505E-2,1.262238443E-2,-2.677440047E-2
1.401594058E1,2.328379545E-2,-1.685810745E-2,3.663923800E-2
1.403593658E1,-4.736156970E-2,-5.757753253E-3,2.610197067E-2
1.405593358E1,-1.198459938E-3,-1.054463482E-1,5.758162558E-2
1.407592958E1,2.833765358E-2,-1.283849752E-1,2.732538360E-1
1.409592558E1,1.047201971E-1,1.122086531E-1,-3.061771685E-1
1.411592258E1,1.317269148E-1,-4.052529752E-2,1.697914481E-2
1.413591858E1,5.350856479E-2,-1.225558859E-1,-3.404155397E-1
1.415591558E1,8.833213270E-2,-1.956302941E-2,-4.106669122E-1
1.417591158E1,2.291511023E-1,1.117975938E-1,-2.294769019E-1
1.419590758E1,1.098216004E-1,9.643520415E-2,-3.567152381E-2
1.421590458E1,-1.320203353E-1,-1.428346145E-1,4.701488829E-1
1.423590058E1,-3.453419286E-1,-9.521489024E-2,-1.662538826E-1
1.425589658E1,-4.976170555E-2,1.693938375E-3,-2.960913062E-2
1.427589358E1,-2.891985353E-2,3.040552139E-4,3.145860493E-2
1.429588958E1,2.838469808E-1,2.176234263E-1,-9.584171176E-3
1.431588558E1,3.676144115E-1,2.198746043E-1,1.140212899E-1
1.433588258E1,2.954567371E-1,1.401922578E-1,8.794329286E-2
1.435587858E1,7.850113593E-2,-1.862209547E-1,2.798161662E-1
1.437587458E1,-2.389314841E-1,-4.417167968E-1,1.737558603E-1
1.439587158E1,9.910990331E-2,4.541280967E-1,-4.202066445E-1
1.441586758E1,3.663939880E-1,-2.134292185E-2,-2.060517865E-1
1.443586458E1,-7.076815668E-2,-6.163842380E-2,-1.913682586E-1
1.445586058E1,2.003383990E-2,3.065110445E-3,-3.266430080E-2
1.447585658E1,4.527864531E-3,3.654217422E-2,1.578572810E-2
1.449585358E1,1.146315931E-1,3.144574106E-2,-1.128571093E-1
1.451584958E1,7.391447034E-2,5.723547041E-2,-2.745916790E-1
1.453584558E1,7.388355318E-2,9.446176887E-3,-1.553090644E-1
1.455584258E1,4.759004965E-2,1.856666386E-2,7.483208120E-2
1.457583858E1,4.501036774E-2,1.358425140E-2,1.780728596E-1
1.459583458E1,1.263948753E-3,-5.309271812E-3,1.354829103E-1
1.461583158E1,4.015202589E-2,-1.546530068E-2,1.152006733E-1
1.463582758E1,6.001033969E-3,4.953176379E-2,9.323385358E-2
1.465582458E1,1.578921815E-1,5.932292640E-2,-7.944845796E-2
1.467582058E1,1.649255414E-1,1.233616322E-1,-1.764982045E-1
1.469581658E1,7.341654338E-2,3.189422250E-2,-1.853918195E-1
1.471581358E1,2.357387948E-1,3.222108185E-2,1.213437581E-1
1.473580958E1,1.284054039E-1,-2.092893898E-2,2.285799390E-1
1.475580558E1,7.458386689E-2,-6.011990190E-2,3.214916110E-2
1.477580258E1,8.634981696E-2,-1.117636800E-2,-2.074299753E-2
1.479579858E1,6.305125728E-2,-2.123884141E-2,-9.699653685E-2
1.481579458E1,1.072626396E-1,-3.003129959E-3,-1.644155180E-1
1.483579158E1,1.168457144E-1,-2.164522290E-2,-7.788666666E-2
1.485578758E1,9.825807363E-3,-3.876996338E-2,-1.336223263E-1
1.487578454E1,9.378107987E-2,2.052840471E-2,5.188351393E-2
1.489578154E1,-7.894106582E-4,-3.598610401E-2,5.548832238E-2
1.491577754E1,7.460400324E-2,-6.833114684E-2,4.064575016E-2
1.493577354E1,1.365257612E-1,-3.592178464E-2,-9.705208540E-3
1.495577054E1,1.361275658E-1,-7.290308475E-3,-1.257040268E-1
1.497576654E1,1.464435891E-1,-2.302516580E-2,-7.672248602E-2
1.499576354E1,1.516193617E-1,-2.033661604E-3,-4.591467619E-2
1.501575954E1,1.235955574E-1,-5.987548828E-2,1.211835444E-2
1.503575554E1,8.993803393E-2,-7.303289294E-2,-8.389409602E-2
1.505575254E1,1.329081620E-1,-3.246257186E-2,-3.165682554E-3
1.507574854E1,9.584328320E-2,-6.900766969E-2,-6.939943314E-2
1.509574454E1,8.776447769E-2,-5.015215337E-2,-1.445770848E-1
1.511574154E1,1.664872231E-1,6.080227196E-2,-1.929183555E-1
1.513573754E1,1.117488792E-1,7.841700912E-2,-8.622713506E-2
1.515573354E1,6.355506800E-2,4.564161122E-2,1.710661411E-2
1.517573054E1,-7.883800864E-3,4.733788848E-2,7.909470141E-2
1.519572654E1,2.773451328E-2,-1.231248200E-2,1.096879184E-1
1.521572254E1,4.892836768E-2,-6.517891288E-3,1.333901918E-1
1.523571954E1,8.567011468E-2,-8.679022193E-3,5.750444233E-2
1.525571554E1,1.555495677E-1,6.506781578E-2,-7.441283584E-2
1.527571154E1,1.258880679E-1,1.110690308E-1,-1.464136952E-1
1.529570854E1,3.867052417E-2,7.384448647E-2,-8.742406011E-2
1.531570454E1,6.366872326E-2,3.286602974E-2,-1.295175809E-1
1.533570054E1,8.632445466E-2,-6.335282743E-2,-3.448278487E-2
1.535569754E1,1.353886239E-3,-5.959891498E-2,1.357489586E-2
1.537569354E1,4.336609416E-2,-3.034704924E-2,1.285510361E-2
1.539568954E1,1.238798052E-1,-9.076165080E-2,-5.058016956E-2
1.541568654E1,7.319888078E-2,4.047208786E-2,-1.391508687E-1
1.543568254E1,2.741752110E-2,-7.595416188E-2,-6.586303711E-2
1.545567854E1,-2.413606368E-2,-9.455883265E-2,-2.988511920E-2
1.547567554E1,-7.553144474E-2,-1.801351726E-2,2.724919438E-2
1.549567154E1,-2.979419500E-2,1.910285354E-3,-6.295170844E-2
1.551566754E1,1.263361108E-1,9.814551473E-2,-2.569383502E-1
1.553566454E1,2.431948353E-2,3.075986266E-2,-3.596920556E-1
1.555566054E1,2.966014758E-2,-3.797357261E-2,-4.242880011E-1
1.557565654E1,2.927404496E-1,2.606250197E-1,-1.671017289E-1
1.559565354E1,6.579541406E-1,3.239117736E-1,4.637818497E-1
1.561564954E1,3.020542236E-1,1.269921684E-1,2.629627365E-1
1.563564554E1,1.164337780E-1,-4.350474626E-2,3.459470057E-1
1.565564254E1,8.608961586E-2,-7.557496995E-2,2.762113577E-1
1.567563854E1,1.105270670E-1,-5.487787306E-2,2.686795592E-1
1.569563554E1,3.785282761E-2,-1.535519761E-1,7.276567519E-2
1.571563154E1,-8.331642766E-2,-1.785575938E-1,-1.326078343E-1
1.573562754E1,1.226446174E-2,-4.729344964E-2,-4.020106941E-1
1.575562454E1,5.393157430E-2,9.000034332E-3,-4.159077716E-1
1.577562054E1,-2.622991506E-2,-4.502970010E-2,-4.048810923E-1
1.579561654E1,-1.539554340E-1,5.895601362E-2,-2.543158740E-1
1.581561354E1,-9.679067831E-2,-2.513776481E-2,1.324768567E-1
1.583560954E1,-1.679723428E-1,-8.858853310E-2,1.565439963E-1
1.585560554E1,-1.386898522E-1,1.905666053E-2,3.151649237E-2
1.587560154E1,3.927494355E-2,-1.157146436E-1,4.397971559E-1
1.589559754E1,8.014917366E-2,-9.316748768E-2,5.469579077E-1
1.591559354E1,5.251278397E-2,-6.956198573E-2,3.525771636E-1
1.593559054E1,1.294631287E-1,-5.049070716E-2,7.021687388E-2
1.595558654E1,2.231733111E-1,5.916037381E-2,-1.014854443E-1
1.597558254E1,3.374109845E-1,1.018339384E-1,-1.685354662E-1
1.599557854E1,3.778967768E-1,1.640863198E-1,-3.291684204E-1
1.601557554E1,3.234865348E-1,1.030630231E-2,-1.768841207E-1
1.603557154E1,2.290920455E-1,2.325203776E-2,-1.267021465E-1
1.605556754E1,2.429384349E-1,1.236803055E-2,-7.080919683E-2
1.607556454E1,1.822098378E-1,3.140422583E-2,-1.541600865E-1
1.609556054E1,1.657018324E-1,5.936707288E-2,-1.519942778E-1
1.611555654E1,1.482276111E-1,9.415888309E-2,-9.253160298E-2
1.613555354E1,9.679144576E-2,-1.859765410E-2,1.479117519E-1
1.615554954E1,1.794243705E-2,-6.653780580E-2,1.004294372E-1
1.617554554E1,-5.296013251E-2,-1.232008338E-3,4.126263142E-2
1.619554254E1,-1.530033611E-3,-1.082904339E-3,-6.601798832E-2
1.621553854E1,5.155621603E-2,1.112821618E-1,-2.625329661E-1
1.623553454E1,9.247188829E-3,2.180105120E-2,-9.259650707E-3
1.625553154E1,-8.646767490E-2,-3.862056702E-2,1.368073046E-2
1.627552754E1,-1.157839696E-1,1.874734282E-2,-7.102028131E-3
1.629552354E1,-5.487001587E-2,-9.874076128E-2,-2.420747280E-2
1.631552054E1,-5.789558452E-2,1.870611995E-2,-1.227435815E-1
1.633551654E1,4.836012796E-3,5.394816577E-2,-2.234805822E-2
1.635551254E1,2.881299566E-2,3.299613029E-2,-6.224244118E-2
1.637550954E1,-5.222754948E-2,-3.808086902E-2,-1.422534013E-1
1.639550554E1,-1.501225476E-1,-2.483663321E-2,7.783521116E-2
1.641550154E1,6.086220592E-4,-9.659190953E-2,2.290424538E-1
1.643549854E1,4.739785898E-2,-5.393968731E-2,2.178713483E-1
1.645549454E1,-6.207696497E-3,6.515873998E-2,-3.611240387E-2
1.647549054E1,-5.660017043E-2,4.989049047E-2,-6.535783768E-2
1.649548754E1,-6.804741070E-2,4.303843081E-3,-3.843024015E-2
1.651548354E1,-2.131068908E-2,5.475361973E-2,-1.705106556E-2
1.653547954E1,1.357149716E-2,6.068532765E-2,-9.542889833E-2
1.655547654E1,-3.471601568E-2,-1.996794909E-2,-1.398361623E-1
1.657547254E1,-4.957492355E-2,-1.134020698E-1,-1.329469728E-1
1.659546854E1,-4.285351261E-2,-1.564980957E-1,-1.597225428E-1
1.661546554E1,-7.960794076E-2,-1.692646140E-1,-2.194968742E-1
1.663546154E1,-1.787747813E-1,-1.685714266E-1,-1.578075796E-1
1.665545754E1,-1.559697998E-1,-2.523322061E-1,2.389698565E-2
1.667545454E1,-1.160261175E-1,-1.968371594E-1,1.139435220E-1
1.669545054E1,-1.299961389E-1,-9.575107992E-2,3.681991696E-3
1.671544654E1,-1.605651265E-1,-8.069157600E-5,-1.060790169E-1
1.673544354E1,-6.729403351E-2,4.526417345E-2,-1.534847331E-1
1.675543954E1,-4.024744514E-2,1.644836381E-1,-2.122720546E-1
1.677543554E1,3.726503626E-3,1.976338425E-1,-4.618540227E-2
1.679543254E1,1.093138428E-1,1.001473090E-1,2.600607634E-1
1.681542854E1,6.944237363E-2,1.091935363E-1,1.593758029E-1
1.683542454E1,-1.337347207E-1,1.391815665E-1,-4.602109551E-2
1.685542154E1,-2.023381102E-1,6.678835899E-2,1.720835567E-2
1.687541729E1,-1.668052020E-1,1.049984515E-2,1.130506521E-1
1.689541329E1,-2.960044568E-1,1.026806152E-1,-5.518075883E-2
1.691540929E1,-3.661032352E-1,2.107906625E-1,-2.406965393E-1
1.693540629E1,-3.347015675E-1,2.579972810E-1,-3.238363445E-1
1.695540229E1,-1.566954027E-1,3.710330227E-1,-1.260384876E-1
1.697539829E1,6.234497759E-2,2.973022646E-1,4.976132548E-1
1.699539529E1,8.375841320E-2,1.620155284E-1,5.846747875E-1
1.701539129E1,-6.347226595E-2,1.211168861E-1,2.336079597E-1
1.703538729E1,-1.123727680E-1,9.239828646E-2,-1.721607399E-1
1.705538429E1,-5.746570453E-3,1.986679226E-2,-3.190954220E-1
1.707538029E1,2.519168893E-1,-4.271186382E-2,-5.009192705E-2
1.709537629E1,4.299601657E-1,-3.972481370E-2,-5.490769386E-2
1.711537329E1,3.035280509E-1,1.407921821E-2,-3.504616410E-1
1.713536929E1,1.047259712E-1,7.917831659E-2,-5.749771804E-1
1.715536529E1,7.533077560E-2,1.194805428E-1,-4.133975619E-1
1.717536229E1,-3.331981022E-3,8.368827403E-2,-2.167358190E-1
1.719535829E1,-2.002800731E-1,2.382009476E-2,-1.123390460E-1
1.721535429E1,-2.371883195E-1,-4.924028009E-2,1.118303382E-1
1.723535129E1,-1.584562917E-1,-1.104267141E-1,3.275317848E-1
1.725534729E1,-1.127850606E-1,-1.363944912E-1,3.835533732E-1
1.727534329E1,-1.342761911E-2,-1.866097945E-1,4.286003226E-1
1.729534029E1,-2.254214924E-2,-2.065961623E-1,3.992502236E-1
1.731533629E1,-9.583527982E-2,-2.593067649E-1,2.366830105E-1
1.733533229E1,1.107420435E-1,-2.288506651E-1,1.864647835E-1
1.735532929E1,3.684646332E-1,-2.073291108E-1,1.693704486E-1
1.737532529E1,2.710472978E-1,-2.089201382E-1,-3.048059964E-1
1.739532129E1,1.558114864E-1,-2.310632515E-1,-7.297599953E-1
1.741531829E1,2.532883537E-1,-2.288103193E-1,-6.969980460E-1
1.743531429E1,3.104907691E-1,-2.546915576E-1,-5.660332793E-1
1.745531029E1,2.042559239E-1,-3.589658314E-1,-5.395980173E-1
1.747530729E1,3.380703677E-1,-2.441431805E-1,-5.039995837E-1
1.749530329E1,6.207966931E-1,-1.477851596E-1,-6.815865397E-2
1.751529929E1,8.109384251E-1,-1.107424638E-1,3.372907877E-1
1.753529629E1,8.068321449E-1,3.534086376E-2,4.992311794E-1
1.755529229E1,6.892322128E-1,2.538638842E-1,5.267534387E-1
1.757528829E1,6.094394269E-1,5.476394007E-1,2.023475754E-1
1.759528529E1,5.487554149E-1,9.702545133E-1,-8.285270691E-2
1.761528129E1,4.553406630E-1,1.173882629E0,-1.920383495E-1
1.763527729E1,4.702778140E-1,1.212770706E0,2.892325222E-2
1.765527429E1,4.610620539E-1,1.049874002E0,2.670838541E-1
1.767527029E1,2.031982357E-1,8.166043040E-1,8.947233975E-2
1.769526629E1,-1.708311561E-1,3.290023595E-1,-3.066437763E-1
1.771526329E1,-3.277241582E-1,-1.590314019E-1,-3.744124210E-1
1.773525929E1,-2.135091427E-1,-4.544833151E-1,-2.719861597E-1
1.775525529E1,7.287987862E-3,-5.304175964E-1,-3.989058226E-1
1.777525229E1,2.662487803E-1,-3.893555653E-1,-5.115132558E-1
1.779524829E1,4.136296964E-1,-8.816665649E-2,-4.796985555E-1
1.781524429E1,4.331884135E-1,3.183390847E-1,-4.219438523E-1
1.783524129E1,3.892022221E-1,8.645944494E-1,-5.260962117E-1
1.785523729E1,3.996060998E-1,1.061442426E0,-2.980588943E-1
1.787523342E1,6.746548849E-1,6.452507722E-1,8.627701181E-1
1.789523042E1,5.440933933E-1,-9.720440537E-2,2.403600905E0
1.791522642E1,-3.294880073E-1,-8.603876701E-1,2.357641205E0
1.793522242E1,-8.932629092E-1,-8.756831092E-1,8.966330981E-1
1.795521942E1,-7.494376302E-1,-5.045927837E-1,-2.147828490E-1
1.797521542E1,-3.263697238E-1,-2.654995510E-1,-3.669069350E-1
1.799521142E1,7.823702451E-2,-3.594926655E-1,-6.152311671E-1
1.801520842E1,2.316552455E-1,-3.166062623E-1,-1.204609455E0
1.803520442E1,2.673163540E-1,-4.251066113E-1,-1.210630918E0
1.805520042E1,2.872179006E-1,-8.347262871E-1,-8.753106415E-1
1.807519742E1,6.691864226E-2,-1.021676390E0,-4.383932394E-1
1.809519342E1,-2.013781071E-3,-1.133226061E0,-5.191625834E-2
1.811518942E1,1.085379173E-1,-9.760973436E-1,-3.504587173E-2
1.813518642E1,3.517274901E-1,-5.923896039E-1,-9.364432812E-2
1.815518242E1,3.147795922E-1,-1.888358295E-1,-3.498301417E-1
1.817517842E1,3.422784626E-2,9.499737382E-2,-8.271354318E-1
1.819517542E1,-1.453318141E-1,3.260676420E-1,-8.600564253E-1
1.821517142E1,-2.679643717E-2,4.366770816E-1,7.161201954E-2
1.823516742E1,1.930167714E-1,4.526312095E-1,7.104752934E-1
1.825516442E1,1.357606530E-1,5.230422109E-1,9.941231400E-1
1.827516042E1,1.107627828E-1,6.071295574E-1,8.668848038E-1
1.829515642E1,2.875287898E-2,5.533252332E-1,8.739950180E-1
1.831515342E1,-8.902320050E-2,2.632489577E-1,7.264802921E-1
1.833514942E1,-3.495191429E-1,1.579464510E-1,7.555304289E-2
1.835514542E1,-3.989436834E-1,2.317991236E-1,-3.110391283E-1
1.837514242E1,-3.553727905E-1,1.530207565E-1,-2.630580461E-1
1.839513842E1,-4.613862455E-2,3.186206281E-2,-1.498980510E-1
1.841513442E1,1.819929792E-1,9.045818031E-2,-2.223620099E-1
1.843513142E1,2.019493800E-1,2.226891616E-1,-4.630696589E-1
1.845512742E1,1.505688728E-1,1.764333004E-1,-4.599425679E-1
1.847512342E1,1.267510439E-1,-2.816516072E-2,-2.781239820E-1
1.849512042E1,9.774117976E-2,-1.061620474E-1,-1.698043120E-1
1.851511642E1,-5.944739901E-2,-1.216343647E-1,-1.394327044E-1
1.853511242E1,1.464844465E-1,-8.002090037E-2,4.707359433E-2
1.855510942E1,1.745225765E-1,4.908737540E-4,1.583578026E-1
1.857510542E1,-9.982483506E-2,1.456026864E-1,-2.597742498E-1
1.859510142E1,-2.482761388E-1,1.718984923E-1,-5.644755810E-1
1.861509842E1,-1.962985577E-1,2.011471421E-1,-3.709368360E-1
1.863509442E1,2.678485237E-2,2.380559367E-1,1.044868201E-1
1.865509042E1,-1.105370072E-1,1.675738916E-1,1.296795487E-1
1.867508742E1,-4.279110821E-1,4.680491477E-2,-2.061599600E-1
1.869508342E1,-3.761620541E-1,-8.650370836E-3,-2.731678820E-1
1.871507942E1,-2.535400946E-1,-1.431103107E-1,-7.422455549E-2
1.873507642E1,-2.642555559E-1,-2.362836456E-1,5.568888187E-3
1.875507242E1,-3.550704894E-1,-2.903771147E-1,-2.900335908E-2
1.877506942E1,-4.269629560E-1,-9.859078020E-2,-3.026074433E-1
1.879506542E1,-4.941862748E-1,9.419104278E-2,-5.693995214E-1
1.881506142E1,-6.470902332E-1,2.414233482E-1,-6.394520885E-1
1.883505842E1,-6.111303686E-1,2.550397593E-1,-1.610820204E-1
1.885505442E1,-4.257021502E-1,2.243135181E-1,3.350922346E-1
1.887505129E1,-4.488684897E-1,2.931542498E-1,2.998797172E-1
1.889504829E1,-4.825017837E-1,3.693273899E-1,-1.485631317E-1
1.891504429E1,-4.167348237E-1,4.877668360E-1,-2.802816045E-1
1.893504029E1,-3.729633348E-1,5.036431959E-1,-1.725314534E-1
1.895503729E1,-5.872737287E-1,4.488068381E-1,-3.792205864E-1
1.897503329E1,-7.316672109E-1,4.545935351E-1,-4.471962225E-1
1.899502929E1,-6.990450101E-1,4.931594306E-1,-2.039087820E-1
1.901502629E1,-7.208128052E-1,4.433978713E-1,-9.117972672E-2
1.903502229E1,-7.772559779E-1,3.991335717E-1,-1.646950150E-1
1.905501829E1,-7.909478181E-1,4.432168999E-1,-2.669774348E-1
1.907501529E1,-8.162484279E-1,4.262327850E-1,-2.255212605E-1
1.909501129E1,-8.654368870E-1,4.270879403E-1,-8.952145636E-2
1.911500729E1,-7.616146030E-1,3.139370084E-1,-2.099384308E-2
1.913500429E1,-5.782047703E-1,2.224046946E-1,1.447484082E-1
1.915500029E1,-5.052244658E-1,2.340245739E-1,3.850157619E-2
1.917499629E1,-5.331010298E-1,3.088037378E-1,-2.598964566E-1
1.919499329E1,-5.342054592E-1,3.369203666E-1,-4.324425280E-1
1.921498929E1,-6.406982763E-1,4.041066286E-1,-6.705429035E-1
1.923498529E1,-5.213961101E-1,5.857433662E-1,-7.858651990E-1
1.925498229E1,5.396952638E-2,4.912836438E-1,-2.461543304E-1
1.927497829E1,5.233553659E-1,2.763259631E-1,3.554124784E-1
1.929497429E1,6.337726879E-1,-4.545245379E-2,8.960062766E-1
1.931497129E1,3.395247530E-1,-6.493116635E-1,9.119200587E-1
1.933496729E1,4.664231650E-2,-1.034644929E0,3.284807879E-1
1.935496429E1,-5.296448138E-2,-1.117009101E0,-6.072298372E-1
1.937496029E1,3.873667080E-2,-9.191440013E-1,-1.274869598E0
1.939495629E1,-3.095635652E-2,-5.455487287E-1,-1.585187180E0
1.941495329E1,2.799842371E-2,-1.760558626E-1,-2.004341910E0
1.943494929E1,4.754235830E-1,8.191305935E-2,-1.314594997E0
1.945494529E1,1.414881031E0,4.332248855E-1,-2.468285143E-2
1.947494229E1,2.152650981E0,7.332592615E-1,1.757434459E0
1.949493829E1,2.086879599E0,7.017231810E-1,2.373903481E0
1.951493429E1,1.096104428E0,3.594543663E-1,1.181428168E0
1.953493129E1,-1.398978870E-1,2.656469008E-1,-3.972422898E-1
1.955492729E1,-3.630532179E-1,3.649943107E-1,-1.037303073E0
1.957492329E1,-3.692434458E-2,7.209809858E-1,-1.036414297E0
1.959492029E1,2.508772361E-1,1.049709988E0,-7.425075102E-1
1.961491629E1,3.028755382E-1,1.078838770E0,-4.803698158E-1
1.963491229E1,1.155219961E-1,9.278636616E-1,-5.363972515E-1
1.965490929E1,-1.879360161E-1,6.016632879E-1,-3.639470744E-1
1.967490529E1,-3.643195786E-1,2.215030539E-1,3.495640934E-2
1.969490129E1,-3.114073567E-1,1.602663338E-2,2.304796994E-1
1.971489829E1,-1.835987708E-1,1.247550237E-1,-1.027852803E-1
1.973489429E1,-3.087410995E-1,3.040672007E-1,-8.065280896E-1
1.975489029E1,-4.842727226E-1,3.141197339E-1,-1.260410603E0
1.977488729E1,-3.336988066E-1,2.785066822E-1,-1.243838425E0
1.979488329E1,3.305412736E-3,4.012031937E-1,-1.143893722E0
1.981487929E1,5.206713477E-2,5.075669700E-1,-1.238618615E0
1.983487629E1,-2.829132353E-2,5.916022763E-1,-1.606317263E0
1.985487229E1,-1.249159044E-1,6.347784090E-1,-1.566057429E0
1.987486904E1,-1.025817424E-1,5.755376360E-1,-1.252511600E0
1.989486504E1,-8.368253645E-2,4.241599470E-1,-8.592980415E-1
1.991486104E1,-3.243895916E-2,4.021282232E-1,-5.478045845E-1
1.993485804E1,2.239666320E-1,5.452151451E-1,-3.039207280E-1
1.995485404E1,4.166127996E-1,7.231789541E-1,-1.150147319E-3
1.997485004E1,5.035844314E-1,7.668991703E-1,1.356647587E-1
1.999484704E1,7.878263551E-1,8.153012520E-1,6.087653160E-2
2.001484304E1,1.134973867E0,6.791125828E-1,-2.652875894E-1
2.003483904E1,7.400953875E-1,3.202897158E-1,-4.689466953E-1
2.005483604E1,-1.558259583E-1,-3.192503732E-1,-2.623277289E-1
2.007483204E1,-5.187814180E-1,-5.402070048E-1,-9.559612870E-3
2.009482804E1,-1.992686509E-1,2.567334053E-1,1.770595372E-1
2.011482504E1,6.405661292E-1,1.192239378E0,-3.564702398E-1
2.013482104E1,1.435325966E0,1.799180363E0,-1.075873647E0
2.015481704E1,1.837496728E0,1.424935464E0,3.720606709E-1
2.017481404E1,1.807982030E0,-4.329278469E-1,2.112427107E0
2.019481004E1,1.177819413E0,-2.306599398E0,2.853065847E0
2.021480604E1,7.678461269E-2,-3.333450281E0,2.050968778E0
2.023480304E1,-6.116057472E-1,-3.139858911E0,1.010229295E0
2.025479904E1,-1.907360284E-1,-1.678601713E0,-3.021227092E-1
2.027479504E1,1.781345478E-1,-6.209246010E-1,-9.031702852E-1
2.029479204E1,2.349265069E-2,-2.245082304E-1,-1.922219521E-1
2.031478804E1,8.067687757E-1,-5.348676199E-1,8.118864781E-1
2.033478404E1,1.870127992E0,-3.939210713E-2,1.292534621E0
2.035478104E1,2.573578295E0,5.191184369E-1,5.922293901E-1
2.037477704E1,6.230369076E-1,8.375554624E-1,-4.424857056E-1
2.039477304E1,-1.784949555E0,-2.264553532E-1,-4.330611634E-1
2.041477004E1,-3.059107109E0,-1.449621532E0,-6.444157898E-2
2.043476604E1,-3.336523578E0,-1.538472020E0,6.117614293E-1
2.045476204E1,-2.482856990E0,-6.737875235E-1,8.523813701E-1
2.047475904E1,-1.974217202E0,3.454938465E-1,3.985649300E-1
2.049475504E1,-1.612019614E0,1.226958098E0,-4.005360264E-1
2.051475104E1,-1.248977689E0,1.215985213E0,-6.834845459E-1
2.053474804E1,-1.053233666E0,8.591629708E-1,-1.288609385E-1
2.055474404E1,-6.815903404E-1,3.725991994E-1,6.297585744E-1
2.057474004E1,-2.715560970E-1,4.098205277E-1,9.596678370E-1
2.059473704E1,-1.761958851E-1,4.349486446E-1,1.180965069E0
2.061473304E1,-1.126042538E-1,1.907525468E-1,8.789780152E-1
2.063472904E1,1.111199381E-1,5.452148527E-2,5.466971219E-1
2.065472604E1,2.744962963E-1,1.026288673E-1,2.021323979E-2
2.067472204E1,1.181402696E-1,3.065952444E-1,-7.238151312E-1
2.069471804E1,-6.468283145E-2,5.682084435E-1,-8.974622333E-1
2.071471504E1,-1.977420160E-1,5.992103809E-1,-2.530125296E-1
2.073471104E1,1.450675565E-1,3.359155226E-1,6.923044860E-1
2.075470704E1,7.030050369E-1,9.310141414E-2,1.528535846E0
2.077470404E1,1.370319693E0,-3.723229185E-1,2.826190875E0
2.079470004E1,1.207160010E0,-1.285217416E0,2.812002606E0
2.081469604E1,2.843384393E-1,-1.822287389E0,1.271301627E0
2.083469204E1,-3.138004394E-1,-1.877648535E0,-2.404182118E-1
2.085468904E1,-3.828182320E-1,-1.616527964E0,-1.321939684E0
2.087468504E1,-3.410074241E-2,-1.121148345E0,-1.916652972E0
2.089468104E1,3.471717051E-1,-6.233453482E-1,-1.988311184E0
2.091467804E1,6.871102582E-1,-2.370680496E-1,-1.437408160E0
2.093467404E1,1.036053743E0,-3.636909664E-1,-8.231452918E-1
2.095467004E1,1.127965687E0,-3.409236628E-1,1.350695121E-1
2.097466704E1,1.138655201E0,-7.299052987E-1,1.612135243E0
2.099466304E1,8.540163977E-1,-1.340216618E0,2.531873029E0
2.101465904E1,7.906605005E-2,-1.884179582E0,2.286960062E0
2.103465604E1,-4.567812708E-1,-1.930748854E0,1.059625404E0
2.105465204E1,-2.445805523E-1,-1.394970531E0,-9.621827245E-2
2.107464804E1,3.702421137E-1,-8.049165970E-1,-5.560421419E-1
2.109464504E1,8.068796535E-1,-3.692288643E-1,-8.995227921E-1
2.111464104E1,9.752043276E-1,-7.800478041E-2,-9.154699033E-1
2.113463704E1,1.090979563E0,-7.594246745E-2,-7.586388087E-1
2.115463304E1,8.454769778E-1,-1.707021520E-1,-7.448610145E-1
2.117463004E1,5.764885394E-1,-3.762434766E-1,-5.885655248E-1
2.119462604E1,5.377796794E-1,-5.170321503E-1,-1.535999233E-1
2.121462204E1,6.276336231E-1,-5.808077314E-1,2.477956438E-1
2.123461904E1,5.882650510E-1,-5.432227063E-1,1.274377263E-1
2.125461504E1,5.319250086E-1,-4.175552246E-1,-3.575496358E-1
2.127461104E1,4.815612226E-1,-3.904054329E-1,-5.332923800E-1
2.129460804E1,3.775675055E-1,-4.779636866E-1,-1.918260956E-1
2.131460404E1,2.314621412E-1,-4.818374670E-1,3.108859313E-1
2.133460004E1,2.767063976E-1,-4.034654814E-1,4.609424418E-1
2.135459604E1,3.841385699E-1,-1.391336194E-1,3.590172869E-1
2.137459304E1,4.227912235E-1,-8.393619597E-2,2.964795613E-1
2.139458904E1,3.358675754E-1,-2.567898309E-1,6.373008978E-1
2.141458504E1,2.229954461E-1,-6.984735909E-1,1.064972098E0
2.143458204E1,-1.453541066E-2,-9.457377228E-1,1.092102009E0
2.145457804E1,2.182761949E-2,-1.063327568E0,8.431696665E-1
2.147457404E1,-3.157171201E-2,-7.690588394E-1,3.393893534E-1
2.149457104E1,-2.299535961E-1,-3.920847532E-1,-1.971757132E-1
2.151456704E1,-6.881773750E-1,-8.566463292E-3,-3.672624457E-1
2.153456304E1,-9.284934799E-1,2.794591936E-1,-4.792524129E-1
2.155455904E1,-1.066969945E0,5.378377131E-1,-2.515448785E-1
2.157455604E1,-8.398239628E-1,4.150309816E-1,5.697228724E-1
2.159455204E1,-8.563000278E-1,9.455123127E-2,1.584750978E0
2.161454804E1,-1.192493001E0,-2.416396952E-1,1.450127608E0
2.163454504E1,-1.671283630E0,-4.564099726E-1,5.338946432E-1
2.165454104E1,-1.938000425E0,-6.535201970E-1,-1.368669462E-1
2.167453704E1,-1.760283222E0,-6.239271462E-1,3.505815089E-2
2.169453304E1,-1.191788119E0,-5.988659799E-1,8.189996159E-1
2.171453004E1,-9.539510143E-1,-4.165354702E-1,5.966358519E-1
2.173452604E1,-1.051303866E0,-1.637498125E-1,-2.664693117E-2
2.175452204E1,-1.050868468E0,-2.967491180E-2,-1.698119134E-1
2.177451904E1,-9.514192430E-1,-5.422123075E-3,1.223617584E-1
2.179451504E1,-7.847390983E-1,2.805143237E-2,3.520082295E-1
2.181451104E1,-6.572356640E-1,7.948471069E-2,1.800381088E-1
2.183450704E1,-7.430045235E-1,1.124016112E-1,-1.879914916E-1
2.185450404E1,-7.761971202E-1,7.398569673E-2,-3.718104100E-1
2.187449942E1,-7.709515100E-1,2.666681170E-2,-3.033769369E-1
2.189449542E1,-7.887616903E-1,-1.848524138E-1,-1.578379852E-1
2.191449242E1,-8.118554147E-1,-3.505733228E-1,-2.249423862E-3
2.193448842E1,-5.328367357E-1,-5.596630302E-1,3.955881125E-1
2.195448442E1,-3.123923567E-1,-5.574919590E-1,6.617153621E-1
2.197448042E1,-2.872249173E-2,-4.761346775E-1,6.235160869E-1
2.199447742E1,3.488379423E-2,-1.804196396E-1,1.123805612E-1
2.201447342E1,-4.419632569E-2,7.432337344E-2,-5.202647835E-1
2.203446942E1,1.083296102E-1,2.882338178E-1,-4.634883195E-1
2.205446542E1,5.586894323E-1,2.523412693E-1,2.474880803E-1
2.207446242E1,6.764347042E-1,-1.179003328E-2,6.552354777E-1
2.209445842E1,3.934699221E-1,-2.479634589E-1,5.039001811E-1
2.211445442E1,1.054307617E-1,-2.082947785E-1,-3.084371173E-1
2.213445142E1,-2.050033808E-2,2.168703049E-1,-8.366623002E-1
2.215444742E1,3.355786864E-1,2.735231003E-1,-4.148774922E-1
2.217444342E1,6.268664684E-1,1.124861035E-1,2.441154063E-2
2.219443942E1,5.474047811E-1,-6.221437454E-2,7.717739940E-3
2.221443642E1,1.412641986E-1,-1.587197453E-1,-5.022460037E-1
2.223443242E1,-2.711923819E-1,-1.057682374E-1,-9.575458825E-1
2.225442842E1,-4.133399668E-1,-1.332843572E-1,-1.133112041E0
2.227442442E1,-2.503537276E-1,-1.886381936E-1,-6.494695383E-1
2.229442142E1,8.281191344E-2,-2.399203214E-1,-2.764487547E-1
2.231441742E1,3.718164400E-1,-1.953698006E-1,-1.088909429E-1
2.233441342E1,5.259061772E-1,-9.586422354E-2,3.571070015E-2
2.235440942E1,3.545311569E-1,-1.397943547E-1,-2.384260654E-1
2.237440642E1,1.178023645E-1,-2.031588766E-1,-2.965508974E-1
2.239440242E1,7.746268870E-2,-2.343756992E-1,-1.555429530E-1
2.241439842E1,6.425329864E-2,-2.050156599E-1,9.439569533E-2
2.243439442E1,-6.016327179E-2,-2.196851546E-1,9.810341477E-2
2.245439142E1,-1.834778613E-1,-2.330156368E-1,-6.909654737E-3
2.247438742E1,-1.054069526E-1,-2.824705097E-1,-8.439169407E-2
2.249438342E1,4.454427613E-2,-1.900459108E-1,-7.728966594E-2
2.251438042E1,1.763801273E-1,-1.398268068E-1,2.507344544E-2
2.253437642E1,2.095422088E-1,-1.645611137E-1,4.934073526E-1
2.255437242E1,3.163006722E-1,-2.869743276E-1,9.146232265E-1
2.257436842E1,3.441215781E-1,-2.399340624E-1,7.016237783E-1
2.259436542E1,4.690858225E-1,1.812373728E-2,1.819635969E-1
2.261436142E1,4.167086940E-1,1.772969341E-1,-5.651485956E-1
2.263435742E1,1.525528514E-1,1.133070526E-1,-9.619862580E-1
2.265435342E1,-1.796812825E-3,-1.289667732E-1,-8.491390890E-1
2.267435042E1,-1.052881810E-1,-3.261272836E-1,-4.568528992E-1
2.269434642E1,-1.437361455E-1,-5.417997864E-1,7.629330039E-2
2.271434242E1,-2.242204377E-1,-5.614385372E-1,1.052323401E-1
2.273433842E1,-7.132053584E-2,-2.824827889E-1,-1.060275614E-1
2.275433542E1,1.542772866E-1,8.755591482E-2,-1.412856871E-1
2.277433142E1,4.590342030E-1,2.477436036E-1,-1.703065878E-1
2.279432742E1,9.111903993E-1,3.237696862E-1,1.656311542E-1
2.281432342E1,1.077697028E0,4.243040809E-1,2.774772799E-1
2.283432042E1,7.864888045E-1,2.546588132E-1,3.353553593E-2
2.285431642E1,4.868105239E-1,-1.126623970E-1,8.881745160E-2
2.287431258E1,3.009037840E-1,-3.796486026E-1,1.125179708E-2
2.289430858E1,2.644683214E-1,-2.862042493E-1,-2.990201765E-1
2.291430558E1,4.269494344E-1,-1.814999127E-1,-4.699857455E-1
2.293430158E1,7.040560008E-1,-8.422066301E-2,-1.567585891E-1
2.295429758E1,1.166651012E0,3.861033440E-2,1.408336973E-1
2.297429358E1,1.370744931E0,1.575494251E-1,1.839300156E-1
2.299429058E1,1.023424780E0,1.355118540E-1,-3.843801695E-1
2.301428658E1,6.027389563E-1,6.458132744E-2,-4.660914999E-1
2.303428258E1,8.805418530E-1,-5.865458965E-2,2.976677155E-1
2.305427858E1,1.398673280E0,-2.592187643E-2,5.848367554E-1
2.307427558E1,1.571949815E0,8.449285090E-2,2.325355804E-1
2.309427158E1,1.389596355E0,1.059173414E-1,-7.277853906E-2
2.311426758E1,1.087511579E0,-2.488162753E-1,-1.905069637E-1
2.313426358E1,8.878759425E-1,-3.262471515E-1,-4.455946702E-1
2.315425958E1,1.388772190E0,-1.401638988E-1,-3.466322994E-1
2.317425658E1,2.170865057E0,3.060982311E-1,-3.882907873E-1
2.319425258E1,2.867796738E0,5.269151142E-1,-6.464827806E-1
2.321424858E1,3.075483406E0,5.777785814E-1,-1.159613961E0
2.323424458E1,3.297285837E0,2.752965608E-1,-1.211118575E0
2.325424158E1,3.381130232E0,2.184642559E-1,-1.596630181E0
2.327423758E1,3.749108377E0,-4.214982945E-1,-7.903815883E-1
2.329423358E1,4.188481317E0,-9.148454207E-1,-1.760193175E-1
2.331422958E1,4.208524110E0,-1.319312823E0,-2.045204008E-1
2.333422658E1,3.667128951E0,-1.849251240E0,-4.359093422E-1
2.335422258E1,3.333389762E0,-2.276990267E0,-6.769081825E-1
2.337421858E1,3.361696133E0,-2.163025695E0,-6.299690741E-1
2.339421458E1,3.270524008E0,-1.905754346E0,-4.095512635E-1
2.341421158E1,2.840983745E0,-1.888723454E0,-4.906199849E-1
2.343420758E1,2.324571400E0,-1.813008735E0,-5.676968122E-1
2.345420358E1,2.149089295E0,-1.366639601E0,-1.637805104E-1
2.347419958E1,2.032489676E0,-1.320752261E0,6.401215947E-1
2.349419558E1,2.201973706E0,-1.274032277E0,1.276668786E0
2.351419258E1,2.423378673E0,-7.568307035E-1,1.491796036E0
2.353418858E1,1.787577002E0,-6.054791808E-1,1.256957822E0
2.355418458E1,1.019856298E0,-8.832537916E-1,1.238796955E0
2.357418058E1,6.729294446E-1,-1.166425236E0,1.488757823E0
2.359417758E1,6.458256997E-1,-1.111253833E0,1.910562512E0
2.361417358E1,6.851261517E-1,-9.669970295E-1,2.220718710E0
2.363416958E1,1.216194543E-1,-1.152307426E0,1.602839924E0
2.365416558E1,-8.033214766E-1,-1.468070374E0,3.785393858E-1
2.367416158E1,-1.428606639E0,-1.677224986E0,-2.126421833E-1
2.369415858E1,-1.805308391E0,-1.559968724E0,-9.181239545E-2
2.371415458E1,-1.801631369E0,-1.371174994E0,2.346768308E-1
2.373415058E1,-1.511972731E0,-1.222506613E0,2.195407283E-1
2.375414658E1,-1.528757748E0,-1.092595514E0,3.905589223E-2
2.377414358E1,-1.643059266E0,-1.028941263E0,1.036383891E-1
2.379413958E1,-1.839053549E0,-1.023866464E0,2.508818042E-1
2.381413558E1,-1.768689764E0,-7.487473664E-1,-4.213912904E-2
2.383413158E1,-1.441719897E0,-6.033718443E-1,-2.797606176E-1
2.385412758E1,-8.856749775E-1,-4.317841315E-1,-1.786768770E-1
2.387412479E1,-6.003405015E-1,-3.053679138E-1,-2.293979645E-2
2.389412079E1,-5.831159198E-1,-2.523067707E-1,-4.165264070E-1
2.391411679E1,-4.087453710E-1,-3.062321323E-1,-7.068973821E-1
2.393411279E1,-1.690460743E-1,-3.988876963E-1,-8.439531934E-1
2.395410979E1,-4.157048732E-2,-3.332211256E-1,-5.570613116E-1
2.397410579E1,1.327098683E-2,-1.585533920E-1,1.470563042E-1
2.399410179E1,-3.261641210E-1,-9.775989085E-2,4.206790996E-1
2.401409779E1,-6.260701507E-1,-6.695734352E-2,6.562008530E-1
2.403409379E1,-9.852359569E-1,-2.902236253E-2,1.098453839E0
2.405409079E1,-7.692944822E-1,-3.137414190E-1,2.377162719E0
2.407408679E1,-3.482109015E-1,-6.709188795E-1,3.192332409E0
2.409408279E1,-3.142555355E-1,-3.601422912E-1,3.146272722E0
2.411407879E1,-9.058526954E-1,-8.374586910E-2,2.101449544E0
2.413407479E1,-1.542551476E0,-5.739805225E-1,1.038932108E0
2.415407179E1,-1.697653549E0,-6.155910632E-1,3.795053458E-1
2.417406779E1,-7.528984509E-1,-2.737657598E-1,9.027563024E-1
2.419406379E1,1.712390725E-1,-2.268032625E-1,1.625979111E0
2.421405979E1,6.063053924E-1,-4.047667792E-1,1.429698606E0
2.423405579E1,4.347137327E-1,-6.053435254E-1,5.888654870E-1
2.425405279E1,2.494846120E-2,-6.927713862E-1,-1.791417307E-1
2.427404879E1,-5.480557224E-1,-9.382807687E-1,-6.094552875E-1
2.429404479E1,-1.041463075E0,-1.335708123E0,-6.298345882E-1
2.431404079E1,-1.262451866E0,-1.471948832E0,-4.629597312E-1
2.433403679E1,-1.454237178E0,-1.460002386E0,-6.863683927E-1
2.435403379E1,-1.635735482E0,-1.391319237E0,-8.787371099E-1
2.437402979E1,-1.631781741E0,-1.272961944E0,-9.307907778E-1
2.439402579E1,-1.486909226E0,-1.094266648E0,-8.776577139E-1
2.441402179E1,-1.164368478E0,-8.276938409E-1,-1.093617607E0
2.443401779E1,-7.547077987E-1,-7.721058235E-1,-1.154221074E0
2.445401479E1,-5.331587711E-1,-5.100663623E-1,-7.335402203E-1
2.447401079E1,-5.435205489E-1,-5.438796410E-1,-1.582964069E-1
2.449400679E1,-4.064546511E-1,-4.956339723E-1,5.838947690E-1
2.451400279E1,7.894705921E-2,-3.345233005E-1,8.769268119E-1
2.453399879E1,3.268925379E-1,-1.311673728E-1,-1.342333603E-1
2.455399579E1,6.236054762E-1,6.330195665E-2,-1.039021570E0
2.457399179E1,1.165523815E0,3.540664494E-2,-1.724364361E0
2.459398779E1,1.255042859E0,7.676663250E-2,-2.320176340E0
2.461398379E1,9.301573051E-1,9.479476780E-2,-3.012180279E0
2.463397979E1,4.018490186E-1,-1.075171396E-1,-3.303708419E0
2.465397679E1,-2.472029554E-1,-4.437022188E-1,-3.106554925E0
2.467397279E1,-5.426912310E-1,-8.574526602E-1,-2.073621476E0
2.469396879E1,-6.031318161E-1,-1.155651011E0,-1.360778645E0
2.471396479E1,-9.361205149E-1,-9.435970572E-1,-1.306338143E0
2.473396079E1,-1.174200864E0,-5.553124094E-1,-9.903376526E-1
2.475395779E1,-8.531058401E-1,-5.283821806E-1,1.777945322E-1
2.477395379E1,-4.008560883E-1,-1.356390309E-1,1.878212206E0
2.479394979E1,-7.607015602E-2,7.219551319E-1,3.421239207E0
2.481394579E1,-1.906761675E-1,1.052197393E0,4.051393054E0
2.483394179E1,-6.378657389E-1,2.786929160E-2,3.853695769E0
2.485393779E1,-1.268745224E0,1.571906984E-1,3.036031657E0
2.487393508E1,-6.635094340E-1,8.036895588E-1,3.718096499E0
2.489393108E1,-1.906515361E-1,1.361317466E0,3.841712485E0
2.491392708E1,-1.342115063E-1,2.090253296E0,2.033466307E0
2.493392308E1,1.022751108E-3,2.692627605E0,1.192872924E-1
2.495391908E1,6.642156315E-1,3.122123721E0,-1.026372288E0
2.497391608E1,1.651444904E0,3.228668761E0,-1.296207842E0
2.499391208E1,1.783344348E0,2.152011880E0,-6.975558704E-1
2.501390808E1,1.274065021E0,1.000165068E0,-1.290809693E0
2.503390408E1,3.589102463E-1,3.397755620E-1,-2.220654391E0
2.505390008E1,2.763117106E-1,5.573156655E-2,-2.242221846E0
2.507389608E1,8.137918664E-1,3.557530788E-1,-2.417592123E0
2.509389308E1,1.132623798E0,4.087607199E-1,-2.844135979E0
2.511388908E1,5.444364787E-1,2.182335833E-1,-2.623786581E0
2.513388508E1,2.484221181E-1,3.313470930E-1,-2.672131945E0
2.515388108E1,-3.247055696E-1,9.226429752E-1,-3.055104105E0
2.517387708E1,-1.973562094E-1,5.597786589E-1,-3.124783035E0
2.519387408E1,2.731911612E-1,8.610767645E-1,-2.978655269E0
2.521387008E1,4.972525912E-1,2.257327689E0,-2.422387424E0
2.523386608E1,1.907159286E-1,2.805497871E0,-1.733073789E0
2.525386208E1,-4.778169946E-1,2.891337628E0,-1.726891528E0
2.527385808E1,-1.241983103E0,2.819392609E0,-2.217409186E0
2.529385408E1,-1.221808820E0,2.586595951E0,-2.199205635E0
2.531385108E1,-4.041536987E-1,2.852969368E0,-3.207700646E-1
2.533384708E1,-2.141454147E0,3.103071738E0,5.740603369E-1
2.535384308E1,-1.890126493E0,2.008485832E0,1.024827454E0
2.537383908E1,-3.497475497E-1,-7.526307946E-1,9.155628741E-2
2.539383508E1,-1.983040650E0,2.008144355E-1,5.458679867E-1
2.541383108E1,-2.448694632E0,-4.307563372E-1,1.707199860E-1
2.543382808E1,-3.849602425E0,-4.505118862E-1,4.136729658E-1
2.545382408E1,-2.876672226E0,-8.957086533E-1,7.476168072E-1
2.547382008E1,-4.721566705E-1,2.159385511E-1,2.100953116E0
2.549381608E1,3.188171823E0,2.656764877E0,5.783806107E0
2.551381208E1,1.860876966E0,-4.915206023E-1,7.304123107E0
2.553380808E1,2.221728525E-1,-2.829841876E0,6.617134910E0
2.555380508E1,-1.097594518E0,-2.175309087E0,6.240692335E0
2.557380108E1,1.016769406E0,-1.083461140E0,4.312418607E0
2.559379708E1,2.640143875E0,2.052556881E-1,2.924663833E0
2.561379308E1,3.114919367E0,3.718761912E-1,1.623839030E0
2.563378908E1,2.234053870E0,2.201043999E-1,-1.645043957E-1
2.565378508E1,8.544516499E-1,-4.301070039E-1,-1.691017690E0
2.567378208E1,1.464068978E-1,-6.438705370E-1,-2.699232035E0
2.569377808E1,8.223385222E-2,-3.592502984E-1,-3.963553841E0
2.571377408E1,9.269899414E-1,2.099638662E-1,-3.599493915E0
2.573377008E1,1.825100192E0,2.421054259E-1,-2.776715829E0
2.575376608E1,1.395531279E0,2.491314402E-1,-2.529584429E0
2.577376208E1,6.287628666E-1,-3.207607090E-2,-2.389171146E0
2.579375808E1,6.856847070E-2,2.212606868E-1,-2.330170986E0
2.581375508E1,-4.599557242E-1,6.677561206E-1,-2.106773434E0
2.583375108E1,-8.021153422E-1,9.316052949E-1,-1.346756437E0
2.585374708E1,-6.097646417E-1,5.634660593E-1,2.340131718E-1
2.587374279E1,4.616934070E-2,2.093157023E-1,1.404071429E0
2.589373879E1,4.252315955E-1,4.285406810E-1,1.355382249E0
2.591373479E1,3.565483732E-1,9.412736660E-1,1.646787597E0
2.593373179E1,-2.284044312E-1,1.013193834E-1,2.404853379E0
2.595372779E1,-6.727835566E-1,-1.027017821E0,3.195510371E0
2.597372379E1,-2.520528919E-1,-1.226782681E0,3.680845642E0
2.599371979E1,3.725509599E-1,-1.090210435E0,4.477720563E0
2.601371579E1,1.407180979E0,-5.691058449E-1,4.455559031E0
2.603371179E1,1.703821046E0,-2.250929520E-2,2.838796302E0
2.605370779E1,8.544287726E-1,1.912760188E-1,1.176853307E0
2.607370479E1,-3.913466153E-1,-5.108859958E-1,-1.005890661E-1
2.609370079E1,-5.971343270E-1,3.820692037E-1,-4.965993476E-1
2.611369679E1,-3.257768892E-2,7.328929335E-1,1.068929493E-2
2.613369279E1,6.089195363E-1,4.702482855E-1,4.415817261E-1
2.615368879E1,1.169641936E0,4.970434436E-1,-6.214748240E-1
2.617368479E1,1.039801442E0,4.739598057E-1,-1.518582131E0
2.619368079E1,7.647013481E-1,3.285094392E-1,-1.486319534E0
2.621367779E1,-4.695533440E-2,-3.253937504E-1,-1.613482441E0
2.623367379E1,-5.267375781E-1,-6.444900495E-1,-2.193888177E0
2.625366979E1,1.628794545E-1,3.753181547E-2,-2.405749757E0
2.627366579E1,9.358201873E-1,6.430598205E-1,-2.357738269E0
2.629366179E1,4.066265593E-1,3.804906017E-1,-2.191687285E0
2.631365779E1,-3.401734650E-1,3.528648466E-2,-2.690536056E0
2.633365379E1,-1.374478671E-1,-2.209244719E-1,-2.646566164E0
2.635365079E1,1.555281888E0,-4.455739126E-1,-1.710099494E0
2.637364679E1,6.998067561E-1,8.756027099E-1,-2.202574800E0
2.639364279E1,5.820191284E-1,7.527769750E-1,-2.860435093E0
2.641363879E1,3.125466501E-1,6.835152438E-1,-2.137689418E0
2.643363479E1,-6.776580148E-1,7.740830594E-1,-1.868536234E0
2.645363079E1,-8.589450158E-1,1.142803508E0,-1.859588825E0
2.647362679E1,-1.117329638E-1,1.089969822E0,-1.516342648E0
2.649362379E1,-8.971233872E-1,-6.965027869E-2,-1.782386282E0
2.651361979E1,-9.460697716E-1,-1.717096272E-1,-1.331679976E0
2.653361579E1,1.002018489E0,5.845926341E-1,8.714193195E-1
2.655361179E1,9.190074688E-1,1.525089205E0,2.291460080E0
2.657360779E1,-4.681810755E-3,1.186728377E0,2.656896440E0
2.659360379E1,-1.442920038E0,7.831775263E-1,3.502142453E0
2.661359979E1,-2.858907800E0,-4.894347543E-1,4.669603377E0
2.663359579E1,-1.940635034E0,-1.270377767E0,5.704247721E0
2.665359279E1,3.215944855E-2,-5.699953526E-2,5.172109582E0
2.667358879E1,1.926334499E0,5.731139651E-1,5.781873018E0
2.669358479E1,1.477920301E0,-3.978527391E-1,4.770262025E0
2.671358079E1,-2.862837714E-1,-1.315450737E0,2.466090683E0
2.673357679E1,-1.804237181E0,-1.311579003E0,2.959550661E-1
2.675357279E1,-1.780688689E0,-1.105820746E0,-6.745611101E-1
2.677356879E1,-1.073770549E0,-6.939811751E-1,-7.951885843E-1
2.679356479E1,8.490997665E-3,1.823933673E-1,-4.790407437E-1
2.681356179E1,3.996409273E-1,-4.586766458E-1,-4.215310389E-1
2.683355779E1,1.857717058E-1,-1.489661803E0,-3.202976096E-1
2.685355379E1,-5.391284859E-1,-1.478269672E0,-1.598741026E0
2.687354979E1,-7.051642674E-1,-1.271663862E0,-2.931985132E0
2.689354592E1,-2.528866683E-1,-9.068323964E-1,-3.689027066E0
2.691354192E1,6.516134930E-1,-5.258216849E-1,-3.734189206E0
2.693353792E1,1.164188823E0,1.034591720E-1,-3.186956479E0
2.695353392E1,1.789775116E0,-7.979139715E-2,-1.646938455E0
2.697353092E1,1.533470166E0,-1.259838161E-1,-1.515266175E0
2.699352692E1,5.058266193E-1,8.007177114E-3,-2.041170598E0
2.701352292E1,-3.974253076E-1,2.455681470E-1,-2.166053091E0
2.703351892E1,-3.558617639E-1,4.932518166E-1,-1.602801917E0
2.705351492E1,-4.105536224E-1,9.321660429E-1,-1.001129858E0
2.707351092E1,-3.363482165E-1,1.045157931E0,1.853111864E0
2.709350692E1,5.058371443E-2,9.406111765E-1,4.971598032E0
2.711350292E1,4.652076933E-1,3.702784395E-1,6.525403206E0
2.713349892E1,5.044071712E-1,1.038962513E-1,5.073959389E0
2.715349592E1,-4.641961250E-1,2.524184525E-1,1.666585100E0
2.717349192E1,-1.924738940E-3,1.372639722E0,-5.806443018E-1
2.719348792E1,1.945964186E0,1.335283615E0,1.929329735E-1
2.721348392E1,2.745746051E0,4.171146369E-1,1.552011833E0
2.723347992E1,3.473903617E0,-2.263457179E-3,1.962085837E-1
2.725347592E1,2.479674935E0,8.415429711E-2,2.595637500E-2
2.727347192E1,9.864360248E-1,-8.276792228E-2,-2.214631759E0
2.729346792E1,8.715333402E-1,-3.028565347E-1,-2.566860428E0
2.731346392E1,2.929159173E0,-3.010935992E-1,7.493008053E-1
2.733346092E1,3.647309521E0,-5.060738835E-1,1.769258114E0
2.735345692E1,2.095395337E0,-7.438207948E-1,1.665350168E0
2.737345292E1,3.562975276E-2,-9.349998960E-1,8.665678847E-1
2.739344892E1,-6.019978948E-1,-5.758659571E-1,-1.014476713E0
2.741344492E1,-8.974618679E-1,-7.511453095E-1,-1.796868666E0
2.743344092E1,-9.033571038E-1,-3.771193895E-1,-2.160452628E0
2.745343692E1,-2.975314023E-1,-1.814572281E-1,-3.465374576E0
2.747343292E1,-8.782693326E-1,-6.929076263E-1,-4.413933873E0
2.749342892E1,-1.711656900E0,-1.294696629E0,-3.611024040E0
2.751342492E1,5.601473989E-1,-5.968758801E-1,-1.086726664E0
2.753342192E1,2.791368074E0,1.369616711E-1,-5.880392754E-1
2.755341792E1,2.449597442E0,5.849963844E-2,-7.559315479E-1
2.757341392E1,1.710580281E0,-8.098990095E-1,-1.911953564E0
2.759340992E1,-2.146697199E0,4.338610625E-1,-2.574000463E0
2.761340592E1,6.170215845E-2,8.582016885E-1,-3.005086437E0
2.763340192E1,6.874366790E-1,1.359869695E0,-2.201535165E-2
2.765339792E1,2.037911360E0,1.783520350E0,2.873473799E-1
2.767339392E1,1.399594216E0,2.000809900E0,-9.815019250E-1
2.769338992E1,6.468992485E-1,1.682211491E0,-1.316028734E0
2.771338592E1,-3.667907216E-2,1.006785870E0,2.791834974E-1
2.773338292E1,-8.915995225E-2,9.731830913E-1,1.399301271E0
2.775337892E1,4.912031350E-1,1.267960820E0,1.833555851E0
2.777337492E1,-1.951563407E-1,1.290759699E0,2.032683365E0
2.779337092E1,-3.948577221E-1,8.547743431E-1,3.833494808E0
2.781336692E1,-6.117929312E-1,-3.160759199E-1,3.459371824E0
2.783336292E1,-7.701989003E-1,-2.291331148E0,3.652131720E0
2.785335892E1,-1.728947847E-1,-1.156451787E0,3.635922654E0
2.787335492E1,-2.889620885E-1,-5.449645919E-1,1.822200558E0
2.789335054E1,-9.881271858E-1,-4.958108506E-1,-4.850464189E-1
2.791334654E1,-4.043518462E-1,-1.479740247E-1,-8.516773653E-1
2.793334254E1,9.832882494E-2,-5.659297836E-1,3.725085676E-1
2.795333854E1,3.474537601E-1,-1.282492906E0,2.090170850E0
2.797333554E1,-4.561200969E-2,-1.134548409E0,2.289559150E-1
2.799333154E1,-4.262631174E-1,-5.610271856E-1,-1.418823370E0
2.801332754E1,-4.853074240E-1,-1.581432098E-1,-2.801303955E0
2.803332354E1,-4.649257478E-1,-2.258446115E-1,-2.987339553E0
2.805331954E1,-4.143009202E-1,-5.269943440E-1,-2.455920621E0
2.807331554E1,1.239153636E-1,-4.260164380E-1,-1.678912784E0
2.809331154E1,-9.568602964E-4,-1.839256302E-1,-1.833109708E0
2.811330754E1,-2.097268712E-1,-4.783753306E-2,-1.981318499E0
2.813330354E1,-4.891237189E-1,2.543597281E-2,-2.273746524E0
2.815329954E1,-5.100843060E-1,5.728780299E-2,-1.955876679E0
2.817329554E1,-1.611300041E-1,1.315646911E-1,-1.452798032E0
2.819329154E1,3.299719010E-1,4.685870916E-1,-1.103412278E0
2.821328854E1,7.476217043E-2,7.770628005E-1,-1.333628268E0
2.823328454E1,-9.057896917E-1,7.032063273E-1,-1.362455041E0
2.825328054E1,-1.342333749E0,7.107539132E-1,-9.980653328E-1
2.827327654E1,-7.484199223E-1,9.419861493E-1,-7.971263516E-1
2.829327254E1,-2.080109875E-1,1.220441376E0,-6.276734573E-1
2.831326854E1,-2.599189684E-1,1.162037340E0,1.515083742E-1
2.833326454E1,-8.933597172E-2,1.374040715E0,9.779935956E-1
2.835326054E1,4.069749802E-1,1.730153397E0,1.058554194E0
2.837325654E1,2.253319021E-1,1.010656727E0,1.352480276E0
2.839325254E1,4.032015527E-1,-1.310907742E-1,3.028018633E0
2.841324854E1,1.451096638E0,-8.195735201E-1,4.831283568E0
2.843324454E1,1.963050335E0,-1.328603463E0,5.195145857E0
2.845324054E1,1.865122045E0,-1.033721946E0,3.250289426E0
2.847323654E1,1.977323389E0,-8.874746042E-1,1.830537518E0
2.849323254E1,1.806314550E0,-1.251683342E0,1.274174949E0
2.851322954E1,1.143359067E0,-1.383957008E0,4.501818109E-1
2.853322554E1,6.992988523E-1,-1.251441267E0,-1.446601152E-3
2.855322154E1,6.264924659E-1,-9.700842132E-1,-1.197106308E-1
2.857321754E1,5.721289285E-1,-5.311775883E-1,-6.896726543E-1
2.859321354E1,6.740096446E-1,-2.387871310E-2,-1.486814209E0
2.861320954E1,5.980912238E-1,3.569469340E-1,-2.143702694E0
2.863320554E1,1.289493777E-1,3.922591464E-1,-3.023602815E0
2.865320154E1,-2.609848427E-1,1.794433008E-1,-3.518073776E0
2.867319754E1,-5.177653912E-1,-3.163986862E-2,-3.124524588E0
2.869319354E1,-7.936007729E-1,-4.328777070E-1,-2.011564391E0
2.871318954E1,-8.852055922E-1,-6.345797499E-1,-1.227211867E0
2.873318554E1,-4.762260037E-1,-3.472228682E-1,-9.513051492E-1
2.875318154E1,-3.992446688E-1,8.691754505E-2,-1.053464193E0
2.877317754E1,-8.420684166E-1,3.046889059E-1,-1.393860437E0
2.879317354E1,-1.147697043E0,2.190951705E-1,-7.283613414E-1
2.881316954E1,-9.864717659E-1,2.096986949E-1,4.171631688E-1
2.883316554E1,-7.570281201E-1,3.930024737E-1,9.084456432E-1
2.885316254E1,-9.123879822E-1,5.630742958E-1,1.057681205E0
2.887315854E1,-7.739865804E-1,6.532421619E-1,1.343776111E0
2.889315479E1,-8.409633659E-2,9.676105486E-1,9.573201799E-1
2.891315079E1,5.713805946E-1,1.293066426E0,6.321231884E-1
2.893314679E1,6.424145803E-1,1.082052107E0,1.910321606E0
2.895314279E1,-9.633421542E-1,8.632320482E-1,2.250739485E0
2.897313879E1,-2.337469773E0,7.016547686E-1,1.592274005E0
2.899313479E1,-2.010087823E0,9.898377156E-1,1.892135012E0
2.901313079E1,-9.577240764E-1,3.725196773E-1,3.155623004E0
2.903312679E1,-6.595081843E-2,-1.186036359E0,4.734265396E0
2.905312279E1,-1.228413177E0,-2.208414999E0,2.647869508E0
2.907311879E1,-2.690230247E0,-2.337442583E0,-5.044702846E-1
2.909311479E1,-2.923805462E0,-1.853169459E0,-1.570436409E0
2.911311079E1,-1.488339455E0,-1.537020741E0,2.367502534E-1
2.913310679E1,-3.007676169E-2,-1.189573047E0,2.248205302E0
2.915310279E1,3.994840392E-1,-1.105950262E0,2.801275889E0
2.917309879E1,-5.648254638E-1,-1.068695312E0,1.172760841E0
2.919309479E1,-1.106925359E0,-1.078626808E0,-4.799435538E-1
2.921309079E1,-7.699642076E-1,-1.046552199E0,-1.403867946E0
2.923308679E1,-3.166132790E-1,-1.134962685E0,-2.172123086E0
2.925308279E1,-2.079179985E-1,-1.241543100E0,-3.351678976E0
2.927307879E1,-1.124419570E-3,-1.049894468E0,-4.043954811E0
2.929307479E1,4.863611653E-2,-9.405810633E-1,-3.707779672E0
2.931307079E1,3.881396368E-2,-9.059898126E-1,-3.215497323E0
2.933306779E1,6.283243255E-1,-2.217612085E-1,-2.520129481E0
2.935306379E1,1.385412818E0,3.084239611E-1,-1.254635893E0
2.937305979E1,1.213637483E0,7.327862218E-1,-1.014998285E0
2.939305579E1,6.362011828E-1,1.266106084E0,-1.636473109E0
2.941305179E1,-1.526094049E-1,1.336908849E0,-1.679872897E0
2.943304779E1,-7.355850647E-1,8.745481646E-1,-1.342514867E0
2.945304379E1,-1.434654706E0,7.916726536E-1,-1.845552583E0
2.947303979E1,-1.432364352E0,9.237007365E-1,-1.990807360E0
2.949303579E1,-5.995149478E-1,1.105797942E0,-7.995804280E-1
2.951303179E1,-2.168252814E-1,1.203800493E0,3.197561574E-1
2.953302779E1,-7.143625224E-1,8.314652950E-1,2.502349852E0
2.955302379E1,-1.517249843E0,4.146900889E-1,2.438080766E0
2.957301979E1,-9.422348021E-1,1.232951786E0,2.425266593E0
2.959301579E1,4.089005414E-2,1.271472366E0,4.214674796E0
2.961301179E1,5.356532664E-1,-2.963298726E-1,5.834010885E0
2.963300779E1,1.012846948E0,-1.459498941E0,5.575944607E0
2.965300379E1,6.903604330E-1,-1.224871519E0,2.241120815E0
2.967299979E1,6.635812817E-1,-5.678567335E-1,-7.186391759E-1
2.969299579E1,1.315430271E0,-6.024181634E-2,-9.962965500E-1
2.971299179E1,2.306323702E0,-2.340666738E-1,4.395767158E-1
2.973298779E1,1.613491651E0,-6.616440260E-1,1.748818586E0
2.975298379E1,2.417591063E-1,-9.644736636E-1,4.194728190E-1
2.977297979E1,-9.868629447E-1,-6.494496578E-1,-1.563409810E0
2.979297579E1,-1.259244084E0,-8.050560531E-1,-2.779721298E0
2.981297179E1,-1.296655593E0,-7.462187380E-1,-3.306589342E0
2.983296779E1,-1.126237469E0,-6.411875421E-1,-3.271687896E0
2.985296379E1,-1.044822373E0,-5.778575188E-1,-3.047016236E0
2.987295979E1,-8.253567088E-1,-3.892123085E-1,-2.993066901E0
2.989295592E1,-2.999309535E-1,-9.638579518E-2,-2.785253348E0
2.991295192E1,-7.532525729E-2,8.201041549E-2,-1.372422205E0
2.993294792E1,5.316693025E-1,-2.006793648E-1,-5.856904489E-1
2.995294392E1,9.622460206E-1,-2.537644815E-1,2.018341899E-1
2.997293992E1,1.365665455E0,3.787387758E-2,-2.749009967E-2
2.999293592E1,1.352367133E0,3.823146406E-1,-9.239898813E-1
3.001293192E1,1.349503459E0,6.794870970E-1,-1.777372879E0
3.003292792E1,1.234653034E0,1.094430078E0,-2.548003158E0
3.005292392E1,9.243529203E-1,1.720832058E0,-3.166007659E0
3.007291992E1,2.497756572E-1,2.073883431E0,-2.990514591E0
3.009291592E1,2.212812252E-1,2.158883528E0,-1.813722680E0
3.011291192E1,3.075791115E-1,1.417052248E0,3.185311657E-1
3.013290792E1,3.559425285E-1,6.598883995E-1,3.333615173E0
3.015290392E1,6.550937558E-1,5.483027673E-1,5.283276846E0
3.017289992E1,3.401285876E-1,2.159507426E0,4.667317700E0
3.019289592E1,-6.978946435E-1,2.432379146E0,1.906002268E0
3.021289192E1,-2.522304645E0,1.810467243E0,1.405281218E0
3.023288792E1,-2.084115474E0,-3.579642034E-1,3.206083306E0
3.025288392E1,-2.119821788E-1,-1.948519127E0,5.679643807E0
3.027287992E1,-7.774890625E-1,-2.924705933E0,3.308028926E0
3.029287592E1,-2.284149306E0,-2.996536639E0,-6.144938332E-1
3.031287192E1,-2.484252720E0,-2.514691863E0,-2.462387642E0
3.033286792E1,-1.962260669E0,-2.063329791E0,-1.155782865E0
3.035286392E1,-1.114439835E0,-1.951481912E0,1.083480290E0
3.037285992E1,4.445936269E-1,-4.804852983E-1,2.309885826E0
3.039285592E1,1.888189164E0,1.373946574E0,2.140099640E0
3.041285192E1,2.276523513E0,2.322368461E0,7.010794026E-1
3.043284792E1,1.122263702E0,1.207083412E0,-9.798582727E-1
3.045284392E1,-6.947882371E-1,-5.911675358E-1,-2.516387848E0
3.047283992E1,-1.776703081E0,-1.755394658E0,-3.802211620E0
3.049283592E1,-1.983437384E0,-2.161879641E0,-4.493270649E0
3.051283192E1,-1.499247289E0,-1.839999190E0,-4.411229535E0
3.053282792E1,-9.067829874E-1,-1.332692714E0,-3.763441656E0
3.055282392E1,-3.599171734E-1,-6.954315770E-1,-2.857509731E0
3.057281992E1,-4.090026484E-1,-1.727948704E-1,-2.071961451E0
3.059281592E1,-2.366884191E-1,3.135195172E-1,-9.252517104E-1
3.061281192E1,4.638640031E-2,6.436231998E-1,4.680169880E-2
3.063280792E1,-1.968952661E-1,9.715213126E-1,-1.598745704E-1
3.065280392E1,-4.555688506E-1,1.549088809E0,-1.332202132E0
3.067279992E1,-4.645109975E-1,2.317507963E0,-1.849627508E0
3.069279592E1,-4.955893873E-1,2.503515495E0,-7.647830629E-1
3.071279192E1,-4.256965953E-1,1.939082891E0,1.125703034E0
3.073278792E1,2.849907327E-2,1.448610840E0,2.657878772E0
3.075278392E1,4.664040336E-1,1.773018166E0,2.968333179E0
3.077277992E1,-2.938808760E-1,1.895945350E0,1.223435735E0
3.079277592E1,-5.004366925E-1,1.555643246E0,1.212950508E0
3.081277192E1,-4.340438611E-1,-1.523989052E-1,2.831590778E0
3.083276792E1,1.834037662E-1,-2.347008628E0,4.755137617E0
3.085276392E1,3.331567697E-1,-3.142546584E0,4.952349583E0
3.087275992E1,-7.870531339E-1,-1.755249354E0,7.723142767E-1
3.089275646E1,6.565244964E-1,1.885314819E-1,-1.694680971E0
3.091275246E1,2.554361713E0,6.548787975E-1,-2.086017573E-1
3.093274846E1,2.602359752E0,-1.079565579E0,2.773236735E0
3.095274446E1,1.723075927E0,-1.702471216E0,3.006271083E0
3.097274046E1,1.230914178E0,-7.209970656E-1,9.062687248E-1
3.099273646E1,4.386646233E-1,-1.818791047E-1,-2.162403844E0
3.101273246E1,-3.413332968E-1,1.521594617E-1,-4.241858502E0
3.103272846E1,-1.006104377E0,3.099395594E-1,-5.222088658E0
3.105272446E1,-1.136957097E0,1.966363075E-1,-4.658651542E0
3.107272046E1,-8.776515743E-1,-1.687108827E-1,-3.233133695E0
3.109271646E1,-7.454071444E-1,-5.454730073E-1,-2.163713036E0
3.111271146E1,-6.344051374E-1,-8.332562971E-1,-1.131109954E0
3.113270746E1,-2.656387513E-1,-7.757930776E-1,-2.615366006E-1
3.115270346E1,2.763294349E-1,-6.566797400E-1,-3.680179060E-2
3.117269946E1,5.479346485E-1,-3.290456289E-1,5.625957012E-2
3.119269546E1,9.748679665E-1,3.583846182E-2,6.609809518E-2
3.121269146E1,8.767101726E-1,7.372722057E-1,-5.625840068E-1
3.123268746E1,4.022103035E-1,1.341245728E0,-1.213331746E0
3.125268346E1,-1.663878570E-1,1.466964373E0,-1.391463663E0
3.127267946E1,3.365138389E-2,1.674798976E0,-3.109783173E-1
3.129267546E1,2.372515060E-1,1.538280816E0,1.113345528E0
3.131267146E1,3.975657139E-1,1.252146149E0,2.702452682E0
3.133266746E1,4.053012878E-1,1.307697621E0,3.995433446E0
3.135266346E1,-3.345294401E-2,2.219666796E0,3.971734096E0
3.137265946E1,-5.648157428E-1,2.613974953E0,2.577903480E0
3.139265546E1,-5.706354035E-1,2.512245972E0,1.630994267E0
3.141265146E1,2.006562683E-1,-8.848562211E-2,3.121585193E0
3.143264746E1,-3.431361030E-1,-2.948176365E0,4.289040855E0
3.145264346E1,-2.043140087E0,-3.530951684E0,1.409612251E0
3.147263946E1,-1.932408733E0,-2.147859772E0,-2.234316995E0
3.149263546E1,-8.918070987E-1,-8.128375277E-1,-2.686438912E0
3.151263146E1,2.645189729E-1,-9.049665499E-1,-6.258847940E-1
3.153262746E1,7.193219845E-1,-2.201848868E0,1.872384871E0
3.155262346E1,3.504246573E-1,-2.874526883E0,2.920329292E0
3.157261846E1,1.019161210E0,-1.534916328E0,2.428710603E0
3.159261446E1,1.429402152E0,-4.161171019E-2,7.519589496E-1
3.161261046E1,1.020138572E0,2.733011985E-1,-1.307545593E0
3.163260646E1,2.025212377E-1,2.329940021E-2,-2.613016010E0
3.165260246E1,-4.746285810E-1,-4.158440369E-1,-3.224289197E0
3.167259846E1,-2.878312370E-1,-4.504344106E-1,-3.335370507E0
3.169259446E1,-9.569874734E-2,-3.390698031E-1,-3.010751220E0
3.171259046E1,-1.229264532E-1,-4.246093056E-1,-2.454821929E0
3.173258646E1,-8.989363164E-3,-7.277757427E-1,-1.961195891E0
3.175258246E1,-3.992967090E-1,-9.209019667E-1,-1.564336594E0
3.177257846E1,-6.044641042E-1,-9.671610439E-1,-1.855431454E0
3.179257446E1,-7.333064778E-1,-9.286811024E-1,-1.993321078E0
3.181257046E1,-9.434040990E-1,-6.022181886E-1,-1.789119351E0
3.183256646E1,-6.052150328E-1,2.202760157E-1,-1.786339000E0
3.185256246E1,-1.977958104E-1,1.003047453E0,1.545196903E-1
3.187255846E1,1.506849401E-2,9.210344061E-1,2.021575994E0
3.189255379E1,-6.743301451E-2,7.380484235E-1,2.910106021E0
3.191254979E1,4.110901044E-1,1.465799608E0,2.960230107E0
3.193254579E1,5.476649091E-1,2.318579466E0,1.224818602E0
3.195254079E1,1.688270668E0,3.693801610E0,1.600715631E0
3.197253679E1,2.966890086E0,2.357982390E0,4.320750890E0
3.199253279E1,3.246229704E0,-1.531335493E0,7.138400736E0
3.201252879E1,1.840710796E0,-3.756350153E0,5.720070872E0
3.203252479E1,1.211202775E0,-2.929436331E0,6.657119340E-1
3.205252079E1,1.926617796E0,-1.384715099E0,-2.067080780E0
3.207251679E1,2.917831362E0,-5.308280709E-1,-1.607308951E0
3.209251279E1,3.100237593E0,1.155058980E-1,-3.792410517E-1
3.211250879E1,2.748341045E0,6.672140837E-1,4.115358084E-1
3.213250479E1,2.286958308E0,8.946368587E-1,2.292623091E-1
3.215250079E1,1.123033561E0,9.349782613E-1,-5.737013179E-1
3.217249679E1,4.128535516E-1,2.833870608E-1,-1.731680397E0
3.219249279E1,7.814979136E-2,-5.300714412E-1,-2.806274673E0
3.221248879E1,-4.825607675E-1,-9.594207922E-1,-3.965596858E0
3.223248479E1,-5.740012801E-1,-1.013618634E0,-4.636192387E0
3.225247979E1,-6.121653988E-1,-9.999671397E-1,-4.042610536E0
3.227247579E1,-5.085960799E-1,-9.547509134E-1,-2.900679139E0
3.229247179E1,-1.654313987E-1,-8.727840596E-1,-1.370896667E0
3.231246779E1,7.182580105E-1,-6.858743030E-1,6.279026681E-1
3.233246379E1,1.460410960E0,-1.638521388E-1,1.444372194E0
3.235245979E1,1.662216499E0,6.427569348E-1,9.065727800E-1
3.237245579E1,1.588334152E0,1.138981183E0,2.752664477E-1
3.239245179E1,1.301590204E0,1.430601416E0,2.384237266E-1
3.241244779E1,1.200178727E0,1.425929199E0,6.485737449E-1
3.243244379E1,9.220038745E-1,1.403979920E0,1.445694834E0
3.245243979E1,1.210587063E-1,9.129231486E-1,2.610601110E0
3.247243579E1,-4.527613100E-1,9.963661319E-1,3.592094849E0
3.249243179E1,-7.498134600E-1,1.805808181E0,3.636660572E0
3.251242779E1,-1.398973973E0,2.150326128E0,2.513611005E0
3.253242279E1,-1.190800378E0,1.135395963E0,3.305005331E0
3.255241879E1,-2.845744841E-1,-1.462610244E0,6.133498839E0
3.257241479E1,-2.836392219E-1,-3.217014383E0,5.808426978E0
3.259241079E1,-1.281288671E0,-2.640388581E0,7.298465341E-1
3.261240679E1,-1.779314447E0,-1.166025725E0,-4.106803023E0
3.263240279E1,-1.664889261E0,1.282586753E-1,-6.176988090E0
3.265239879E1,-5.329238592E-1,4.863898167E-1,-4.274545607E0
3.267239479E1,4.599953391E-1,2.415332758E-1,-8.933972490E-1
3.269239079E1,4.620067813E-1,-6.074511543E-1,1.529115890E0
3.271238679E1,-3.320307787E-1,-1.382790196E0,2.157863481E0
3.273238279E1,-8.538798653E-1,-1.484558645E0,7.277649254E-1
3.275237879E1,-8.399105747E-1,-1.432491236E0,-1.145329213E0
3.277237379E1,-4.619363223E-1,-1.064097354E0,-2.572961413E0
3.279236979E1,-2.335221519E-1,-7.475910795E-1,-3.583374311E0
3.281236579E1,-2.731760681E-2,-3.915128955E-1,-3.554498422E0
3.283236179E1,4.252358347E-2,-8.280066669E-2,-2.957908763E0
3.285235779E1,1.034319824E-1,1.763578713E-1,-2.116882101E0
3.287235379E1,9.135061160E-2,3.765785220E-1,-1.502241502E0
3.289235029E1,1.819532181E-1,7.347567335E-1,-1.341467630E0
3.291234629E1,1.121817559E-2,9.160604721E-1,-9.654928333E-1
3.293234229E1,-3.626191717E-1,7.953455821E-1,-6.487672877E-1
3.295233829E1,-8.104328603E-1,9.770077550E-1,-8.651060808E-1
3.297233429E1,-1.014370001E0,1.367763436E0,-1.000779610E0
3.299233029E1,-6.654727829E-1,1.667119828E0,-2.470436919E-1
3.301232529E1,-2.322473858E-1,1.688583494E0,1.264217725E0
3.303232129E1,-7.028616339E-2,1.418921018E0,2.437733442E0
3.305231729E1,-3.262453973E-2,1.320141665E0,2.646662643E0
3.307231329E1,2.382264561E-1,1.596037858E0,2.330758631E0
3.309230929E1,4.471932258E-1,1.827070119E0,1.556752755E0
3.311230529E1,6.491382936E-1,1.056980708E0,2.199958171E0
3.313230129E1,9.148144305E-1,-1.422129385E0,4.859512755E0
3.315229729E1,4.651117259E-1,-3.822911055E0,5.739169632E0
3.317229329E1,-3.091595408E-1,-3.926900277E0,2.445259978E0
3.319228929E1,-1.135595061E-1,-2.496776579E0,-1.013562793E0
3.321228529E1,9.171438150E-1,-7.982107177E-1,-2.235447262E0
3.323228029E1,1.856940328E0,6.132591936E-1,-1.793966693E0
3.325227629E1,2.330593447E0,1.316615794E0,-5.102695531E-1
3.327227229E1,1.685904885E0,1.279060298E0,-4.275016308E-2
3.329226829E1,8.322375660E-1,8.943328035E-1,3.620946765E-2
3.331226429E1,1.864685842E-1,3.940845010E-1,-8.743709940E-1
3.333226029E1,1.140864864E-3,3.441378772E-3,-2.024492585E0
3.335225629E1,-1.866923864E-1,-2.890021420E-1,-3.026932805E0
3.337225229E1,-2.975043590E-1,-4.412390792E-1,-3.592387210E0
3.339224829E1,-3.654676428E-1,-4.809665242E-1,-3.797817437E0
3.341224429E1,-3.407005184E-1,-4.436446238E-1,-3.475590246E0
3.343224029E1,-3.872009394E-1,-5.466363108E-1,-2.510321946E0
3.345223529E1,-4.363097303E-1,-5.953281221E-1,-1.515779561E0
3.347223129E1,-2.329780684E-1,-4.115667987E-1,-9.577417642E-1
3.349222729E1,2.420328473E-1,3.883299637E-1,-8.782085216E-1
3.351222329E1,6.377085949E-1,1.442512195E0,-1.076575897E0
3.353221929E1,6.511403071E-1,2.081076968E0,-8.991503245E-1
3.355221529E1,7.658005515E-1,2.392580950E0,1.215507495E-1
3.357221129E1,6.811736532E-1,2.295337953E0,1.437995805E0
3.359220729E1,4.762994228E-1,2.180838068E0,2.538054705E0
3.361220329E1,4.139887154E-1,2.267360780E0,4.030443065E0
3.363219929E1,2.460343163E-1,2.593098055E0,4.185463277E0
3.365219429E1,-6.088273696E-1,2.473521033E0,2.748490734E0
3.367219029E1,-1.195561473E0,1.402215523E0,2.270269770E0
3.369218629E1,-8.026290201E-1,-1.253720804E0,4.768533003E0
3.371218229E1,-1.114772541E0,-3.643199221E0,6.388349733E0
3.373217829E1,-1.641234058E0,-3.890151112E0,3.725271032E0
3.375217429E1,-1.970492525E0,-2.392168137E0,-6.407373065E-1
3.377217029E1,-1.881547458E0,-9.240933770E-1,-3.456667487E0
3.379216629E1,-6.416371930E-1,2.261191383E-1,-3.503397850E0
3.381216229E1,6.797978765E-1,3.232071841E-1,-5.805261880E-1
3.383215829E1,9.990383095E-1,-6.141070399E-1,1.755099666E0
3.385215329E1,7.586024098E-1,-1.393990245E0,2.846060883E0
3.387214929E1,5.388146366E-1,-1.586750141E0,1.681551048E0
3.389214517E1,4.656427261E-1,-1.083630855E0,-1.226039500E0
3.391214117E1,4.390744400E-1,-5.175662935E-1,-3.831008572E0
3.393213717E1,2.709858473E-1,-1.180877361E-1,-5.282853507E0
3.395213317E1,1.267633961E-1,-1.469259113E-2,-5.265647491E0
3.397212917E1,3.442543830E-1,-2.809791774E-2,-3.700639052E0
3.399212517E1,5.398782451E-1,1.015816310E-1,-1.878432062E0
3.401212117E1,2.388416563E-1,-9.446352303E-2,-6.290960848E-1
3.403211617E1,7.793739125E-2,-1.809265932E-1,2.136689544E-2
3.405211217E1,-6.509456679E-2,7.332554609E-2,-2.335600126E-1
3.407210817E1,-4.714753237E-1,1.866720673E-1,-1.000379661E0
3.409210417E1,-7.597778463E-1,3.259308171E-1,-1.351872751E0
3.411210017E1,-7.208866994E-1,7.108813825E-1,-1.346544183E0
3.413209617E1,-1.822591737E-1,1.089594138E0,-1.158570818E0
3.415209217E1,3.209342252E-1,1.463857455E0,-2.641327643E-1
3.417208817E1,4.183212098E-1,1.614641652E0,1.680401486E0
3.419208417E1,-2.107307285E-2,1.381093918E0,3.214601530E0
3.421207917E1,-2.838969380E-1,1.281873393E0,4.126926216E0
3.423207517E1,2.300011048E-1,1.883382899E0,4.597965045E0
3.425207117E1,1.182114778E0,2.571126557E0,3.233778643E0
3.427206717E1,1.772743346E0,1.799076867E0,2.596249119E0
3.429206317E1,1.548753472E0,-9.236788094E-1,3.108202670E0
3.431205917E1,1.143520742E0,-3.410152887E0,2.803703653E0
3.433205517E1,7.471360199E-1,-4.548904274E0,1.466323811E0
3.435205117E1,1.152767310E0,-4.126241799E0,2.030340385E-1
3.437204717E1,2.337497547E0,-2.799033481E0,1.715590614E-1
3.439204217E1,3.060248485E0,-1.206306902E0,2.427600217E-1
3.441203817E1,2.912049050E0,-1.917965671E-1,2.573915094E-1
3.443203417E1,2.367584980E0,5.179649274E-1,-9.889103472E-2
3.445203017E1,1.885028013E0,9.271470854E-1,-6.394591051E-1
3.447202617E1,1.388918662E0,9.474737611E-1,-1.414606943E0
3.449202217E1,7.397516444E-1,4.365003495E-1,-2.435751820E0
3.451201817E1,2.287832028E-1,-2.469732329E-1,-3.318394870E0
3.453201417E1,-3.437665790E-2,-8.897054632E-1,-3.706349443E0
3.455200917E1,-3.010526687E-2,-1.168448081E0,-3.396236513E0
3.457200517E1,-6.179483682E-2,-1.168146510E0,-2.950978058E0
3.459200117E1,-3.064552036E-1,-1.155364936E0,-2.252190179E0
3.461199717E1,-6.263757408E-1,-6.252921787E-1,-2.212989276E0
3.463199317E1,-3.269654819E-1,2.259846523E-1,-1.421259320E0
3.465198917E1,4.486280595E-1,9.191261673E-1,-3.297964114E-1
3.467198517E1,1.193246926E0,1.483298570E0,6.143260181E-1
3.469198117E1,1.245595659E0,1.588868295E0,6.444426870E-1
3.471197617E1,6.553706945E-1,1.566820491E0,1.372540319E-1
3.473197217E1,2.510136589E-1,1.691776367E0,2.752477366E-1
3.475196817E1,1.927803612E-1,1.906727323E0,1.012776927E0
3.477196417E1,5.981810517E-1,2.170927330E0,1.810082788E0
3.479196017E1,7.614999975E-1,2.749504641E0,2.137088324E0
3.481195617E1,6.388204430E-1,2.583089083E0,3.337363822E0
3.483195217E1,9.299783803E-1,2.893993433E0,4.123512027E0
3.485194817E1,3.183239550E-1,2.752604835E0,2.469020723E0
3.487194317E1,-8.564533710E-1,5.261485443E-1,1.581653123E0
3.489193842E1,-9.879844406E-1,-1.839372953E0,2.412344247E0
3.491193442E1,-4.074797411E-1,-3.333732117E0,3.142501268E0
3.493193042E1,-4.050579706E-1,-3.339241656E0,1.488538553E0
3.495192642E1,-1.235371072E0,-2.914605161E0,-9.731023997E-1
3.497192242E1,-1.883543990E0,-2.437077384E0,-2.479025894E0
3.499191842E1,-1.343635193E0,-2.254729333E0,-1.030049018E0
3.501191342E1,5.932482675E-2,-1.780328355E0,1.134024791E0
3.503190942E1,1.130839082E0,-7.071224999E-1,1.782036619E0
3.505190542E1,2.413654315E0,1.068926570E0,9.945458937E-1
3.507190142E1,3.163562646E0,2.036740455E0,-6.105779529E-1
3.509189742E1,1.154454816E0,7.142590266E-1,-2.827822248E0
3.511189342E1,-1.095777276E0,-7.720438430E-1,-4.533785421E0
3.513188942E1,-1.972078436E0,-1.503339902E0,-4.771040289E0
3.515188442E1,-1.680940306E0,-1.754502957E0,-3.423847066E0
3.517188042E1,-8.905414689E-1,-1.570330867E0,-2.385628903E0
3.519187642E1,-1.554963215E-1,-6.633318248E-1,-2.457106436E0
3.521187242E1,2.865281850E-1,2.197839725E-1,-2.662236702E0
3.523186842E1,7.374435291E-1,9.683740488E-1,-2.273055384E0
3.525186442E1,1.093402868E0,1.297532529E0,-1.531479920E0
3.527186042E1,1.065724196E0,1.159154077E0,-7.810985488E-1
3.529185542E1,4.716918169E-1,1.038085431E0,-4.819807237E-1
3.531185142E1,-2.951200837E-1,1.167924609E0,-3.656310725E-1
3.533184742E1,-7.404640545E-1,1.603115036E0,2.284378517E-1
3.535184342E1,-8.296854025E-1,2.015064535E0,1.905285984E0
3.537183942E1,-7.690917300E-1,1.940090658E0,3.958179665E0
3.539183542E1,2.639561784E-1,2.106564689E0,5.962685882E0
3.541183042E1,1.263631396E0,2.431562583E0,5.618698863E0
3.543182642E1,1.650391674E0,1.657059401E0,4.232980675E0
3.545182242E1,6.131654189E-1,-1.144746830E0,3.283961787E0
3.547181842E1,1.607270213E-1,-3.565490895E0,2.036112757E0
3.549181442E1,4.542328350E-1,-4.386444065E0,7.994237226E-1
3.551181042E1,9.025593974E-1,-3.781489672E0,-1.125698941E0
3.553180642E1,1.854728326E0,-2.053480157E0,-1.891435100E0
3.555180142E1,3.052788315E0,-2.332109338E-1,-1.404138088E0
3.557179742E1,3.730142640E0,7.428124425E-1,4.031128943E-1
3.559179342E1,3.262344630E0,9.040105301E-1,1.879335456E0
3.561178942E1,1.735545407E0,5.507431027E-1,1.477728805E0
3.563178542E1,3.298453818E-1,1.705129945E-1,1.658270359E-2
3.565178142E1,-4.345712069E-1,-2.963810357E-1,-1.537852215E0
3.567177642E1,-4.834777571E-1,-6.657090104E-1,-2.972894592E0
3.569177242E1,-7.957081094E-2,-7.893211958E-1,-3.867481749E0
3.571176842E1,5.062972471E-2,-1.128978644E0,-4.326924380E0
3.573176442E1,-2.041401856E-1,-1.265633629E0,-4.471588588E0
3.575176042E1,-2.938673177E-1,-1.164161341E0,-3.792553774E0
3.577175642E1,1.975366326E-1,-4.508288053E-1,-2.673089719E0
3.579175142E1,6.318341897E-1,1.914091891E-1,-1.439829492E0
3.581174742E1,1.173671252E0,5.727189857E-1,-1.076975262E-1
3.583174342E1,1.764868755E0,9.922657719E-1,1.397364088E0
3.585173942E1,1.365314915E0,1.213233806E0,1.394006032E0
3.587173542E1,5.243174887E-1,1.387164498E0,4.275098169E-1
3.589173146E1,1.711971188E-1,1.920632002E0,3.527870786E-1
3.591172646E1,-1.239524934E-1,2.154199031E0,1.663674940E0
3.593172246E1,-5.766987468E-1,2.056106141E0,3.166847904E0
3.595171846E1,-1.957739894E-1,2.034279362E0,4.315328767E0
3.597171446E1,1.562678908E0,3.648528958E0,4.815561574E0
3.599171046E1,1.311116927E0,4.083677578E0,2.199742994E0
3.601170546E1,-1.666867813E0,1.120672089E0,8.016614521E-1
3.603170146E1,-4.112823316E0,-2.324450070E0,7.916480953E-1
3.605169746E1,-3.765299609E0,-4.312703952E0,1.995467007E0
3.607169346E1,-2.375643467E0,-3.733958241E0,1.595392326E0
3.609168946E1,-1.985359363E0,-2.969344455E0,5.002842629E-1
3.611168546E1,-1.935711240E0,-2.764107770E0,-4.745325404E-1
3.613168046E1,-1.281703678E0,-2.220103876E0,1.703024948E-1
3.615167646E1,9.687316060E-1,-9.647525758E-2,1.468630537E0
3.617167246E1,3.928002185E0,2.118389221E0,2.059534364E0
3.619166846E1,4.896495225E0,2.956137349E0,1.784689500E0
3.621166446E1,2.616590120E0,1.436015646E0,-1.217945784E-1
3.623165946E1,-8.150463134E-2,-9.835896733E-1,-2.482343019E0
3.625165546E1,-1.857993412E0,-2.558439268E0,-4.587635354E0
3.627165146E1,-2.034683113E0,-2.848924557E0,-5.340933900E0
3.629164746E1,-1.674214839E0,-2.569085294E0,-5.128798671E0
3.631164346E1,-1.217773584E0,-1.992824357E0,-4.307719785E0
3.633163846E1,-8.410184759E-1,-1.344509059E0,-3.657358546E0
3.635163446E1,-1.112720753E-1,-1.290714383E-2,-2.923227172E0
3.637163046E1,8.376896560E-1,1.436423489E0,-1.938746091E0
3.639162646E1,1.521375200E0,2.231418823E0,-6.345953912E-1
3.641162246E1,1.701172257E0,2.051583028E0,1.026974552E0
3.643161746E1,1.037175604E0,1.276514128E0,1.757308159E0
3.645161346E1,-3.297467101E-1,9.284986693E-1,3.337193084E-1
3.647160946E1,-1.385794495E0,1.120994271E0,-7.329315251E-1
3.649160546E1,-1.742429772E0,1.337138644E0,1.053615636E-1
3.651160146E1,-6.518432886E-1,1.661974278E0,2.643261902E0
3.653159646E1,1.069930171E0,2.336633621E0,5.190896101E0
3.655159246E1,2.696833800E0,3.290659187E0,5.239760113E0
3.657158846E1,1.263878148E0,1.607311290E0,3.637068123E0
3.659158446E1,-3.270292897E-1,-1.067218306E0,2.681638933E0
3.661158046E1,-1.268873863E0,-2.992205606E0,1.730368867E0
3.663157546E1,-1.010796914E0,-4.086243336E0,1.308064826E0
3.665157146E1,4.976525042E-2,-4.001268967E0,8.211350191E-1
3.667156746E1,1.361073637E0,-2.677408180E0,6.170093054E-1
3.669156346E1,2.156050990E0,-1.363360483E0,6.095295471E-1
3.671155946E1,2.538134227E0,-4.421351650E-1,8.283691943E-1
3.673155446E1,2.398108323E0,7.467099041E-1,4.666516632E-1
3.675155046E1,1.696780998E0,1.485534253E0,-4.055032361E-1
3.677154646E1,6.483602484E-1,1.275758667E0,-1.005022350E0
3.679154246E1,-1.578494603E-1,3.602656674E-1,-1.123479922E0
3.681153746E1,-3.476699975E-1,-6.860722312E-1,-1.541168756E0
3.683153346E1,-1.991555804E-1,-1.359795143E0,-2.568729199E0
3.685152946E1,-1.834891720E-1,-1.577466516E0,-4.029523298E0
3.687152546E1,-4.999476825E-1,-1.579744007E0,-5.041551197E0
3.689152229E1,-8.321766818E-1,-1.651806262E0,-4.936756228E0
3.691151729E1,-6.810136588E-1,-1.524528165E0,-3.625647926E0
3.693151329E1,2.369093708E-1,-9.066210195E-1,-1.568989808E0
3.695150929E1,1.013433643E0,1.229786396E-2,-1.560171622E-1
3.697150529E1,1.756529894E0,1.094903118E0,4.106359220E-1
3.699150129E1,2.319336242E0,2.070118409E0,2.202418095E-1
3.701149629E1,1.887092373E0,2.370433451E0,-5.755016756E-1
3.703149229E1,8.606298910E-1,2.069473169E0,-5.533594394E-1
3.705148829E1,1.391115461E-1,1.857129486E0,6.418780982E-1
3.707148429E1,-4.048847468E-1,1.443570541E0,2.539888977E0
3.709147929E1,-2.256964577E-1,1.890351318E0,4.707759967E0
3.711147529E1,5.063943840E-1,3.137150773E0,4.428613892E0
3.713147129E1,-1.418891490E0,2.498141319E0,2.894410924E0
3.715146729E1,-2.261596887E0,8.710412970E-1,2.986947205E0
3.717146229E1,-1.089363758E0,-1.426517721E0,5.257644991E0
3.719145829E1,-3.729570490E-1,-3.294934087E0,5.614052666E0
3.721145429E1,-1.312532537E0,-3.168172006E0,1.263541203E0
3.723145029E1,-2.621628374E0,-2.315496229E0,-2.931693941E0
3.725144629E1,-2.603752266E0,-1.788386402E0,-2.846989421E0
3.727144129E1,-7.620187917E-1,-2.114301140E0,9.869486064E-1
3.729143729E1,1.008233787E0,-1.577150474E0,3.789021471E0
3.731143329E1,2.669065080E0,-1.446285403E-1,3.938672769E0
3.733142929E1,2.657015138E0,9.421077713E-1,1.406866398E0
3.735142429E1,1.218419701E0,4.378079331E-1,-1.442352566E0
3.737142029E1,-6.757795237E-1,-5.273060006E-1,-3.814417682E0
3.739141629E1,-1.699123101E0,-1.152589993E0,-5.245748246E0
3.741141229E1,-1.818273276E0,-1.399806470E0,-5.420478837E0
3.743140729E1,-1.670400846E0,-1.482294311E0,-4.780485882E0
3.745140329E1,-1.018739260E0,-1.068590940E0,-3.553954046E0
3.747139929E1,-3.726179836E-1,-7.796232963E-1,-2.455791982E0
3.749139529E1,2.848859214E-1,-2.915073815E-1,-1.480875192E0
3.751139029E1,8.725145761E-1,4.539962420E-1,-1.063250093E0
3.753138629E1,8.482545514E-1,9.555250847E-1,-1.100964049E0
3.755138229E1,2.462413077E-1,8.943605778E-1,-1.276334910E0
3.757137829E1,-4.142247237E-1,8.637711614E-1,-1.461302222E0
3.759137429E1,-1.029694896E0,1.096007657E0,-1.478590100E0
3.761136929E1,-1.079269563E0,1.250723521E0,-6.571106797E-1
3.763136529E1,-5.944948938E-1,1.473593654E0,1.493562480E0
3.765136129E1,7.009115875E-2,1.918211254E0,3.242541865E0
3.767135729E1,5.292501998E-1,2.880469116E0,3.324650221E0
3.769135229E1,9.736625630E-1,4.012137479E0,2.653057158E0
3.771134829E1,1.272258816E0,3.889894127E0,3.968349727E0
3.773134429E1,6.580484270E-1,1.134746338E0,6.045995257E0
3.775134029E1,-4.582992080E-1,-2.443506105E0,6.601739191E0
3.777133529E1,-1.674081230E-1,-4.655553980E0,5.349383712E0
3.779133129E1,4.388883524E-1,-4.777428080E0,2.217151324E0
3.781132729E1,3.448698024E-1,-3.355282322E0,-2.148710834E0
3.783132329E1,9.022998541E-1,-1.507834072E0,-4.360817181E0
3.785131829E1,2.621628082E0,-5.344588995E-2,-2.722896302E0
3.787131429E1,3.664283111E0,3.429716501E-1,-2.866521460E-1
3.789130983E1,3.403537347E0,2.158300853E-1,4.864403951E-1
3.791130583E1,2.029678773E0,-2.491700318E-1,1.046873796E-1
3.793130083E1,4.682005175E-1,-8.320120096E-1,-1.741076288E0
3.795129683E1,-4.795881162E-1,-1.352182068E0,-3.325470586E0
3.797129283E1,-6.957590210E-1,-1.585976554E0,-3.963370239E0
3.799128883E1,-6.072152922E-1,-1.458665128E0,-4.006736113E0
3.801128483E1,7.364202663E-3,-9.853645957E-1,-3.053661012E0
3.803127983E1,4.283489654E-1,-5.816482687E-1,-1.632626810E0
3.805127583E1,7.330939315E-1,-4.650635594E-1,1.494735432E-1
3.807127183E1,1.125774297E0,-4.186124012E-1,1.429461794E0
3.809126783E1,1.226552447E0,1.671388587E-1,3.654018617E-1
3.811126283E1,1.193773614E0,9.418925938E-1,-1.709936357E0
3.813125883E1,1.612744961E0,1.609201110E0,-2.840065148E0
3.815125483E1,1.204841078E0,1.700552160E0,-3.315816248E0
3.817125083E1,2.933695735E-1,1.803880647E0,-2.879726227E0
3.819124583E1,-2.698721720E-1,1.948895103E0,-1.156806713E0
3.821124183E1,-2.580474208E-1,1.993159695E0,1.441971912E0
3.823123783E1,5.908815338E-1,2.246524227E0,4.801670344E0
3.825123383E1,2.021392391E0,3.123135290E0,7.571656027E0
3.827122983E1,1.007288000E0,3.407265531E0,5.884995682E0
3.829122483E1,-2.157003502E0,1.889950492E0,3.424538206E0
3.831122083E1,-3.466511859E0,-2.624598759E-1,2.305829027E0
3.833121683E1,-2.708294635E0,-2.273114440E0,3.065441397E0
3.835121283E1,-1.616463352E0,-3.367956455E0,2.748871973E0
3.837120783E1,-1.843360901E0,-3.163004529E0,-6.838903427E-3
3.839120383E1,-2.153547213E0,-2.049386521E0,-2.966645088E0
3.841119983E1,-1.753819271E0,-1.107529303E0,-3.074994578E0
3.843119583E1,-2.121824460E-1,-1.097396078E0,3.305010009E-1
3.845119083E1,1.337187030E0,-9.612126714E-1,3.564410037E0
3.847118683E1,2.526386002E0,-2.805912146E-1,3.813934118E0
3.849118283E1,2.105130659E0,2.573096484E-2,1.115287973E0
3.851117883E1,2.164351259E-1,-1.162250471E0,-2.148499750E0
3.853117383E1,-1.098994999E0,-2.006455679E0,-4.450799398E0
3.855116983E1,-1.324270677E0,-2.248540347E0,-5.198177054E0
3.857116583E1,-1.059054643E0,-2.062231100E0,-4.602139957E0
3.859116183E1,-8.478619109E-1,-1.484531456E0,-3.707126538E0
3.861115783E1,-4.117615110E-1,-3.997829050E-1,-2.970912970E0
3.863115283E1,8.228599477E-1,5.507071424E-1,-2.347920794E0
3.865114883E1,-5.990677819E-1,5.234977090E-1,-6.461629379E-1
3.867114483E1,6.386606678E-1,1.083711255E-1,-4.012219048E-1
3.869114083E1,6.334081871E-1,8.242884225E-1,-7.682943159E-1
3.871113583E1,1.569839993E-1,8.680513233E-1,-1.314012614E0
3.873113183E1,-5.567508245E-1,8.788084459E-1,-1.330239222E0
3.875112783E1,-1.117693152E0,1.236732304E0,-5.681792074E-1
3.877112383E1,-1.183914258E0,1.421911869E0,1.206045531E0
3.879111983E1,-3.499990897E-1,1.804306909E0,2.607801463E0
3.881111483E1,1.942826936E-2,2.482999077E0,2.806877521E0
3.883111083E1,7.177543460E-1,3.757453523E0,2.163125975E0
3.885110683E1,1.408200879E0,4.681672030E0,2.000110281E0
3.887110283E1,1.449784669E0,3.450563579E0,3.681756638E0
3.889109829E1,2.345254610E-1,3.962102562E-1,5.045353641E0
3.891109429E1,5.875989801E-1,-2.945755910E0,5.512958985E0
3.893109029E1,7.975484475E-1,-4.916069364E0,3.954053870E0
3.895108629E1,5.589512779E-1,-4.891035095E0,3.623051763E-2
3.897108129E1,4.888278864E-1,-3.198422869E0,-3.610015395E0
3.899107729E1,1.440441111E0,-5.232509565E-1,-4.539413951E0
3.901107329E1,2.602962892E0,7.812570083E-1,-2.605129870E0
3.903106929E1,3.259735310E0,1.115522447E0,-3.629015923E-2
3.905106529E1,3.097592313E0,7.155565238E-1,2.287543615E0
3.907106029E1,1.460925515E0,-4.015832627E-1,1.962124429E0
3.909105629E1,-9.785858089E-2,-1.300827143E0,-6.648985863E-2
3.911105229E1,-6.284612965E-1,-1.919171367E0,-2.107839966E0
3.913104829E1,-7.564924420E-1,-2.081115267E0,-3.692443010E0
3.915104329E1,-6.839026950E-1,-2.135514838E0,-4.602932255E0
3.917103929E1,-9.417171042E-1,-2.090563783E0,-4.517137229E0
3.919103529E1,-8.523962074E-1,-1.876773207E0,-3.926614056E0
3.921103129E1,-3.245212727E-1,-1.086754730E0,-3.021049921E0
3.923102629E1,4.947096737E-1,-3.673928386E-1,-1.687070820E0
3.925102229E1,1.460873036E0,2.180982202E-1,-2.209990239E-1
3.927101829E1,2.070984089E0,8.781132120E-1,7.131509793E-1
3.929101429E1,1.814918290E0,1.431232331E0,1.380627018E-1
3.931101029E1,9.648760982E-1,1.530801058E0,-4.803581214E-1
3.933100529E1,1.789855369E-1,1.593586121E0,-3.042423248E-2
3.935100129E1,1.125823267E-1,2.036736655E0,1.400482408E0
3.937099729E1,5.370396778E-1,2.726853113E0,2.694257224E0
3.939099329E1,1.103183287E0,4.036856875E0,3.360962015E0
3.941098829E1,7.963568580E-1,4.995580387E0,2.988252888E0
3.943098429E1,-4.384806553E-1,4.117222177E0,3.560281318E0
3.945098029E1,-2.034240478E0,7.483558953E-1,5.552479731E0
3.947097629E1,-2.471559584E0,-2.617185659E0,7.051170219E0
3.949097229E1,-2.421462979E0,-4.344152032E0,5.263745976E0
3.951096729E1,-2.505620200E0,-3.059827486E0,-3.461960971E-2
3.953096329E1,-2.307881839E0,-1.235018485E0,-4.032754469E0
3.955095929E1,-1.399333138E0,1.766823918E-1,-4.700662617E0
3.957095529E1,4.135501742E-2,1.184207350E-1,-2.107672151E0
3.959095029E1,1.276115347E0,-3.175388932E-1,1.113339681E0
3.961094629E1,1.836968725E0,-6.253269696E-1,3.046909232E0
3.963094229E1,1.507652954E0,-5.271183050E-1,1.900990620E0
3.965093829E1,6.931535017E-1,-1.168437994E0,-3.101468432E-1
3.967093329E1,-1.171837565E-1,-2.037393882E0,-2.313373105E0
3.969092929E1,-3.231851108E-1,-2.494543235E0,-3.683079278E0
3.971092529E1,-6.354403138E-1,-2.623045739E0,-4.302535644E0
3.973092129E1,-4.979697888E-1,-2.376679155E0,-4.635929262E0
3.975091629E1,-2.482818398E-1,-1.545291628E0,-4.390438591E0
3.977091229E1,2.380133982E-1,-5.174335617E-1,-3.433351130E0
3.979090829E1,8.016827944E-1,5.155244458E-1,-2.171348330E0
3.981090429E1,9.038474659E-1,1.297134626E0,-1.092962134E0
3.983090029E1,3.274482427E-1,1.156586857E0,-2.875502783E-1
3.985089529E1,-1.963900667E-1,7.894518811E-1,4.245569730E-1
3.987089129E1,-8.541701795E-1,5.380987912E-1,3.205326676E-2
3.989088729E1,-1.672828464E0,8.870056576E-1,-9.549818784E-1
3.991088242E1,-1.941369737E0,1.579879662E0,-9.145980835E-1
3.993087742E1,-1.389376499E0,2.306459942E0,3.286556196E-1
3.995087342E1,-1.108499794E-1,3.059068517E0,2.445190396E0
3.997086942E1,1.549235282E0,3.623308455E0,3.989056472E0
3.999086542E1,3.293176414E0,4.554893870E0,3.507516044E0
4.001086042E1,3.211411581E0,4.462817765E0,2.217322648E0
4.003085642E1,1.031037489E0,1.772426135E0,1.945111955E0
4.005085242E1,-1.791265279E0,-1.369743596E0,2.666978209E0
4.007084842E1,-2.270897176E0,-4.037764948E0,4.088266180E0
4.009084342E1,-1.891663580E0,-5.462852440E0,4.813344895E0
4.011083942E1,-7.769981888E-1,-5.520388457E0,3.903523402E0
4.013083542E1,8.252236846E-1,-3.148951916E0,1.331574141E0
4.015083142E1,3.324984097E0,7.863101721E-1,-1.519995403E0
4.017082742E1,5.509733661E0,3.003472606E0,-3.090300250E0
4.019082242E1,4.369128121E0,2.611005737E0,-3.205507355E0
4.021081842E1,9.750650907E-1,2.859335232E-1,-2.413224252E0
4.023081442E1,-1.341217077E0,-1.702946010E0,-1.761433370E0
4.025081042E1,-2.616531941E0,-2.817311293E0,-1.647819631E0
4.027080542E1,-2.623874289E0,-2.793828290E0,-1.766323396E0
4.029080142E1,-1.892620769E0,-2.819998088E0,-1.715565471E0
4.031079742E1,-1.155657077E0,-2.474545172E0,-2.023540074E0
4.033079342E1,-6.838578176E-1,-1.867529928E0,-2.684421623E0
4.035078842E1,-6.284770109E-2,-1.168133939E0,-3.134750783E0
4.037078442E1,1.021764609E0,-2.631077474E-1,-2.629292904E0
4.039078042E1,2.019183167E0,2.723364079E-1,-1.682995310E0
4.041077642E1,2.353977632E0,3.685921025E-1,-8.473574424E-1
4.043077142E1,2.186638360E0,7.392810166E-1,-9.143641949E-1
4.045076742E1,1.262157313E0,9.290886533E-1,-2.033389124E0
4.047076342E1,5.423815113E-2,1.155412737E0,-2.663047126E0
4.049075942E1,-7.968939979E-2,1.976623769E0,-1.509662789E0
4.051075442E1,9.313572999E-3,2.379043184E0,9.361649537E-1
4.053075042E1,1.317073631E-1,2.647646729E0,3.644529170E0
4.055074642E1,1.282428294E0,4.085347835E0,4.780022782E0
4.057074242E1,1.970775823E0,5.365967000E0,3.763321204E0
4.059073742E1,-2.216901283E-1,3.889946167E0,2.600267326E0
4.061073342E1,-2.723847644E0,7.953224856E-1,3.578072641E0
4.063072942E1,-3.599244824E0,-2.589137735E0,5.588484546E0
4.065072542E1,-3.652293980E0,-4.292476094E0,5.722260654E0
4.067072042E1,-3.920791984E0,-3.529152496E0,1.917848727E0
4.069071642E1,-3.655673086E0,-1.660154917E0,-1.643604957E0
4.071071242E1,-2.175816772E0,5.342776358E-1,-3.092293566E0
4.073070842E1,2.934827171E-1,1.562829766E0,-5.910248637E-1
4.075070342E1,1.710154750E0,2.325332415E-1,3.053246444E0
4.077069942E1,1.655130404E0,-9.114142746E-1,4.157705374E0
4.079069542E1,1.262911165E0,-1.342282732E0,2.155071436E0
4.081069142E1,8.633179291E-1,-1.943754231E0,-7.664810944E-1
4.083068642E1,2.889051513E-1,-2.452804640E0,-3.439629285E0
4.085068242E1,-3.000262631E-1,-2.572626368E0,-5.650501285E0
4.087067842E1,-5.348994141E-1,-2.188411090E0,-6.554581397E0
4.089067342E1,-7.423025653E-1,-1.860967598E0,-5.853369262E0
4.091066954E1,-5.032877583E-1,-1.216125546E0,-4.310800683E0
4.093066554E1,1.209714366E-1,-5.211383575E-1,-2.317259164E0
4.095066154E1,5.834554238E-1,7.709203005E-2,-2.836308897E-1
4.097065654E1,6.297903686E-1,2.420799905E-1,7.544334912E-1
4.099065254E1,2.802927142E-1,2.189858276E-1,4.709955597E-1
4.101064854E1,-2.780297687E-1,1.941328222E-1,-7.082755709E-1
4.103064454E1,-4.030017972E-1,6.294282067E-1,-1.445554501E0
4.105063954E1,-3.562989894E-1,1.230410879E0,-1.876142292E0
4.107063554E1,2.964420295E-1,2.386042886E0,-1.293434508E0
4.109063154E1,9.312908609E-1,2.933145804E0,4.645525128E-1
4.111062754E1,1.349109356E0,3.614324793E0,2.142063720E0
4.113062254E1,2.235704832E0,4.066551960E0,3.447811294E0
4.115061854E1,1.816751099E0,4.061383021E0,3.112970490E0
4.117061454E1,4.370775062E-1,2.517871871E0,2.565556499E0
4.119060954E1,-1.574603135E0,6.185360134E-2,3.276427649E0
4.121060554E1,-2.031216152E0,-2.684139787E0,4.845563638E0
4.123060154E1,-9.947702806E-1,-4.835643836E0,5.952217028E0
4.125059754E1,-1.727932076E-1,-4.605358849E0,3.915241807E0
4.127059254E1,1.379184218E0,-2.166226754E0,-4.752441466E-2
4.129058854E1,3.491898423E0,8.610001659E-1,-2.642816344E0
4.131058454E1,4.923905802E0,2.255785632E0,-3.071883275E0
4.133058054E1,3.427990987E0,1.262253646E0,-1.643692081E0
4.135057554E1,1.055045645E0,-5.228065681E-1,-6.911882526E-1
4.137057154E1,-1.005713491E0,-1.630997776E0,-4.327114999E-1
4.139056754E1,-2.227436430E0,-2.197828323E0,-7.966544813E-1
4.141056254E1,-2.556287493E0,-2.484994732E0,-1.108897551E0
4.143055854E1,-1.907488338E0,-2.139840024E0,-1.636643847E0
4.145055454E1,-8.688048832E-1,-1.580279612E0,-1.983206565E0
4.147055054E1,-3.482813604E-2,-1.316140416E0,-2.404554586E0
4.149054554E1,3.898933630E-1,-9.647145689E-1,-3.075948844E0
4.151054154E1,9.826384775E-1,-3.671373153E-1,-3.410194986E0
4.153053754E1,1.447006511E0,1.334229362E-1,-3.126348919E0
4.155053254E1,1.481863079E0,1.346941209E-1,-2.209033050E0
4.157052854E1,1.618112998E0,2.448638499E-1,-1.190684896E0
4.159052454E1,1.607341403E0,6.520674562E-1,-7.063553452E-1
4.161052054E1,8.153512457E-1,1.034409286E0,-1.096665761E0
4.163051554E1,1.446558029E-1,1.772082903E0,-7.990611953E-1
4.165051154E1,-1.029921256E-2,2.407721438E0,6.324412769E-1
4.167050754E1,-6.507947367E-2,2.656144488E0,2.765320190E0
4.169050254E1,6.756387520E-1,2.934252098E0,4.480386309E0
4.171049854E1,2.173226163E0,4.491334636E0,4.541271027E0
4.173049454E1,1.402175324E0,4.408292479E0,2.238658553E0
4.175048954E1,-2.476745772E0,1.886745633E0,1.239927807E0
4.177048554E1,-4.213405658E0,-1.180594355E0,3.089524909E0
4.179048154E1,-3.633951850E0,-3.621599899E0,6.224175121E0
4.181047754E1,-3.613024957E0,-4.131004649E0,5.466953677E0
4.183047254E1,-3.695718035E0,-2.905477949E0,1.123120903E0
4.185046854E1,-2.968473512E0,-1.281910231E0,-1.731112633E0
4.187046454E1,-7.874024320E-1,-9.089028955E-2,-1.630194368E0
4.189045954E1,9.816828963E-1,-3.798082316E-1,3.475351095E-1
4.191045554E1,2.354438978E0,-5.717325604E-1,1.726105077E0
4.193045154E1,2.836053373E0,-3.846532345E-1,8.094651461E-1
4.195044654E1,1.829157575E0,-7.648631698E-1,-1.667617133E0
4.197044254E1,1.512178407E-1,-1.755860973E0,-3.937150739E0
4.199043854E1,-1.118139222E0,-2.271411147E0,-5.113112930E0
4.201043454E1,-1.615991774E0,-2.270004306E0,-5.159733365E0
4.203042954E1,-1.106660772E0,-1.752691782E0,-4.078021274E0
4.205042554E1,-3.826872544E-1,-7.745707172E-1,-3.087256190E0
4.207042154E1,2.375674749E-1,2.113324070E-1,-2.093414301E0
4.209041654E1,3.327557603E-1,6.812105638E-1,-1.502263722E0
4.211041254E1,2.014028116E-1,6.350052810E-1,-1.011567723E0
4.213040854E1,-9.470727883E-2,3.138487154E-1,-5.239228016E-1
4.215040354E1,-2.734568806E-1,3.956459999E-2,-4.535340196E-1
4.217039954E1,-5.024619122E-1,1.802228808E-2,-7.982197809E-1
4.219039554E1,-8.259207458E-1,3.941982293E-1,-1.107657942E0
4.221039054E1,-4.827276324E-1,1.218169148E0,-3.233738297E-1
4.223038654E1,4.705382343E-1,2.572449782E0,1.344751427E0
4.225038254E1,1.738961643E0,3.603608601E0,2.820444816E0
4.227037754E1,2.306532009E0,4.491417666E0,3.117325496E0
4.229037354E1,2.398114462E0,4.907221357E0,2.840877326E0
4.231036954E1,1.774482455E0,4.147748736E0,1.443663511E0
4.233036554E1,-5.144082123E-1,1.791264110E0,1.135118805E0
4.235036054E1,-2.408439184E0,-1.010416991E0,2.522558999E0
4.237035654E1,-2.852073575E0,-3.243178627E0,4.474969448E0
4.239035254E1,-2.463743319E0,-5.458087544E0,5.490644841E0
4.241034754E1,-1.351423100E0,-6.078893446E0,4.127836043E0
4.243034354E1,1.005078776E0,-3.615802385E0,1.293159689E0
4.245033954E1,5.203467030E0,1.430082183E0,-1.941636370E0
4.247033454E1,8.080301224E0,3.636797397E0,-3.453738617E0
4.249033054E1,5.341279471E0,2.158542343E0,-1.933042132E0
4.251032654E1,1.084012971E0,-6.453431582E-1,9.065113842E-2
4.253032154E1,-1.561190646E0,-2.258523883E0,2.054454303E-1
4.255031754E1,-2.997497629E0,-2.751070526E0,-7.865411371E-1
4.257031354E1,-2.849639964E0,-2.763396164E0,-1.909174383E0
4.259030854E1,-2.113969310E0,-2.296362970E0,-2.926695156E0
4.261030454E1,-1.138023848E0,-1.918027067E0,-3.846128302E0
4.263030054E1,-2.072249938E-1,-1.449512481E0,-4.459164425E0
4.265029554E1,5.921427783E-1,-8.565802556E-1,-4.257242526E0
4.267029154E1,1.464246441E0,-3.101866043E-1,-3.104662766E0
4.269028754E1,2.125338198E0,2.100875348E-1,-1.807334012E0
4.271028254E1,2.176319779E0,1.227216545E-1,-9.565793377E-1
4.273027854E1,1.477631595E0,-2.316093814E-1,-3.359149379E-1
4.275027454E1,9.091360532E-1,-4.059639966E-1,-3.572414875E-1
4.277026954E1,5.128224840E-1,9.749998212E-2,-8.181716502E-1
4.279026554E1,2.514494227E-1,1.105617848E0,-8.450454533E-1
4.281026154E1,7.571468917E-1,2.375093974E0,-9.177380383E-2
4.283025654E1,1.625440874E0,3.861471981E0,1.019223483E0
4.285025254E1,2.101778743E0,4.628108611E0,2.398540140E0
4.287024854E1,2.028573357E0,4.444911252E0,3.815309383E0
4.289024354E1,2.182307766E0,4.917724711E0,3.899021046E0
4.291023979E1,1.489686361E-1,3.598246704E0,1.656131448E0
4.293023579E1,-3.146886095E0,1.055240577E0,7.748461211E-1
4.295023079E1,-4.142033667E0,-1.854432750E0,2.641791912E0
4.297022679E1,-3.957373919E0,-4.187758893E0,5.689865910E0
4.299022179E1,-2.808021237E0,-4.234208005E0,5.609582469E0
4.301021779E1,-2.491355917E0,-2.977815608E0,1.881327018E0
4.303021379E1,-1.748093239E0,-1.125607139E0,-1.664568980E0
4.305020879E1,-1.605352326E-1,5.644118464E-1,-2.462505755E0
4.307020479E1,1.703854375E0,1.194364548E0,1.335942596E-1
4.309020079E1,2.523652428E0,1.063664076E0,2.277180594E0
4.311019579E1,1.933067860E0,8.237037009E-1,2.365456009E0
4.313019179E1,4.275179299E-1,-1.658334678E-1,6.279026681E-1
4.315018779E1,-1.311663787E0,-1.544825605E0,-1.968441761E0
4.317018279E1,-2.446288503E0,-2.465922868E0,-3.823688443E0
4.319017879E1,-2.844629484E0,-3.099092124E0,-4.888572248E0
4.321017479E1,-2.449556073E0,-2.979606026E0,-4.799582888E0
4.323016979E1,-1.262682685E0,-2.233317706E0,-4.186364917E0
4.325016579E1,-4.088080823E-2,-1.227738116E0,-3.739773297E0
4.327016179E1,1.003451057E0,-2.164498901E-1,-3.364641668E0
4.329015679E1,1.876065547E0,7.179591447E-1,-2.742268127E0
4.331015279E1,2.289501847E0,1.028016526E0,-1.544047925E0
4.333014779E1,1.548013653E0,8.647037923E-1,-8.308741415E-1
4.335014379E1,3.556059482E-1,4.924659508E-1,-6.510436088E-1
4.337013979E1,-5.768069203E-1,6.578176081E-1,-9.689695877E-1
4.339013479E1,-9.122203863E-1,1.603057441E0,-8.376955032E-1
4.341013079E1,-6.709052116E-1,2.376404335E0,1.974663198E-2
4.343012679E1,-1.945956658E-1,3.067748124E0,1.499960504E0
4.345012179E1,7.045263362E-1,3.472021106E0,3.484250557E0
4.347011779E1,1.735951642E0,3.700245534E0,4.779128158E0
4.349011379E1,1.138486217E0,2.922857044E0,3.564919329E0
4.351010879E1,-1.007844801E0,5.333795035E-1,3.040151020E0
4.353010479E1,-2.393093458E0,-1.993078419E0,4.058554139E0
4.355009979E1,-2.121170156E0,-4.134953274E0,5.295509221E0
4.357009579E1,-1.090290176E0,-5.233843900E0,5.534030011E0
4.359009179E1,8.820203215E-1,-3.788255778E0,2.970973781E0
4.361008679E1,4.530211603E0,8.001847377E-1,-4.404017580E-1
4.363008279E1,7.614544185E0,3.262319780E0,-2.821995497E0
4.365007879E1,5.893369480E0,2.591507612E0,-2.243999400E0
4.367007379E1,2.159625393E0,-9.051723719E-2,-3.451541233E-1
4.369006979E1,-6.127079473E-1,-2.087841612E0,1.628771156E-1
4.371006479E1,-2.159197523E0,-2.938564712E0,-4.510553849E-1
4.373006079E1,-2.485412807E0,-2.884764773E0,-1.437735019E0
4.375005679E1,-1.654268817E0,-2.366631007E0,-2.733738209E0
4.377005179E1,-6.130589996E-1,-1.611564847E0,-3.763867918E0
4.379004779E1,1.970188616E-1,-1.094900779E0,-4.366545113E0
4.381004379E1,9.890625210E-1,-4.741767374E-1,-4.263849295E0
4.383003879E1,1.683412509E0,-6.421061397E-2,-3.114622328E0
4.385003479E1,2.146997308E0,1.827781141E-1,-2.003046752E0
4.387002979E1,1.817546175E0,1.390672535E-1,-1.473617628E0
4.389002579E1,8.332565164E-1,-3.931404680E-2,-1.149838001E0
4.391002221E1,1.760438027E-1,-8.506470859E-2,-6.110468996E-1
4.393001721E1,-1.023187456E-1,1.790727335E-1,-4.298451948E-1
4.395001321E1,-8.321757317E-2,9.733093911E-1,-2.503602326E-1
4.397000921E1,4.936274271E-1,2.110868824E0,5.066846251E-1
4.399000421E1,1.140057144E0,3.072307198E0,1.653173926E0
4.401000021E1,2.144793054E0,3.798249546E0,2.964523718E0
4.402999521E1,3.252670997E0,4.943361828E0,3.859668700E0
4.404999121E1,9.359775504E-1,3.540484400E0,3.250533839E0
4.406998721E1,-3.379556454E0,6.329944235E-1,3.304298987E0
4.408998221E1,-5.454954606E0,-2.615912136E0,5.058790542E0
4.410997821E1,-4.775592639E0,-4.730063879E0,7.438772789E0
4.412997321E1,-3.460568749E0,-4.415676928E0,5.525447468E0
4.414996921E1,-1.582417208E0,-1.243722650E0,4.372021616E-1
4.416996521E1,9.009891276E-1,1.760029453E0,-3.379580719E0
4.418996021E1,2.438106202E0,2.738513045E0,-3.855729430E0
4.420995621E1,1.957064102E0,1.209790673E0,-7.869703227E-1
4.422995121E1,8.512668908E-1,-4.206960565E-1,1.480384610E0
4.424994721E1,1.004917100E-1,-1.135238088E0,1.976981619E0
4.426994321E1,-8.727799666E-1,-2.159376740E0,2.871953523E-1
4.428993821E1,-1.885264387E0,-3.014657160E0,-1.945002027E0
4.430993421E1,-2.084770508E0,-3.254895278E0,-3.913049685E0
4.432992921E1,-1.538933365E0,-2.758314641E0,-5.179458947E0
4.434992521E1,-5.573042634E-1,-1.734643766E0,-5.293621155E0
4.436992121E1,1.140695002E0,-6.851246899E-1,-4.126980595E0
4.438991621E1,2.405265023E0,1.392514408E-1,-3.051103440E0
4.440991221E1,2.468139840E0,5.676956427E-1,-2.908588668E0
4.442990721E1,1.643961345E0,6.973500484E-1,-2.703335027E0
4.444990321E1,4.123637742E-1,3.329094690E-1,-1.881404201E0
4.446989921E1,-6.043638244E-1,1.911688685E-1,-7.641194040E-1
4.448989421E1,-6.211140507E-1,5.059771121E-1,5.632564366E-2
4.450989021E1,-5.933059356E-1,1.066873612E0,2.196611810E-1
4.452988521E1,-4.823443475E-1,1.877836230E0,1.305958074E-1
4.454988121E1,-1.769149648E-1,2.752101974E0,1.267056549E-1
4.456987721E1,5.576013020E-1,3.761613232E0,1.138206720E0
4.458987221E1,1.692588983E0,4.106207777E0,3.239289644E0
4.460986821E1,3.283074472E0,3.831910213E0,5.446155131E0
4.462986321E1,8.804481514E-1,1.357445147E0,5.233590131E0
4.464985921E1,-1.605715731E0,-1.460038054E0,4.093097734E0
4.466985421E1,-2.788443004E0,-3.096966661E0,2.929491879E0
4.468985021E1,-2.190291847E0,-3.770475857E0,2.244128623E0
4.470984621E1,-6.542096568E-1,-3.366863610E0,2.021834441E0
4.472984121E1,1.968136828E0,-1.592925385E0,1.754089851E0
4.474983721E1,4.914102945E0,8.564682814E-1,1.194598437E0
4.476983221E1,5.394692032E0,1.290518794E0,9.227613813E-1
4.478982821E1,2.742849340E0,4.697995117E-1,5.544394201E-1
4.480982421E1,3.433505496E-1,-5.682189685E-1,-1.251795316E-1
4.482981921E1,-1.456346707E0,-1.258988268E0,-9.127088481E-1
4.484981521E1,-2.141262943E0,-1.606000929E0,-2.138786940E0
4.486981021E1,-1.992959136E0,-1.765859419E0,-2.908953534E0
4.488980621E1,-1.274821943E0,-1.867765571E0,-3.553699107E0
4.490980042E1,-3.310286390E-1,-1.936538182E0,-3.919723113E0
4.492979642E1,6.871562319E-1,-1.785370701E0,-3.705087613E0
4.494979242E1,1.560834404E0,-1.316046275E0,-3.371066004E0
4.496978742E1,1.928864297E0,-7.517525429E-1,-3.134494675E0
4.498978342E1,2.059643414E0,-4.133852828E-1,-2.339070448E0
4.500977842E1,1.898666790E0,-1.431170350E-1,-1.006149108E0
4.502977442E1,1.443160505E0,4.283319354E-1,-3.381292784E-1
4.504976942E1,5.496802982E-1,6.520294493E-1,2.265737593E-2
4.506976542E1,-4.861016221E-1,8.922418392E-1,5.154478472E-1
4.508976142E1,-6.577472223E-1,1.728416482E0,1.136929103E0
4.510975642E1,4.489691714E-1,2.590385531E0,1.967766407E0
4.512975242E1,1.869078856E0,3.470617774E0,2.499165459E0
4.514974742E1,3.235534562E0,4.257914371E0,3.014342580E0
4.516974342E1,3.592754999E0,4.827673497E0,2.929170867E0
4.518973842E1,2.958251848E-1,3.359417181E0,1.628203976E0
4.520973442E1,-3.974985440E0,8.927061081E-2,1.509209629E0
4.522973042E1,-6.510761193E0,-3.323944463E0,3.850414311E0
4.524972542E1,-5.215255601E0,-4.654601176E0,6.591209525E0
4.526972142E1,-3.753980277E0,-3.956947072E0,5.250415494E0
4.528971642E1,-2.477918724E0,-1.714279668E0,6.424423546E-1
4.530971242E1,3.589781106E-2,1.267643024E0,-2.548848081E0
4.532970742E1,2.259621113E0,2.031567716E0,-2.984714738E0
4.534970342E1,2.489637713E0,7.213189548E-1,-8.741669261E-1
4.536969942E1,2.043727586E0,-4.386054933E-1,6.733653545E-1
4.538969442E1,9.992546564E-1,-9.592292958E-1,5.743971366E-1
4.540969042E1,5.388355404E-2,-1.562170785E0,-9.904048955E-1
4.542968542E1,-9.387247185E-1,-2.610346756E0,-2.381098480E0
4.544968142E1,-1.622926864E0,-2.954250160E0,-3.443949793E0
4.546967642E1,-1.718981268E0,-2.862624875E0,-4.254345231E0
4.548967242E1,-1.114224803E0,-2.189835472E0,-4.195160884E0
4.550966742E1,-4.300669505E-1,-1.345002272E0,-3.299512457E0
4.552966342E1,2.410798243E-1,-4.957532555E-1,-2.387863709E0
4.554965942E1,1.162010004E0,3.279785120E-1,-1.319399069E0
4.556965442E1,1.421578578E0,5.980017614E-1,-6.767263341E-1
4.558965042E1,9.269085190E-1,5.082072401E-1,-9.514554226E-1
4.560964542E1,2.100617339E-1,5.014437658E-1,-1.515255066E0
4.562964142E1,-2.181211706E-1,7.196717942E-1,-1.397679838E0
4.564963642E1,-9.062240667E-1,8.664094251E-1,-1.003233687E0
4.566963242E1,-1.276925333E0,1.352763866E0,-1.244533074E-1
4.568962742E1,-8.928756773E-1,2.288661602E0,1.241777866E0
4.570962342E1,-3.085641481E-2,3.375989360E0,2.708819715E0
4.572961842E1,1.050445348E0,3.643963745E0,4.289257786E0
4.574961442E1,2.365736383E0,3.460279897E0,5.611916093E0
4.576961042E1,2.372359086E0,3.146795463E0,3.374847398E0
4.578960542E1,4.213752471E-1,8.653054708E-1,1.198960460E0
4.580960142E1,-1.569669693E0,-1.991410208E0,1.155247260E0
4.582959642E1,-2.156735846E0,-3.470446451E0,1.736351738E0
4.584959242E1,-1.615667692E0,-3.588214052E0,1.370489116E0
4.586958742E1,-7.111706735E-1,-3.156957924E0,9.601005310E-1
4.588958342E1,7.980971356E-1,-1.927655092E0,1.099372437E0
4.590957871E1,3.288966126E0,3.476274955E-1,1.206303393E0
4.592957471E1,4.814950832E0,1.422748021E0,1.250835788E0
4.594956971E1,3.091500099E0,5.943741488E-1,8.554125667E-1
4.596956571E1,1.158078775E0,-1.297421139E-1,4.303141415E-2
4.598956071E1,-3.318010562E-1,-6.200937116E-1,-1.769675020E0
4.600955671E1,-1.338271104E0,-1.308553069E0,-3.600608395E0
4.602955271E1,-1.868883266E0,-1.889071071E0,-4.770423993E0
4.604954771E1,-1.688988999E0,-1.990368819E0,-4.952567099E0
4.606954371E1,-1.238132565E0,-1.964332922E0,-4.425614271E0
4.608953871E1,-5.888525500E-1,-1.909737177E0,-3.280247051E0
4.610953471E1,-4.817564830E-2,-1.515433113E0,-1.584757410E0
4.612952971E1,7.055465291E-1,-6.671158504E-1,-4.077240086E-1
4.614952571E1,1.401327477E0,1.187534416E-1,1.513276953E-1
4.616952071E1,1.777686290E0,5.662142506E-1,2.041070026E-1
4.618951671E1,2.015483488E0,9.960541829E-1,-1.320301294E-1
4.620951171E1,1.642600113E0,1.277959267E0,-6.112316716E-1
4.622950771E1,8.408739766E-1,1.468444011E0,-6.700587541E-1
4.624950271E1,3.950063145E-1,1.862680832E0,-3.019122094E-1
4.626949871E1,5.430041666E-1,2.429583008E0,7.317264140E-1
4.628949371E1,7.512203000E-1,2.606492856E0,2.911274879E0
4.630948971E1,1.584147691E0,3.547005799E0,4.578706071E0
4.632948471E1,3.008166751E0,5.381866164E0,3.317927678E0
4.634948071E1,1.594090589E-1,3.854592732E0,1.526812087E0
4.636947671E1,-3.715855846E0,6.564394194E-1,1.739058999E0
4.638947171E1,-4.950230552E0,-2.766983723E0,3.848211080E0
4.640946771E1,-3.676438596E0,-4.126399382E0,5.587468300E0
4.642946271E1,-2.233113200E0,-3.675628172E0,3.690169612E0
4.644945871E1,-1.681985642E0,-1.939419106E0,-7.559900200E-1
4.646945371E1,-7.705204971E-1,-2.998077965E-1,-3.978652521E0
4.648944971E1,6.748676504E-1,3.454839063E-1,-4.330236828E0
4.650944471E1,1.549291269E0,-1.147197399E-1,-1.165888608E0
4.652944071E1,3.359822978E0,2.894874609E-1,2.457269574E0
4.654943571E1,3.365369062E0,6.564151534E-1,3.307240137E0
4.656943171E1,1.354964466E0,-2.989070329E-1,1.472716572E0
4.658942671E1,-9.863710476E-1,-1.660194970E0,-1.057674773E0
4.660942271E1,-1.974752660E0,-2.025675184E0,-3.836834153E0
4.662941771E1,-1.991447484E0,-1.788317113E0,-5.294180149E0
4.664941371E1,-1.802165074E0,-1.810257620E0,-4.595774093E0
4.666940871E1,-1.452629047E0,-2.128280663E0,-2.097279310E0
4.668940471E1,-7.063019894E-1,-1.534216416E0,-1.247903994E0
4.670939971E1,-5.509626657E-1,-5.660715786E-1,-1.354222162E0
4.672939571E1,-9.397045657E-2,3.394378853E-1,-9.390207338E-1
4.674939071E1,3.669655533E-1,8.222050595E-1,-2.122626990E-1
4.676938671E1,8.024406666E-1,1.086814372E0,-1.261244416E-3
4.678938171E1,9.315618063E-1,1.401020060E0,-4.688420302E-1
4.680937771E1,1.519762976E-1,1.365432151E0,-1.537521847E0
4.682937271E1,-7.553253378E-1,1.836385903E0,-2.019895504E0
4.684936871E1,-1.094800207E0,1.527555268E0,-3.936386508E-1
4.686936371E1,-1.181234991E0,1.587609681E0,1.653027745E0
4.688935971E1,-3.299953629E-1,2.243952329E0,2.896272093E0
4.690935467E1,1.541128556E0,3.510403399E0,3.960098137E0
4.692935067E1,2.238840986E0,4.007918713E0,3.054884834E0
4.694934567E1,7.902416937E-1,1.990993594E0,2.680022762E0
4.696934167E1,-1.675133875E0,-1.362226123E0,2.984190828E0
4.698933667E1,-2.506098795E0,-4.118965816E0,3.500830337E0
4.700933267E1,-1.846600989E0,-4.981489767E0,2.921395240E0
4.702932867E1,-3.686121292E-2,-3.860332066E0,1.307554949E0
4.704932367E1,2.835335627E0,-1.284742914E0,8.976645470E-2
4.706931967E1,4.967264661E0,1.175111421E0,-8.772191727E-1
4.708931467E1,5.374467098E0,1.990059794E0,-6.583479506E-1
4.710931067E1,2.588303338E0,7.876412907E-1,-8.024379623E-1
4.712930567E1,-4.883815976E-1,-7.372353682E-1,-1.453899062E0
4.714930067E1,-2.371893793E0,-1.724322846E0,-2.016483654E0
4.716929667E1,-2.618910588E0,-2.152004571E0,-2.129087579E0
4.718929267E1,-2.044148293E0,-2.096977302E0,-2.502783131E0
4.720928767E1,-7.736969239E-1,-1.492911685E0,-2.919722936E0
4.722928367E1,3.707989879E-1,-9.760900345E-1,-3.500446760E0
4.724927867E1,1.103252065E0,-5.580930528E-1,-3.774870624E0
4.726927367E1,1.421197632E0,-2.280747396E-1,-3.267244597E0
4.728926967E1,1.562422800E0,8.361226022E-2,-2.123774799E0
4.730926467E1,1.402136732E0,2.438534510E-1,-7.431109428E-1
4.732926067E1,8.714619311E-1,2.473892623E-1,-8.657972217E-2
4.734925567E1,5.983884086E-1,5.417644107E-1,8.685278714E-2
4.736925167E1,6.323707449E-1,1.402118459E0,-4.056628650E-1
4.738924667E1,7.150678428E-1,1.793078501E0,-5.078488058E-1
4.740924267E1,3.527642014E-1,2.092330812E0,-4.375734597E-1
4.742923767E1,-1.612901813E-1,1.970517230E0,9.311807871E-2
4.744923367E1,-2.789642999E-1,1.701429242E0,1.949471639E0
4.746922867E1,4.693865521E-1,1.946337531E0,3.981522920E0
4.748922467E1,1.623068951E0,3.555937129E0,4.322212109E0
4.750921967E1,3.287400388E-1,3.546445636E0,1.749662924E0
4.752921567E1,-2.186072057E0,1.538251872E0,1.191829780E0
4.754921067E1,-3.014947767E0,-1.269281707E0,3.219695624E0
4.756920667E1,-2.887199553E0,-3.688297626E0,5.721302880E0
4.758920167E1,-1.915905551E0,-3.904115140E0,4.590573580E0
4.760919767E1,-1.519625275E0,-2.070583262E0,9.088473469E-1
4.762919267E1,-1.398824723E0,-6.674769160E-1,-2.895628899E0
4.764918867E1,-1.384938316E0,-3.117858177E-1,-3.388339264E0
4.766918367E1,-7.171414116E-1,-1.428050861E0,2.187735736E-2
4.768917967E1,5.361879212E-1,-1.615939149E0,2.889963532E0
4.770917467E1,1.400576256E0,-1.176310978E0,2.948321668E0
4.772917067E1,1.252279173E0,-5.339896604E-1,3.037014574E-1
4.774916567E1,-4.221448503E-1,-9.092256618E-1,-2.926030328E0
4.776916167E1,-1.782408648E0,-1.118470320E0,-4.530330886E0
4.778915667E1,-2.007353080E0,-1.290450674E0,-4.292357395E0
4.780915267E1,-1.520640644E0,-1.055228005E0,-3.088739628E0
4.782914767E1,-1.013603139E0,-5.495216194E-1,-2.014216688E0
4.784914367E1,-4.400019546E-1,-1.383454147E-1,-1.010485988E0
4.786913867E1,1.116484167E-1,3.474906707E-1,-1.053191712E0
4.788913367E1,8.094626610E-1,6.661490133E-1,-1.583314317E0
4.790913021E1,5.201028887E-1,3.245996985E-1,-2.179750779E0
4.792912521E1,1.028835136E-1,-8.482029498E-2,-2.810181198E0
4.794912121E1,-4.403551995E-1,-5.454809010E-2,-3.162599902E0
4.796911621E1,-9.216186161E-1,1.427869597E-1,-2.931929584E0
4.798911221E1,-7.731678971E-1,7.963302532E-1,-1.963019637E0
4.800910721E1,-1.206713283E-1,2.122526710E0,-2.750039077E-1
4.802910321E1,1.350547479E-1,2.992821903E0,2.039085481E0
4.804909821E1,6.182151474E-1,3.203098595E0,4.705511128E0
4.806909421E1,1.126411716E0,3.442066990E0,6.665308950E0
4.808908921E1,7.726421593E-1,3.589121540E0,5.136890633E0
4.810908521E1,-3.735471793E-2,2.249918828E0,3.962559230E0
4.812908021E1,-8.645657980E-1,-2.479771999E-1,3.740989518E0
4.814907621E1,-1.071685725E0,-2.795218466E0,3.603746595E0
4.816907121E1,-6.232530353E-1,-4.470584329E0,3.174182652E0
4.818906621E1,4.804675009E-1,-4.568879825E0,1.918743936E0
4.820906221E1,1.737892187E0,-3.084872280E0,-4.933208138E-1
4.822905721E1,3.101251500E0,-8.197118068E-1,-1.956550278E0
4.824905321E1,4.034081202E0,6.801580650E-1,-1.574294987E0
4.826904821E1,3.865587544E0,8.954253557E-1,-2.867416084E-2
4.828904421E1,2.224729316E0,1.125457451E-1,6.776911247E-1
4.830903921E1,4.458454426E-2,-7.919939581E-1,-3.846473873E-2
4.832903521E1,-1.245661294E0,-1.254781489E0,-1.243359538E0
4.834903021E1,-1.660147608E0,-1.660548727E0,-2.271970725E0
4.836902621E1,-9.945654088E-1,-1.733545952E0,-3.040262117E0
4.838902121E1,-4.804191883E-1,-1.797635528E0,-3.761855307E0
4.840901621E1,-1.546794654E-1,-1.762053467E0,-4.509154025E0
4.842901221E1,2.207843580E-1,-1.322386411E0,-4.860500350E0
4.844900721E1,8.605375781E-1,-5.631792533E-1,-3.653278359E0
4.846900321E1,1.290816709E0,8.156924307E-2,-1.842425492E0
4.848899821E1,1.753607895E0,4.358821526E-1,1.169899213E-1
4.850899421E1,1.519815017E0,3.281401876E-1,1.369972807E0
4.852898921E1,8.327356756E-1,3.612488768E-1,9.332091862E-1
4.854898521E1,3.202624532E-1,6.919124302E-1,-4.804680490E-1
4.856898021E1,2.517445609E-3,9.175477114E-1,-1.371807663E0
4.858897621E1,-9.635100424E-2,1.072779885E0,-9.316918337E-1
4.860897121E1,2.201963474E-1,1.424122409E0,6.717018217E-1
4.862896621E1,7.976490196E-1,1.864789338E0,2.005696126E0
4.864896221E1,1.594956416E0,2.958377125E0,2.924241664E0
4.866895721E1,2.504612725E0,4.592018427E0,3.277033421E0
4.868895321E1,1.897259511E0,4.644962041E0,2.889249002E0
4.870894821E1,-8.672710124E-1,2.691828291E0,2.875503368E0
4.872894421E1,-3.284147143E0,-1.428444963E0,4.678386480E0
4.874893921E1,-3.841642026E0,-4.666588260E0,6.829588813E0
4.876893421E1,-3.365454431E0,-5.484352067E0,5.357780313E0
4.878893021E1,-2.796199921E0,-3.317671570E0,4.830431628E-1
4.880892521E1,-2.306188923E0,-9.236671150E-1,-3.502409670E0
4.882892121E1,-3.212053898E-1,1.351703181E0,-4.472486721E0
4.884891621E1,1.568193856E0,1.391466587E0,-1.478386617E0
4.886891221E1,2.224781063E0,2.300323874E-1,1.663955022E0
4.888890721E1,1.761003161E0,-7.596059382E-1,2.767448577E0
4.890890329E1,6.977634466E-1,-1.178533797E0,1.108992276E0
4.892889829E1,-4.252896291E-1,-1.892747800E0,-1.255197226E0
4.894889329E1,-1.281385735E0,-2.332097936E0,-3.153388199E0
4.896888929E1,-1.563948631E0,-2.467716209E0,-4.329263851E0
4.898888429E1,-1.413442616E0,-2.006826977E0,-4.536835914E0
4.900888029E1,-7.553255571E-1,-1.283262107E0,-3.744034747E0
4.902887529E1,2.042666316E-2,-5.595721060E-1,-2.568549104E0
4.904887129E1,5.841437142E-1,1.715748489E-1,-1.901967689E0
4.906886629E1,1.131425484E0,9.353717789E-1,-1.433332066E0
4.908886129E1,1.435729132E0,1.289616276E0,-9.687076324E-1
4.910885729E1,8.864726838E-1,9.653334966E-1,-8.730524468E-1
4.912885229E1,-1.816811764E-1,5.032824227E-1,-1.276965240E0
4.914884829E1,-9.747909294E-1,3.007068059E-1,-1.458131862E0
4.916884329E1,-1.336787811E0,4.454385495E-1,-1.254324821E0
4.918883929E1,-1.157543900E0,1.094116375E0,-6.960180527E-1
4.920883429E1,-5.052046949E-1,1.984610481E0,3.588570732E-1
4.922882929E1,-2.040350819E-1,2.470642741E0,1.569300295E0
4.924882529E1,4.434230143E-1,2.446492571E0,2.946078091E0
4.926882029E1,1.970165374E0,3.381641278E0,3.744552226E0
4.928881629E1,2.700704949E0,4.267512284E0,3.373947512E0
4.930881129E1,1.945307544E0,3.414222256E0,3.173472215E0
4.932880629E1,-3.134121477E-1,3.635579422E-1,3.330917852E0
4.934880229E1,-2.419931447E0,-2.787668541E0,3.723132706E0
4.936879729E1,-2.175376477E0,-4.729790814E0,4.047788245E0
4.938879329E1,-8.946663871E-1,-4.988472512E0,2.968802710E0
4.940878829E1,5.759199708E-1,-3.792641482E0,3.313289666E-1
4.942878429E1,2.591113802E0,-9.870105869E-1,-2.053475479E0
4.944877929E1,3.835945084E0,1.248842472E0,-3.367370564E0
4.946877429E1,3.896481600E0,1.800863191E0,-3.071271071E0
4.948877029E1,1.888074705E0,8.808114097E-1,-2.461888289E0
4.950876529E1,1.460199949E-1,-3.491536188E-1,-1.797135299E0
4.952876129E1,-8.456672316E-1,-1.013065195E0,-1.500696083E0
4.954875629E1,-1.212535867E0,-1.767310114E0,-9.831163412E-1
4.956875129E1,-1.505694576E0,-2.295151134E0,-2.368484867E-1
4.958874729E1,-1.065805326E0,-2.267360780E0,-7.116763115E-2
4.960874229E1,-7.827296296E-1,-1.887597280E0,-1.444513112E0
4.962873829E1,-6.194378733E-1,-1.581912739E0,-2.732170570E0
4.964873329E1,-3.066857301E-1,-9.335462782E-1,-3.456197956E0
4.966872829E1,8.266598339E-1,3.797181845E-2,-2.968874631E0
4.968872429E1,1.774436115E0,9.241167659E-1,-1.962159512E0
4.970871929E1,2.128338843E0,1.493338532E0,-8.424861270E-1
4.972871529E1,2.179847550E0,1.768095102E0,-3.157613397E-2
4.974871029E1,1.567929415E0,1.900340994E0,-3.407079005E-1
4.976870529E1,9.222221218E-2,1.410255737E0,-7.289735448E-1
4.978870129E1,-8.664526945E-1,1.344223131E0,-5.564865303E-1
4.980869629E1,-1.037869522E0,1.193698258E0,4.898937607E-1
4.982869229E1,-5.583696992E-1,1.122587930E0,2.653200415E0
4.984868729E1,5.722626105E-1,1.952632936E0,4.561274351E0
4.986868229E1,1.820512467E0,4.416983780E0,3.741282463E0
4.988867829E1,1.474228515E0,4.986262264E0,2.072004136E0
4.990867317E1,-1.089686524E0,2.869919569E0,1.650209972E0
4.992866917E1,-2.473349417E0,-4.706701621E-1,2.241514333E0
4.994866417E1,-2.469618309E0,-3.894805788E0,5.205453914E0
4.996865917E1,-2.393492531E0,-5.373166677E0,5.503954273E0
4.998865517E1,-2.145715744E0,-3.533913884E0,1.087403187E0
5.000865017E1,-2.351322265E0,-2.017672100E0,-3.129962499E0
5.002864617E1,-1.805360869E0,-6.786459750E-1,-4.432631514E0
5.004864117E1,-2.407814701E-1,-7.210391656E-1,-1.703093360E0
5.006863617E1,3.057320492E-1,-1.348913182E0,1.313878128E0
5.008863217E1,3.737386756E-1,-1.629352369E0,2.818559673E0
5.010862717E1,1.459589865E0,3.406982526E-1,1.787397931E0
5.012862317E1,1.462038094E0,9.729538804E-1,-8.178494686E-1
5.014861817E1,-6.428560451E-2,9.084000349E-2,-3.374598892E0
5.016861317E1,-1.284003095E0,-6.938531211E-1,-4.950116531E0
5.018860917E1,-1.643592532E0,-9.649809095E-1,-5.105211588E0
5.020860417E1,-1.341306686E0,-1.138232740E0,-3.681742605E0
5.022859917E1,-4.783500414E-1,-7.091447595E-1,-1.980353708E0
5.024859517E1,3.029604690E-1,-2.147726163E-1,-1.055848687E0
5.026859017E1,9.537992790E-1,3.276276791E-1,-6.846925807E-1
5.028858617E1,1.284149276E0,8.558820981E-1,-1.211692187E0
5.030858117E1,8.768459742E-1,1.052739138E0,-1.766977115E0
5.032857617E1,-6.175595284E-2,9.279493234E-1,-1.805671649E0
5.034857217E1,-6.641691461E-1,1.044682844E0,-1.258562298E0
5.036856717E1,-6.596109492E-1,1.395546481E0,-5.835398430E-1
5.038856317E1,-9.165071994E-1,1.386016982E0,6.624322307E-1
5.040855817E1,-1.379531835E0,1.179916663E0,2.113863183E0
5.042855317E1,-7.353255945E-1,1.551801918E0,3.125587027E0
5.044854917E1,1.700167852E-1,2.253457856E0,3.626911510E0
5.046854417E1,8.805862188E-1,3.094626313E0,2.394198582E0
5.048854017E1,1.335548932E0,3.421212895E0,1.928745013E0
5.050853517E1,1.305460038E0,1.837725208E0,3.131989728E0
5.052853017E1,-8.389003951E-2,-1.318170277E0,4.728651484E0
5.054852617E1,-1.018197296E0,-3.718941714E0,4.244790881E0
5.056852117E1,-9.096570401E-1,-4.324838971E0,2.698384774E0
5.058851617E1,-2.540084566E-1,-3.741998162E0,8.217460531E-1
5.060851217E1,8.603011313E-1,-2.389040461E0,-1.265054462E0
5.062850717E1,2.175935617E0,-6.237979227E-1,-1.853151040E0
5.064850317E1,2.841142790E0,8.173735052E-2,-8.651972973E-1
5.066849817E1,2.925019344E0,3.891702086E-1,1.091014427E-1
5.068849317E1,1.756355355E0,1.580329898E-1,-3.743931252E-1
5.070848917E1,1.509314733E-1,-4.174493900E-1,-1.163890030E0
5.072848417E1,-6.944372579E-1,-9.351361361E-1,-1.744201625E0
5.074847917E1,-1.019381723E0,-1.234578482E0,-2.356739565E0
5.076847517E1,-9.041396805E-1,-1.238212526E0,-3.190448436E0
5.078847017E1,-4.165324735E-1,-8.713263488E-1,-2.567807093E0
5.080846617E1,-3.253824214E-1,-1.035674039E0,-1.701339195E0
5.082846117E1,-7.470366172E-2,-8.958220893E-1,-1.651232066E0
5.084845617E1,4.161210488E-1,-3.207446292E-1,-7.313942921E-1
5.086845217E1,2.691120339E-1,-4.881261474E-1,-1.500418925E-1
5.088844717E1,5.641903466E-1,-5.526653749E-1,-6.287113380E-1
5.090844167E1,1.499050092E0,3.813437104E-1,-1.727439412E0
5.092843767E1,1.522869895E0,9.446504331E-1,-1.451222207E0
5.094843267E1,9.169360196E-1,6.696120268E-1,-1.144413539E0
5.096842867E1,-4.110211621E-2,1.001036303E0,-2.026473622E0
5.098842367E1,3.410071501E-2,1.911719091E0,-7.355142403E-1
5.100841867E1,-3.944575076E-2,2.246417223E0,1.089561394E0
5.102841467E1,5.147488492E-1,2.804239842E0,2.755763501E0
5.104840967E1,1.797878188E0,4.550513721E0,2.882470325E0
5.106840467E1,1.914118642E0,5.499993369E0,3.501619712E0
5.108840067E1,1.029629626E-1,4.438482238E0,4.014872514E0
5.110839567E1,-8.796837741E-1,1.104527342E0,5.657661785E0
5.112839067E1,-9.124942553E-1,-1.841272421E0,8.220213400E0
5.114838667E1,7.186148369E-1,-4.032502454E0,7.767823681E0
5.116838167E1,-1.115141501E0,-3.334614462E0,4.894914138E0
5.118837767E1,-2.703455187E0,-1.491644009E0,8.157240057E-1
5.120837267E1,-8.899586476E-1,6.482924938E-2,-5.910997081E-1
5.122836767E1,3.061747382E-1,3.483648294E-1,-7.988992274E-2
5.124836367E1,1.497381881E0,-5.830100852E-1,1.131115217E0
5.126835867E1,1.288464959E0,-2.098111369E0,-1.494200411E-1
5.128835367E1,-1.011254312E0,-3.089932460E0,-1.311630458E0
5.130834967E1,-1.013921885E0,-4.907258779E0,-3.370934442E0
5.132834467E1,-2.047040180E0,-5.005188532E0,-4.535015091E0
5.134833967E1,-1.547813824E0,-4.355085155E0,-5.759149568E0
5.136833567E1,1.645245138E-1,-3.435401748E0,-3.754789531E0
5.138833067E1,1.018060983E0,-2.757115962E0,-2.652573593E0
5.140832667E1,1.149282296E-1,-2.379767069E0,-2.086150889E0
5.142832167E1,-6.101050228E-1,-1.818696322E0,-1.446653777E0
5.144831667E1,-8.426616166E-1,-8.142809129E-1,-6.724375476E-1
5.146831267E1,-9.659264043E-2,-4.384002560E-1,7.679369049E-1
5.148830767E1,1.150111870E-1,-6.104259253E-1,3.410447001E-1
5.150830267E1,-4.302976962E-1,-1.066404081E0,-1.261143698E0
5.152829867E1,-4.279859264E-1,-5.683458531E-1,-2.047477844E0
5.154829367E1,-7.654129542E-2,6.001377493E-1,-2.363508886E0
5.156828867E1,-1.265089509E-1,2.058572497E0,-2.658142481E0
5.158828467E1,-3.945231152E-1,3.620890047E0,-1.974300817E0
5.160827967E1,4.224760220E-1,4.317777581E0,-4.890184325E-1
5.162827467E1,1.239908950E0,5.388229689E0,1.837143995E-1
5.164827067E1,1.219266817E0,5.766065070E0,-2.669487834E-1
5.166826567E1,5.478654321E-1,4.718909438E0,-4.880929644E-1
5.168826067E1,-1.543670779E-1,2.648480542E0,8.797849309E-1
5.170825667E1,-2.129658998E-1,5.276036239E-1,3.494249881E0
5.172825167E1,4.261678809E-1,-1.307810472E0,6.356143270E0
5.174824667E1,8.763611669E-1,-2.060638318E0,6.531697733E0
5.176824267E1,8.413380262E-1,-1.230726628E0,2.932274862E0
5.178823767E1,1.498207508E0,-2.854055196E-1,-8.146054333E-1
5.180823367E1,1.715825818E0,7.154653072E-2,-2.376109051E0
5.182822867E1,1.611692462E0,-2.249833167E-1,-2.328005324E0
5.184822367E1,2.576675345E-1,-1.552926337E0,-1.152645980E0
5.186821967E1,-1.039107232E0,-2.760569327E0,-6.134648694E-1
5.188821467E1,-1.113696288E0,-3.317362252E0,9.609182641E-2
5.190820929E1,-7.516201765E-1,-3.178373351E0,7.412983060E-2
5.192820529E1,1.649606978E-1,-2.648656543E0,-8.578493938E-1
5.194820029E1,9.518293521E-1,-2.401308796E0,-2.049760158E0
5.196819529E1,1.268322471E0,-2.316104339E0,-2.318989356E0
5.198819129E1,1.370363401E0,-2.267079529E0,-7.350078714E-1
5.200818629E1,1.422011418E0,-1.862942203E0,-1.501921660E-1
5.202818129E1,8.613939028E-1,-1.269629323E0,-4.770029891E-1
5.204817729E1,4.827232836E-1,-1.057457841E0,1.816221195E-1
5.206817229E1,7.375983341E-1,-4.337037724E-1,-7.866639286E-2
5.208816729E1,8.869696972E-1,2.338792706E-1,-1.200570198E0
5.210816329E1,4.830336246E-1,9.131848115E-1,-2.349880781E0
5.212815829E1,2.699778604E-1,2.109357904E0,-2.290200005E0
5.214815329E1,5.109987739E-1,2.915052765E0,-6.821312079E-1
5.216814929E1,1.213806979E0,3.377905492E0,1.472168103E0
5.218814429E1,1.593771624E0,3.724645380E0,1.743835005E0
5.220813929E1,5.575693616E-1,4.277730001E0,-3.745024681E-1
5.222813529E1,-1.402921721E0,4.482923416E0,-1.735363559E0
5.224813029E1,-1.982078345E0,4.248492753E0,-9.545141011E-2
5.226812529E1,-9.786155932E-1,2.771676698E0,2.920519327E0
5.228812129E1,-1.716795871E-1,8.018181574E-1,4.634891381E0
5.230811629E1,-1.281413948E0,-9.917094094E-1,3.824221124E0
5.232811129E1,-3.169608667E0,-1.595857179E0,1.105064555E0
5.234810729E1,-3.844023305E0,-1.629182215E0,-4.162100726E-1
5.236810229E1,-2.450506684E0,-6.754873091E-1,-1.455889454E-1
5.238809729E1,6.584380708E-1,-2.629375935E-2,1.866391183E0
5.240809329E1,2.683016244E0,-1.486853385E-1,2.975369718E0
5.242808829E1,2.800970079E0,-6.109831649E-1,1.197729913E0
5.244808329E1,1.101148163E0,-1.545605623E0,-1.729679480E0
5.246807929E1,-2.261292978E-1,-3.033528464E0,-3.035123000E0
5.248807429E1,-1.160930900E0,-3.836827721E0,-2.874927417E0
5.250806929E1,-1.693855929E0,-3.853340843E0,-2.287840653E0
5.252806429E1,-1.636293891E0,-2.906713466E0,-1.481576273E0
5.254806029E1,-8.921425096E-1,-1.782769275E0,-5.237675580E-1
5.256805529E1,3.329521537E-2,-1.000748620E0,-1.280092916E-1
5.258805029E1,3.088717116E-1,-7.405013305E-1,-5.358938062E-1
5.260804629E1,4.913461360E-1,-8.785646170E-1,-1.261152615E0
5.262804129E1,3.030416722E-1,-1.033366728E0,-2.002287199E0
5.264803629E1,2.084131115E-1,-9.486277092E-1,-2.384378183E0
5.266803229E1,1.807754427E-2,-2.927794433E-1,-2.526681871E0
5.268802729E1,-6.715044051E-1,6.600606000E-1,-2.245219421E0
5.270802229E1,-1.250736093E0,1.427348610E0,-1.016337297E0
5.272801829E1,-1.462597088E0,2.039485431E0,9.921228075E-1
5.274801329E1,-9.639878330E-1,3.099124868E0,2.034982782E0
5.276800829E1,-3.576396098E-1,4.231831112E0,1.613432448E0
5.278800429E1,-2.058006486E-1,5.572610525E0,-2.940681696E-2
5.280799929E1,3.480360697E-1,5.868374972E0,2.695332527E-2
5.282799429E1,4.829471954E-1,3.831332508E0,2.713373234E0
5.284798929E1,7.843436073E-1,8.955180341E-1,5.966712860E0
5.286798529E1,1.503040817E0,-1.836433851E0,7.812400514E0
5.288798029E1,4.302106823E-1,-3.249011809E0,5.182230527E0
5.290797629E1,-1.284020783E-1,-2.061905994E0,5.263520274E-1
5.292797229E1,6.055590319E-1,4.326565361E-1,-3.396447013E0
5.294796729E1,2.142042377E0,2.000931814E0,-3.123532900E0
5.296796229E1,3.377214936E0,1.545353023E0,-4.612961984E-1
5.298795829E1,1.578093923E0,-5.842344922E-1,7.453986660E-1
5.300795329E1,-4.211509333E-1,-2.432217763E0,2.292471063E-1
5.302794829E1,-1.186926525E0,-3.489536440E0,-5.265575570E-1
5.304794329E1,-9.658257591E-1,-4.047131603E0,-1.182449677E0
5.306793929E1,-3.236203264E-1,-4.115175651E0,-1.824550262E0
5.308793429E1,6.700145345E-2,-3.766762290E0,-2.291792786E0
5.310792929E1,4.781002556E-1,-2.825797357E0,-2.114587069E0
5.312792529E1,8.419100301E-1,-1.755817119E0,-1.144519081E0
5.314792029E1,1.264424571E0,-7.566630346E-1,7.409416258E-2
5.316791529E1,1.736846997E0,-3.005936623E-1,4.372161949E-1
5.318791129E1,1.588055239E0,-6.611932057E-1,-4.870511368E-1
5.320790629E1,1.170386067E0,-1.034315146E0,-1.683689960E0
5.322790129E1,7.464472910E-1,-8.800743681E-1,-2.812617148E0
5.324789629E1,-1.691347327E-1,1.618333876E-2,-3.074328873E0
5.326789229E1,-6.232130550E-2,1.436509443E0,-1.299775813E0
5.328788729E1,5.455276787E-1,2.591742670E0,7.197685656E-1
5.330788229E1,6.315399286E-1,2.564653105E0,1.608645332E0
5.332787829E1,3.781479147E-1,2.925612252E0,8.919521096E-1
5.334787329E1,4.587712976E-1,3.895849516E0,-2.505435428E-1
5.336786829E1,-4.472203423E-1,5.149375607E0,-1.837878113E0
5.338786329E1,-1.523892134E0,5.061660356E0,-1.320684872E0
5.340785929E1,-1.053418950E0,3.643633377E0,1.880880876E0
5.342785429E1,-3.044933897E-1,1.153897138E0,5.087826646E0
5.344784929E1,-1.723479970E-1,-1.265546798E0,5.714307271E0
5.346784529E1,-2.403374472E0,-2.274683248E0,2.265037681E0
5.348784029E1,-4.069478492E0,-2.337137944E0,-1.098135459E0
5.350783529E1,-3.158579649E0,-8.850515181E-1,-1.896847575E0
5.352783029E1,-3.107818508E-1,4.831022197E-1,1.844563527E0
5.354782629E1,2.932972727E0,1.043008202E0,4.522100053E0
5.356782129E1,4.091730071E0,7.941010022E-1,3.350514210E0
5.358781629E1,2.065185698E0,-3.462762040E-1,-7.885555029E-2
5.360781129E1,-3.482864767E-1,-2.547987370E0,-2.716854959E0
5.362780729E1,-1.933326599E0,-4.173916780E0,-3.430626035E0
5.364780229E1,-2.392936753E0,-4.573303244E0,-2.733355801E0
5.366779729E1,-1.477580578E0,-3.633118914E0,-1.600263641E0
5.368779329E1,-6.168064070E-1,-2.266118247E0,-9.353071672E-1
5.370778829E1,-3.138621640E-1,-1.452824929E0,-6.151007742E-1
5.372778329E1,7.813707367E-3,-9.903528553E-1,-7.892495674E-1
5.374777829E1,1.820499165E-1,-8.245533013E-1,-1.257940739E0
5.376777429E1,2.610904580E-1,-1.071183595E0,-1.728072373E0
5.378776929E1,2.131643397E-1,-1.074856231E0,-2.137501430E0
5.380776429E1,3.847175539E-3,-7.080861211E-1,-2.404595516E0
5.382775929E1,-4.734559949E-1,-2.033603132E-2,-2.053769009E0
5.384775529E1,-8.901092865E-1,1.145008201E0,-1.547785465E0
5.386775029E1,-9.537013382E-1,2.596682982E0,-1.047991491E0
5.388774529E1,-7.131684478E-1,3.504508821E0,3.743951717E-1
5.390774108E1,2.451859949E-1,3.629036973E0,2.119130647E0
5.392773608E1,4.449045160E-1,4.366690124E0,1.601443901E0
5.394773108E1,-4.202945720E-1,4.793532774E0,-1.594272584E-2
5.396772608E1,-7.892978069E-1,4.545858167E0,1.741625342E-1
5.398772208E1,3.269352226E-1,2.766242881E0,3.677125936E0
5.400771708E1,1.663844364E0,1.834294939E-1,6.097191723E0
5.402771208E1,1.450310626E0,-2.344554552E0,5.786121604E0
5.404770708E1,-2.630947739E-1,-3.114095494E0,2.252307124E0
5.406770308E1,-1.399306314E-1,-1.789763129E0,-1.204604777E0
5.408769808E1,7.361463243E-1,2.902709877E-1,-2.041164751E0
5.410769308E1,2.516740727E0,1.602075108E0,-2.607673994E-1
5.412768808E1,3.196192741E0,1.624061809E0,1.066942902E0
5.414768408E1,1.208770334E0,-2.625440758E-1,8.491747570E-1
5.416767908E1,-6.751774067E-1,-2.132140410E0,-1.373335540E-1
5.418767408E1,-1.431621609E0,-3.322783790E0,-1.121099229E0
5.420766908E1,-9.218515545E-1,-3.681878845E0,-2.026820362E0
5.422766508E1,-2.212252381E-1,-3.374991240E0,-2.711956161E0
5.424766008E1,3.165636142E-1,-3.057221382E0,-2.509768507E0
5.426765508E1,5.341058373E-1,-2.774688014E0,-1.769910370E0
5.428765008E1,7.522909983E-1,-2.356161860E0,-1.025320959E0
5.430764608E1,8.917742812E-1,-2.011167950E0,-4.255816975E-1
5.432764108E1,1.026295398E0,-1.611503744E0,-6.553763956E-2
5.434763608E1,1.720075721E0,-1.064299668E0,-3.095887265E-1
5.436763108E1,1.652148324E0,-5.335180825E-1,-1.423639429E0
5.438762708E1,7.668846984E-1,1.160543668E-1,-2.474664456E0
5.440762208E1,1.260743748E-1,9.279425991E-1,-2.200420101E0
5.442761708E1,1.742068268E-2,2.046733055E0,-1.221702036E0
5.444761208E1,1.662499358E-1,3.148906893E0,-1.447565943E-1
5.446760808E1,7.729142741E-1,3.633629960E0,1.679113929E0
5.448760308E1,1.639840812E0,3.879173257E0,2.299126218E0
5.450759808E1,5.253807317E-1,5.101164145E0,-4.946903779E-1
5.452759308E1,-1.465679009E0,4.610711975E0,-2.282216363E0
5.454758808E1,-2.034036410E0,3.738505036E0,1.735778126E-1
5.456758408E1,-3.075785999E-1,2.018801490E0,5.352048288E0
5.458757908E1,3.419926069E-1,-2.957796496E-1,7.507531368E0
5.460757408E1,-1.752544578E0,-1.298285358E0,3.498755161E0
5.462756908E1,-4.619654414E0,-1.770234599E0,-1.208904966E0
5.464756508E1,-4.865195957E0,-1.090490516E0,-3.182560542E0
5.466756008E1,-1.900087517E0,3.239696610E-1,-7.880836326E-1
5.468755508E1,1.391498454E0,1.286571631E0,2.393786207E0
5.470755008E1,4.125167958E0,1.330291847E0,4.269769601E0
5.472754608E1,3.508759162E0,2.795992345E-1,1.842909350E0
5.474754108E1,8.601146782E-1,-1.773618967E0,-1.221034576E0
5.476753608E1,-1.010843984E0,-3.608705034E0,-2.990839697E0
5.478753108E1,-1.707697750E0,-4.603685961E0,-2.840217175E0
5.480752608E1,-1.176728688E0,-4.254397856E0,-1.025664191E0
5.482752208E1,-3.622893888E-1,-3.423179898E0,-4.127081752E-2
5.484751708E1,-7.752911673E-1,-2.842474785E0,-9.700292493E-1
5.486751208E1,-9.492925376E-1,-2.229983039E0,-1.519163052E0
5.488750708E1,2.299562274E-1,-1.224471277E0,-1.290392202E0
5.490750246E1,1.067198133E0,-7.640147388E-1,-1.056850023E0
5.492749746E1,9.750739346E-1,-6.763205373E-1,-1.552291476E0
5.494749246E1,3.417867849E-1,-7.528331083E-1,-1.870968676E0
5.496748746E1,-5.009989388E-1,-4.810083318E-1,-1.759728321E0
5.498748246E1,-1.405215729E0,3.424667430E-1,-8.384068170E-1
5.500747846E1,-1.352833302E0,1.575801814E0,-7.453972042E-2
5.502747346E1,-1.157411096E0,2.951330060E0,-2.161021270E-1
5.504746846E1,-4.379332828E-1,3.803240145E0,-2.311544681E-1
5.506746346E1,6.680049196E-1,4.074161527E0,5.781650823E-1
5.508745846E1,6.113280044E-1,4.667672626E0,-5.529795165E-1
5.510745446E1,-3.240559074E-1,4.105098560E0,-1.424585801E0
5.512744946E1,5.376785226E-2,3.133073802E0,-8.930584028E-2
5.514744446E1,5.708585844E-1,1.806102004E0,2.634396939E0
5.516743946E1,8.140146453E-1,3.973387688E-1,4.422404149E0
5.518743446E1,5.342622503E-1,-6.163047159E-1,4.835074025E0
5.520743046E1,9.693460022E-1,-8.752697110E-2,3.429578506E0
5.522742546E1,2.273244541E0,7.143291932E-1,1.682904532E0
5.524742046E1,3.180574828E0,7.391260654E-1,1.420778386E-1
5.526741546E1,2.410114996E0,-4.372787601E-1,-8.269724406E-1
5.528741146E1,7.476119833E-1,-1.966006980E0,-1.342735014E0
5.530740646E1,-6.352578807E-1,-3.168624288E0,-1.389094956E0
5.532740146E1,-1.187844611E0,-3.695914502E0,-8.026016843E-1
5.534739646E1,-1.165134756E0,-3.885978246E0,-1.377346730E-1
5.536739146E1,-5.246944879E-1,-3.610174440E0,-2.114803416E-1
5.538738746E1,-4.182718009E-2,-3.109928768E0,-9.749448574E-1
5.540738246E1,4.020739172E-1,-2.380620763E0,-1.607059860E0
5.542737746E1,9.450889011E-1,-1.671323099E0,-1.385925473E0
5.544737246E1,1.916572426E0,-1.022418986E0,-7.546539313E-1
5.546736746E1,2.413125727E0,-6.118467987E-1,-1.970127220E-1
5.548736346E1,2.103525014E0,-7.164593339E-1,-3.774940498E-1
5.550735846E1,1.678429366E0,-9.023048973E-1,-1.272720746E0
5.552735346E1,9.717999324E-1,-6.497274005E-1,-2.414563265E0
5.554734846E1,7.267058484E-2,-2.411853665E-1,-2.274251139E0
5.556734346E1,-1.904382589E-1,8.075069135E-1,-8.153164548E-1
5.558733846E1,-3.172374693E-1,1.929206359E0,5.704933892E-1
5.560733446E1,2.657560245E-1,3.114988949E0,7.266935693E-1
5.562732946E1,1.296458103E0,3.950667747E0,-3.314956123E-1
5.564732446E1,2.200205801E0,4.653360397E0,-7.327379823E-1
5.566731946E1,1.158760925E0,5.916714488E0,-1.814359442E0
5.568731446E1,-1.148982627E0,5.328593352E0,-9.597040898E-1
5.570731046E1,-2.775147021E0,3.439162093E0,2.220080633E0
5.572730546E1,-1.830219722E0,1.264165685E0,5.603366295E0
5.574730046E1,-7.418707484E-1,-8.079396075E-1,6.602862441E0
5.576729546E1,-2.574039932E0,-1.647903830E0,2.473873912E0
5.578729046E1,-4.139481942E0,-1.637712134E0,-1.669386208E0
5.580728546E1,-2.360010351E0,-1.048218656E-1,-2.140895007E0
5.582728146E1,6.249572794E-1,9.024639416E-1,8.073823678E-1
5.584727646E1,3.569195398E0,7.892355341E-1,3.267946848E0
5.586727146E1,3.950852519E0,-3.039090335E-2,2.779129559E0
5.588726646E1,1.291248819E0,-1.506060319E0,-1.739767389E-1
5.590726192E1,-6.415584748E-1,-3.080478097E0,-2.068739635E0
5.592725692E1,-1.490921001E0,-4.049102699E0,-2.174099445E0
5.594725292E1,-1.610165754E0,-4.155769361E0,-1.221571204E0
5.596724792E1,-1.133530336E0,-3.658004079E0,-2.642342135E-1
5.598724292E1,-7.173586357E-1,-2.940244909E0,-1.885192028E-1
5.600723792E1,-1.316975690E-1,-2.278527208E0,-6.139184672E-1
5.602723292E1,3.604390374E-1,-1.712624322E0,-1.182619246E0
5.604722792E1,4.877611350E-1,-1.138024871E0,-1.878866656E0
5.606722392E1,1.071580109E0,-5.612245291E-1,-1.952533826E0
5.608721892E1,1.084179032E0,-7.894881338E-1,-1.744648937E0
5.610721392E1,1.011585119E-1,-1.028442788E0,-1.472844626E0
5.612720892E1,-1.077390195E0,-7.340945363E-1,-1.387731385E0
5.614720392E1,-1.557061780E0,2.785765564E-1,-9.565416232E-1
5.616719892E1,-1.200084295E0,1.620382740E0,-3.444834477E-1
5.618719492E1,-4.737031129E-1,2.904973335E0,-1.079255676E-1
5.620718992E1,-3.314688613E-1,3.636860547E0,-7.108106312E-1
5.622718492E1,3.818982457E-1,4.158691800E0,-7.811441571E-1
5.624717992E1,1.011143288E0,5.356448318E0,-1.383828661E0
5.626717492E1,2.539231238E-1,4.604508079E0,-1.323407920E0
5.628716992E1,-1.068729226E-1,3.148882919E0,9.476019613E-1
5.630716592E1,1.503948816E-1,1.672726430E0,3.327651013E0
5.632716092E1,4.111650219E-1,4.849622190E-2,5.113652628E0
5.634715592E1,-1.604268399E-1,-1.364643070E0,5.606253065E0
5.636715092E1,1.488687949E-1,-1.423722167E0,4.614575230E0
5.638714592E1,1.460538576E0,-3.739054674E-1,2.281369832E0
5.640714092E1,2.114467347E0,4.986172217E-1,1.483372830E-1
5.642713592E1,2.157410322E0,6.567300260E-1,-1.121213103E0
5.644713192E1,1.333334738E0,-3.080775136E-1,-1.783010326E0
5.646712692E1,1.316613163E-1,-1.716004012E0,-1.634350131E0
5.648712192E1,-7.445409525E-1,-2.793844078E0,-1.134536715E0
5.650711692E1,-1.169196670E0,-3.453745633E0,-7.338852060E-1
5.652711192E1,-9.129257067E-1,-3.728230893E0,-5.554123968E-1
5.654710692E1,-2.476035628E-1,-3.310221632E0,-1.091835961E0
5.656710192E1,3.264200829E-1,-2.970948638E0,-1.657285103E0
5.658709792E1,9.289710512E-1,-2.514965220E0,-1.880733526E0
5.660709292E1,1.736824778E0,-1.865690979E0,-1.444091674E0
5.662708792E1,2.258425650E0,-1.519042892E0,-1.077230785E0
5.664708292E1,1.790216289E0,-1.280064849E0,-1.041924128E0
5.666707792E1,1.047787716E0,-3.785306150E-1,-1.074452189E0
5.668707292E1,4.804586204E-1,5.428935081E-1,-7.478857791E-1
5.670706792E1,-2.184867677E-1,1.164786993E0,-6.084583372E-1
5.672706392E1,1.577938387E-1,1.619933090E0,6.005730745E-1
5.674705892E1,-1.001133221E-1,2.025346279E0,6.548681264E-1
5.676705392E1,-3.118433397E-1,2.002954951E0,1.970511675E-4
5.678704892E1,1.931642309E-2,2.188595862E0,-5.141152668E-1
5.680704392E1,3.542545105E-1,3.856547456E0,-1.096765894E0
5.682703892E1,-5.993548071E-1,5.193743110E0,-1.769424613E0
5.684703392E1,-1.446881965E0,5.340952027E0,3.254691795E-2
5.686702992E1,-1.636332483E0,3.124039854E0,3.619042912E0
5.688702492E1,-1.408382874E0,1.581379473E-1,6.400485045E0
5.690701946E1,-2.353615105E0,-1.404953774E0,4.542859131E0
5.692701446E1,-4.084833280E0,-6.751265359E-1,-3.612370361E-1
5.694700946E1,-3.854555309E0,8.596254855E-1,-2.827664958E0
5.696700446E1,-1.677328774E0,2.297855179E0,-1.135839474E0
5.698699946E1,1.590280251E0,1.739488184E0,2.703943137E0
5.700699446E1,3.245849635E0,5.069407332E-1,4.079624580E0
5.702699046E1,1.682586444E0,-1.470948958E0,1.622509080E0
5.704698546E1,4.278319985E-2,-3.259909850E0,-1.168112304E0
5.706698046E1,-7.476498440E-1,-4.513188019E0,-2.905331184E0
5.708697546E1,-1.045343141E0,-4.990188085E0,-3.031864931E0
5.710697046E1,-1.089808000E0,-4.795593333E0,-2.129910574E0
5.712696546E1,-1.252733940E0,-3.937032625E0,-9.164864418E-1
5.714696046E1,-1.216174224E0,-2.690719074E0,-1.604606076E-1
5.716695546E1,-7.881775535E-1,-1.341237835E0,3.349364063E-1
5.718695046E1,-2.034186392E-1,-2.651226979E-1,3.786427353E-1
5.720694646E1,3.577043677E-1,5.448026240E-2,-2.271923947E-1
5.722694146E1,6.767058688E-1,-2.204306746E-1,-1.542827319E0
5.724693646E1,7.009898671E-1,-6.877009732E-1,-2.705404356E0
5.726693146E1,7.474157361E-1,-7.858640295E-1,-3.384289482E0
5.728692646E1,8.379728805E-1,-3.375065500E-1,-2.943046895E0
5.730692146E1,-2.074196696E-1,1.864577669E-1,-2.444751855E0
5.732691646E1,-1.181434381E0,1.355390435E0,-1.522009184E0
5.734691146E1,-1.453243589E0,2.843858821E0,9.611389965E-2
5.736690646E1,-9.010989822E-1,4.061040375E0,1.955217698E0
5.738690246E1,3.900554039E-1,4.929305706E0,2.621804960E0
5.740689746E1,7.320874795E-2,5.477437735E0,3.385520321E-1
5.742689246E1,-6.692982506E-1,4.228098249E0,-1.142406775E0
5.744688746E1,-7.751178704E-1,2.936927783E0,9.991751343E-2
5.746688246E1,-8.578958061E-2,8.218974960E-1,3.155325966E0
5.748687746E1,5.776917502E-1,-1.271149015E0,5.241861602E0
5.750687246E1,3.700884416E-1,-2.370202779E0,4.586075024E0
5.752686746E1,7.149767724E-1,-1.401804464E0,1.899375619E0
5.754686246E1,1.667088106E0,2.162347126E-1,2.550248489E-2
5.756685846E1,3.279024982E0,1.326762468E0,-4.834214777E-1
5.758685346E1,3.946378230E0,1.248638404E0,-4.694024858E-1
5.760684846E1,2.044423697E0,-3.601107162E-1,-5.061206612E-1
5.762684346E1,2.582994724E-1,-2.007492390E0,-4.805604351E-1
5.764683846E1,-1.135022034E0,-3.169234738E0,-3.480891332E-1
5.766683346E1,-1.744509189E0,-3.769743785E0,-4.964952672E-1
5.768682846E1,-1.609877633E0,-3.991544462E0,-4.271282861E-1
5.770682346E1,-1.290206406E0,-3.761285203E0,-1.057422173E0
5.772681846E1,-6.429486503E-1,-3.378375024E0,-1.277883545E0
5.774681346E1,4.798473671E-2,-2.759619155E0,-1.378043718E0
5.776680946E1,9.032033951E-1,-1.911643077E0,-1.414149690E0
5.778680446E1,1.736754319E0,-1.072779300E0,-1.283657963E0
5.780679946E1,2.445009717E0,-3.971025413E-1,-1.063498307E0
5.782679446E1,2.764072687E0,3.241871774E-2,-1.232692170E0
5.784678946E1,1.630545055E0,3.126377571E-1,-1.746325626E0
5.786678446E1,-2.537793919E-1,4.865614325E-1,-1.785922678E0
5.788677946E1,-1.935130904E0,6.129425669E-1,-6.674479723E-1
5.790677517E1,-1.457167071E0,1.690131252E0,9.674037033E-1
5.792677017E1,7.087044641E-3,3.369558592E0,1.680968665E0
5.794676517E1,1.501125269E0,4.295852276E0,1.533538724E0
5.796676017E1,3.072323863E0,4.582771055E0,6.641840565E-1
5.798675617E1,1.824699366E0,5.306608990E0,-1.934599831E0
5.800675117E1,-1.009150923E0,4.728318193E0,-3.188417698E0
5.802674617E1,-2.707904333E0,2.993867970E0,-3.144271512E-1
5.804674117E1,-2.605798792E0,6.977780646E-1,3.930489591E0
5.806673617E1,-1.630587009E0,-9.229455686E-1,6.972087797E0
5.808673117E1,-2.370999754E0,-1.881580787E0,4.848892457E0
5.810672617E1,-3.453133430E0,-1.409947881E0,7.102028131E-1
5.812672117E1,-2.193615696E0,2.641374421E-1,-1.776230626E0
5.814671617E1,6.386153519E-1,2.051130161E0,-1.318958189E0
5.816671117E1,3.556468933E0,2.180297493E0,7.911680388E-1
5.818670617E1,3.801984748E0,5.681610811E-1,1.589698745E0
5.820670117E1,1.295227703E0,-1.463846346E0,4.933716846E-1
5.822669717E1,-2.446658485E-1,-3.155653410E0,-9.340288197E-1
5.824669217E1,-1.415646285E0,-4.614839525E0,-1.761031081E0
5.826668717E1,-2.278335419E0,-5.114057255E0,-2.215931156E0
5.828668217E1,-2.364213183E0,-4.523331769E0,-1.833498256E0
5.830667717E1,-1.356056141E0,-3.226044531E0,-8.738045450E-1
5.832667217E1,-3.154073638E-1,-2.042835885E0,-3.012304240E-1
5.834666717E1,2.807406840E-1,-1.272016157E0,-5.434954789E-1
5.836666217E1,6.122897983E-1,-8.449396187E-1,-1.291704024E0
5.838665717E1,7.219592980E-1,-8.973137140E-1,-1.965270815E0
5.840665217E1,7.384789248E-1,-1.231990796E0,-2.175498099E0
5.842664717E1,3.363011464E-1,-1.163536273E0,-2.139397389E0
5.844664217E1,-7.929417186E-1,-4.238652474E-1,-2.139118477E0
5.846663717E1,-1.565788019E0,8.939299303E-1,-1.438439316E0
5.848663217E1,-1.207390610E0,2.504412165E0,-5.057461470E-2
5.850662817E1,-9.565503940E-2,3.903987671E0,1.216844754E0
5.852662317E1,1.121573876E0,4.510464971E0,1.238047342E0
5.854661817E1,1.839182919E0,4.474055529E0,3.736370802E-1
5.856661317E1,5.917604069E-1,5.070896033E0,-2.043701273E0
5.858660817E1,-6.892899540E-1,4.448297374E0,-2.744211742E0
5.860660317E1,-8.594676107E-1,2.724194968E0,6.229205480E-1
5.862659817E1,-7.341979589E-1,4.063668698E-1,4.485809017E0
5.864659317E1,-3.762879885E-1,-1.159297042E0,6.692169889E0
5.866658817E1,-3.807520910E-2,-1.816428187E0,6.093512070E0
5.868658317E1,9.344265034E-1,-1.173487650E0,3.204338497E0
5.870657817E1,2.723853491E0,5.304804540E-1,-4.011024754E-1
5.872657317E1,3.713236001E0,1.419339094E0,-2.516324698E0
5.874656817E1,2.696934664E0,9.063698816E-1,-2.854647519E0
5.876656317E1,9.665962029E-1,-6.656014216E-1,-1.743288875E0
5.878655817E1,-8.631349844E-1,-2.346830873E0,-4.825756779E-1
5.880655317E1,-2.044115841E0,-3.393261450E0,4.165790319E-1
5.882654817E1,-2.447018966E0,-3.881348421E0,7.282110679E-1
5.884654317E1,-1.622899674E0,-3.787605860E0,4.424284029E-1
5.886653917E1,-5.121654397E-1,-3.615346302E0,-4.549727270E-1
5.888653417E1,2.924686638E-1,-3.329360154E0,-1.473785443E0
5.890652971E1,1.016869832E0,-2.656433925E0,-2.226936932E0
5.892652471E1,1.457054805E0,-1.811893086E0,-2.473726270E0
5.894651971E1,1.747839470E0,-9.111833096E-1,-1.995069688E0
5.896651471E1,2.101814411E0,-2.679153281E-1,-1.125784602E0
5.898650971E1,2.164003350E0,-8.488695323E-2,-7.240034115E-1
5.900650471E1,1.485107699E0,-3.168606162E-2,-1.227591059E0
5.902649971E1,2.416768250E-1,7.042211115E-2,-1.690444078E0
5.904649471E1,-1.162753039E0,4.245177966E-1,-1.482757118E0
5.906648971E1,-1.502152040E0,1.410675275E0,-6.883313030E-2
5.908648471E1,-3.972059640E-1,2.969473386E0,1.459146061E0
5.910647971E1,1.337362593E0,4.326684060E0,1.977618819E0
5.912647471E1,2.752860066E0,4.883012130E0,1.110760182E0
5.914646971E1,1.640317945E0,5.807137667E0,-2.233646904E0
5.916646471E1,-2.002161338E0,4.207924771E0,-3.430259122E0
5.918645971E1,-4.199239901E0,2.082981699E0,4.187015712E-2
5.920645471E1,-3.692047445E0,-1.576760173E-1,5.250828892E0
5.922644971E1,-2.711650937E0,-1.236349311E0,7.324504162E0
5.924644471E1,-3.139596663E0,-7.200699896E-1,4.543390058E0
5.926643971E1,-2.844961022E0,6.890241981E-1,6.141026545E-1
5.928643471E1,-1.106478193E0,2.301864615E0,-1.186250513E0
5.930642971E1,2.721076064E0,2.686582754E0,1.487231992E-1
5.932642471E1,5.081485925E0,1.359153119E0,1.658909898E0
5.934641971E1,3.008060916E0,-6.026508826E-1,3.238173410E-1
5.936641571E1,3.023634683E-1,-2.459582148E0,-1.134917661E0
5.938641071E1,-1.091776538E0,-4.084181900E0,-1.583458743E0
5.940640571E1,-1.761465822E0,-4.897995036E0,-1.326524194E0
5.942640071E1,-2.136199693E0,-4.996756847E0,-9.975871767E-1
5.944639571E1,-1.714690435E0,-4.324251618E0,-6.256210846E-1
5.946639071E1,-1.136366309E0,-3.315591130E0,-7.286621806E-1
5.948638571E1,-8.044460423E-1,-2.535645652E0,-1.245651062E0
5.950638071E1,5.437208891E-2,-1.814641278E0,-1.451769214E0
5.952637571E1,8.687347166E-1,-8.728349304E-1,-1.428108163E0
5.954637071E1,1.435245860E0,-3.476210636E-1,-1.401403491E0
5.956636571E1,9.191392504E-1,-4.835314053E-1,-1.410712843E0
5.958636071E1,-4.042430880E-1,-7.695152146E-1,-1.623384847E0
5.960635571E1,-1.614405424E0,-3.289573359E-1,-1.408766305E0
5.962635071E1,-1.670553313E0,8.455886596E-1,-5.882727255E-1
5.964634571E1,-7.990771289E-1,2.771215353E0,-1.455787128E-1
5.966634071E1,3.021969322E-1,4.578226014E0,1.527102694E-2
5.968633571E1,1.654020895E0,5.296382210E0,-1.707658866E-1
5.970633071E1,1.922606168E0,5.595729831E0,-1.042712625E0
5.972632571E1,7.160408925E-3,4.552787703E0,-2.106991682E0
5.974632071E1,-9.713801023E-1,2.845249289E0,-1.471375805E-1
5.976631571E1,-9.107978319E-1,1.221928323E0,3.441859413E0
5.978631071E1,-8.358830126E-1,-3.673261803E-1,6.063397155E0
5.980630571E1,-4.396010549E-1,-1.443337821E0,6.726139289E0
5.982630071E1,1.106199354E0,-1.142275797E0,5.294005902E0
5.984629571E1,2.663859597E0,5.092661709E-1,1.778663652E0
5.986629071E1,3.793143465E0,1.897240800E0,-1.501251715E0
5.988628571E1,3.054149839E0,1.289353736E0,-2.546058959E0
5.990628071E1,1.240849328E0,-2.044882411E-1,-1.610270273E0
5.992627479E1,-7.775449035E-1,-1.993733307E0,-2.345911691E-1
5.994626979E1,-2.229408258E0,-3.373856295E0,6.437559316E-1
5.996626479E1,-2.478938186E0,-4.038398201E0,7.489692682E-1
5.998625979E1,-1.124356274E0,-3.969081799E0,1.127410421E-1
6.000625479E1,-1.184664529E-1,-3.928193974E0,-9.210428846E-1
6.002624979E1,6.110265074E-1,-3.610445166E0,-1.862672792E0
6.004624479E1,1.251594464E0,-2.968603320E0,-2.360076571E0
6.006623979E1,1.414414277E0,-2.197322831E0,-2.240178829E0
6.008623479E1,1.424983411E0,-1.333120730E0,-1.645994130E0
6.010622979E1,1.564754523E0,-7.012653440E-1,-8.852017915E-1
6.012622479E1,2.152110113E0,-3.774208134E-1,-1.077179915E-1
6.014621979E1,1.804869411E0,-7.267130113E-1,-1.193732464E-1
6.016621479E1,8.407935774E-1,-4.631965435E-1,-1.113514367E0
6.018620979E1,-3.588969804E-1,1.547986025E-1,-1.744955623E0
6.020620479E1,-6.293585517E-1,1.342944637E0,-1.374667682E0
6.022619979E1,1.548496194E-1,2.923561049E0,-9.887992501E-2
6.024619479E1,7.392959270E-1,3.876197024E0,7.013901821E-1
6.026618979E1,1.482702739E0,4.117813330E0,9.216407624E-1
6.028618479E1,9.939192183E-1,5.113773665E0,-6.223323181E-1
6.030617979E1,-4.251420600E-1,4.975211611E0,-1.501515424E0
6.032617479E1,-1.582782513E0,4.040210838E0,1.551143521E-1
6.034616979E1,-1.935078133E0,1.524312403E0,3.266469256E0
6.036616479E1,-1.445085846E0,-7.553813249E-1,5.676742419E0
6.038615979E1,-1.928781851E0,-1.798991205E0,4.539188249E0
6.040615479E1,-3.209303952E0,-7.090286922E-1,6.327527873E-1
6.042614979E1,-3.402306508E0,8.190376228E-1,-1.540171367E0
6.044614479E1,-1.145417214E0,2.708138514E0,-5.289765501E-1
6.046613979E1,2.123479806E0,2.314800995E0,2.727391056E0
6.048613479E1,3.168836835E0,1.231423616E-1,3.671254454E0
6.050612979E1,1.334771837E0,-1.796147119E0,8.443835485E-1
6.052612479E1,8.316904128E-2,-3.064870709E0,-1.659501783E0
6.054611979E1,-6.506910217E-1,-4.013266284E0,-2.782035041E0
6.056611479E1,-1.047039857E0,-4.386380038E0,-2.430785780E0
6.058610979E1,-1.204783775E0,-4.166579694E0,-1.443870503E0
6.060610479E1,-1.122656050E0,-3.246386994E0,-6.869285560E-1
6.062609979E1,-8.396116358E-1,-2.116373978E0,-4.279331553E-1
6.064609479E1,-3.369404664E-1,-1.360631880E0,-6.190760037E-1
6.066608979E1,2.103885933E-1,-8.507225150E-1,-9.901407476E-1
6.068608479E1,8.536643223E-1,-8.605967081E-1,-1.206493428E0
6.070607979E1,9.111713228E-1,-1.283437523E0,-1.712545677E0
6.072607479E1,4.243402606E-1,-1.695399009E0,-2.042051481E0
6.074606979E1,-1.917657231E-1,-1.553725652E0,-1.800419095E0
6.076606479E1,-6.976940840E-1,-6.880699325E-1,-1.284538846E0
6.078605979E1,-9.398579089E-1,7.060068512E-1,-6.253991827E-1
6.080605379E1,-7.101641484E-1,2.286823238E0,-4.132218531E-1
6.082604879E1,-2.815741681E-1,3.802302251E0,-6.091221423E-1
6.084604379E1,4.794903215E-1,4.970504018E0,-1.015935301E0
6.086603879E1,1.660875001E0,5.419520479E0,-7.342144042E-1
6.088603379E1,7.338151856E-1,5.242848612E0,-1.386494699E0
6.090602879E1,-8.373537335E-1,3.971141188E0,-8.927733511E-1
6.092602408E1,-1.085375226E0,2.458323827E0,2.114974154E0
6.094601908E1,-6.552307999E-1,2.946979147E-1,5.128736690E0
6.096601408E1,-1.360836569E-1,-1.713486201E0,6.662385927E0
6.098600908E1,4.329985982E-1,-1.972282797E0,5.233381385E0
6.100600408E1,1.303893569E0,-7.778743941E-1,1.736554636E0
6.102599908E1,2.428499080E0,1.062918556E0,-1.160309487E0
6.104599408E1,3.438765652E0,1.859225712E0,-1.963020807E0
6.106598908E1,2.742093588E0,6.453104138E-1,-9.192933977E-1
6.108598408E1,1.431649237E0,-1.009235854E0,2.485825329E-1
6.110597908E1,-5.284976266E-1,-2.480737959E0,4.653377938E-1
6.112597408E1,-1.836462940E0,-3.411153345E0,3.342063814E-1
6.114596908E1,-1.983358885E0,-3.994203776E0,2.841659099E-1
6.116596408E1,-1.000444053E0,-4.001013443E0,-8.608709425E-2
6.118595908E1,-6.997286227E-2,-3.653663691E0,-9.275375332E-1
6.120595408E1,4.062831450E-1,-3.213857764E0,-1.862682732E0
6.122594908E1,8.948980831E-1,-2.452937956E0,-2.351369043E0
6.124594408E1,1.426914454E0,-1.525970088E0,-2.008985184E0
6.126593908E1,2.035260233E0,-8.939772928E-1,-1.041022487E0
6.128593408E1,2.185457954E0,-8.397548926E-1,-4.196589066E-1
6.130592808E1,1.765013035E0,-8.883113408E-1,-7.545194453E-1
6.132592308E1,1.009270864E0,-3.317908967E-1,-1.752180297E0
6.134591808E1,-5.073548622E-2,2.710476816E-1,-2.026358578E0
6.136591308E1,-8.318357892E-1,9.908036757E-1,-1.151636166E0
6.138590808E1,-7.260644089E-1,1.914769583E0,1.861835325E-1
6.140590308E1,-1.154356583E-1,2.857190473E0,9.192624074E-1
6.142589808E1,4.383531129E-1,3.381738342E0,9.254303429E-1
6.144589308E1,1.430257600E0,4.021811405E0,1.950571208E-1
6.146588808E1,1.382110603E0,5.585853299E0,-1.860957512E0
6.148588308E1,-1.660632634E-1,5.782261273E0,-2.210399106E0
6.150587808E1,-1.412583075E0,4.071801590E0,9.285616730E-1
6.152587308E1,-2.044298566E0,9.277157271E-1,4.437120422E0
6.154586808E1,-2.197819260E0,-1.550836542E0,6.231696979E0
6.156586308E1,-3.560943807E0,-2.071533435E0,3.609764550E0
6.158585808E1,-4.071096124E0,-5.856781697E-1,-2.193607803E-1
6.160585308E1,-3.088271559E0,1.695183247E0,-1.877634063E0
6.162584808E1,4.581707885E-1,3.307017358E0,5.852279341E-1
6.164584208E1,4.110814506E0,2.023835358E0,3.442829466E0
6.166583708E1,3.530172250E0,-7.348488271E-1,2.619080742E0
6.168583208E1,1.302138673E0,-2.506845192E0,-7.615220708E-1
6.170582708E1,-4.963362960E-1,-4.041935767E0,-2.751831248E0
6.172582208E1,-1.519571773E0,-5.099248012E0,-3.018386514E0
6.174581708E1,-1.839521765E0,-5.177636955E0,-1.915509256E0
6.176581208E1,-1.465646996E0,-4.188340107E0,-7.104023494E-1
6.178580708E1,-1.149124860E0,-2.888477755E0,-5.802864522E-1
6.180580208E1,-8.544103539E-1,-1.794331559E0,-1.219863671E0
6.182579708E1,-4.360313663E-1,-9.989418304E-1,-1.740556471E0
6.184579208E1,1.771144279E-1,-6.031157362E-1,-1.850511315E0
6.186578708E1,4.537177683E-1,-7.903307176E-1,-1.570009124E0
6.188578208E1,2.027489868E-1,-1.217221899E0,-1.384511908E0
6.190577708E1,-3.999966938E-1,-1.482602459E0,-1.410787249E0
6.192577067E1,-9.487670191E-1,-8.763748348E-1,-1.521617567E0
6.194576567E1,-1.060653637E0,5.698550195E-1,-1.523799748E0
6.196576067E1,-6.758181884E-1,2.415547351E0,-8.062164330E-1
6.198575567E1,3.011755881E-1,4.186076065E0,3.635447860E-2
6.200575067E1,1.078542097E0,4.838641119E0,2.518232059E-1
6.202574567E1,1.136542748E0,4.702676983E0,-5.281877607E-1
6.204574067E1,5.675197146E-1,5.189138428E0,-2.002333100E0
6.206573567E1,-5.628003903E-1,4.888370519E0,-1.918366937E0
6.208573067E1,-9.165251065E-1,3.741266676E0,9.630970828E-1
6.210572567E1,-1.315871298E0,1.831194161E0,4.305305470E0
6.212572067E1,-4.384937384E-1,-5.185398549E-1,7.264314678E0
6.214571567E1,4.247062963E-1,-2.824965883E0,7.915983939E0
6.216570967E1,1.144520178E0,-2.978573992E0,4.745302893E0
6.218570467E1,1.620415631E0,-1.141219205E0,-4.735139555E-1
6.220569967E1,2.227454849E0,8.189738882E-1,-3.937167111E0
6.222569467E1,2.539301916E0,2.009747661E0,-4.117575349E0
6.224568967E1,2.036814423E0,7.905195826E-1,-1.321606393E0
6.226568467E1,8.688658404E-1,-1.171693139E0,1.022507864E0
6.228567967E1,-8.205866964E-1,-2.863026579E0,1.848631727E0
6.230567467E1,-2.013790865E0,-3.926293629E0,1.094568657E0
6.232566967E1,-1.674553393E0,-4.265007629E0,2.361669937E-1
6.234566467E1,-6.651356909E-1,-4.161631780E0,-6.961279804E-1
6.236565967E1,1.688855317E-1,-3.721667393E0,-1.497979467E0
6.238565367E1,7.464548193E-1,-2.889544871E0,-2.112122467E0
6.240564867E1,1.128078173E0,-1.976772873E0,-1.994793407E0
6.242564367E1,1.593953180E0,-1.273833472E0,-1.297646257E0
6.244563867E1,1.922810090E0,-8.344315875E-1,-8.340898177E-1
6.246563367E1,1.896336382E0,-9.265234798E-1,-9.002579333E-1
6.248562867E1,1.528594465E0,-9.807821327E-1,-1.509537366E0
6.250562367E1,9.728446106E-1,-5.985303497E-1,-1.965634805E0
6.252561867E1,7.815033954E-2,-1.125822902E-2,-1.885881707E0
6.254561367E1,-4.788977793E-1,9.292991531E-1,-1.156243041E0
6.256560867E1,-3.034275884E-1,2.212389936E0,-3.237486362E-2
6.258560267E1,8.298209117E-1,3.517186169E0,6.303764789E-1
6.260559767E1,2.357777153E0,4.503470532E0,3.660725373E-1
6.262559267E1,2.649902585E0,5.950445906E0,-1.643283507E0
6.264558767E1,1.760232644E-1,6.070686879E0,-3.240084865E0
6.266558267E1,-2.785963785E0,4.760365028E0,-1.403628941E0
6.268557767E1,-2.728903146E0,1.792380928E0,3.943085078E0
6.270557267E1,-1.494283734E0,-9.416975892E-1,8.355868803E0
6.272556767E1,-2.366517717E0,-2.329276362E0,7.262303821E0
6.274556267E1,-4.136370639E0,-1.424361268E0,2.041500966E0
6.276555667E1,-3.276760063E0,8.017994463E-1,-1.375308976E0
6.278555167E1,-1.442509563E-1,2.741831925E0,-1.022878285E0
6.280554667E1,3.546682448E0,2.867628338E0,1.029148985E0
6.282554167E1,4.106919090E0,9.545135164E-1,1.811223288E0
6.284553667E1,1.777875886E0,-1.192106354E0,1.850193518E-1
6.286553167E1,1.519070812E-1,-2.900687910E0,-1.291704463E0
6.288552667E1,-7.904797485E-1,-4.330661920E0,-1.629459666E0
6.290552167E1,-1.161699370E0,-4.945637564E0,-1.244736849E0
6.292551717E1,-1.062485204E0,-4.712892653E0,-5.506878465E-1
6.294551117E1,-8.443698075E-1,-3.945841455E0,-4.500122416E-1
6.296550617E1,-7.184841516E-1,-2.967473053E0,-8.743055052E-1
6.298550117E1,-1.209791111E-1,-2.141958470E0,-1.096176641E0
6.300549617E1,7.495653187E-1,-1.572222149E0,-1.286097568E0
6.302549117E1,1.384899140E0,-1.165498599E0,-1.735968307E0
6.304548617E1,1.260470537E0,-9.039584899E-1,-2.224155996E0
6.306548117E1,5.535331748E-1,-1.045142435E0,-1.970508897E0
6.308547617E1,-2.549751475E-1,-1.005073221E0,-1.308946148E0
6.310547017E1,-9.331909867E-1,-2.316380328E-1,-6.141336447E-1
6.312546517E1,-1.311059331E0,1.170268757E0,-3.128932804E-2
6.314546017E1,-9.726262171E-1,2.954343715E0,-8.248667121E-2
6.316545517E1,-1.126101375E-1,4.619798548E0,-8.439912003E-1
6.318545017E1,9.871566211E-1,5.434731426E0,-1.528115139E0
6.320544517E1,2.177051558E0,5.540980597E0,-1.600637863E0
6.322544017E1,9.514234091E-1,4.670565244E0,-1.982893885E0
6.324543517E1,-3.382648607E-1,2.956483796E0,-3.857169892E-1
6.326542917E1,-4.210839462E-1,1.195704145E0,3.442274273E0
6.328542417E1,-4.354428805E-2,-9.422273469E-1,6.827332957E0
6.330541917E1,-4.544251353E-1,-2.121317798E0,7.171376694E0
6.332541417E1,9.556239758E-2,-1.299509180E0,4.444763902E0
6.334540917E1,1.782005921E0,1.205662538E0,7.800910735E-1
6.336540417E1,3.860996017E0,2.909145323E0,-1.391823413E0
6.338539917E1,4.007452397E0,2.092193402E0,-1.658775266E0
6.340539317E1,1.585382185E0,-1.469060308E-1,-9.771583208E-1
6.342538817E1,-8.637946965E-1,-2.052926425E0,-4.055652165E-1
6.344538317E1,-2.129278636E0,-3.297377053E0,4.257647154E-1
6.346537817E1,-1.960189293E0,-3.669777448E0,7.389614663E-1
6.348537317E1,-8.127462380E-1,-3.460751767E0,2.100267237E-1
6.350536817E1,-1.111935765E-2,-3.447217802E0,-8.303609021E-1
6.352536317E1,6.548418139E-1,-3.405779169E0,-1.700503044E0
6.354535717E1,1.266935657E0,-3.100553343E0,-2.056931914E0
6.356535217E1,1.412971184E0,-2.735064942E0,-2.120446563E0
6.358534717E1,1.377560446E0,-2.032374047E0,-1.838612815E0
6.360534217E1,1.394792921E0,-1.582475241E0,-1.059782986E0
6.362533717E1,1.358316090E0,-1.497209389E0,-2.125592990E-1
6.364533217E1,1.292221211E0,-1.276845957E0,-1.182657838E-2
6.366532717E1,5.578311341E-1,-6.153311545E-1,-8.619383517E-1
6.368532117E1,-1.608192977E-1,3.987684131E-1,-1.482082203E0
6.370531617E1,-2.485407253E-1,1.991672748E0,-1.411291864E0
6.372531117E1,5.858763172E-1,3.595473955E0,-1.023403365E0
6.374530617E1,1.838037157E0,4.735602654E0,-4.631025495E-1
6.376530117E1,3.224579219E0,5.223080930E0,1.481406704E-1
6.378529617E1,1.756902362E0,5.892561979E0,-1.472110215E0
6.380529117E1,-1.913902003E0,4.723008921E0,-1.705607224E0
6.382528517E1,-3.777732836E0,2.802085728E0,1.326695225E0
6.384528017E1,-3.185761308E0,4.654067910E-1,5.533518965E0
6.386527517E1,-2.366430740E0,-1.369661150E0,7.376719798E0
6.388527017E1,-3.604922470E0,-1.464473167E0,3.474747078E0
6.390526517E1,-4.334238077E0,-1.359986347E-1,-9.745561637E-1
6.392525933E1,-3.015978631E0,2.308305908E0,-2.504638453E0
6.394525333E1,1.147100993E0,3.099297945E0,5.914707139E-1
6.396524833E1,4.369801428E0,1.303810977E0,3.371763577E0
6.398524333E1,3.495559657E0,-1.400961880E0,2.184499887E0
6.400523833E1,1.373635795E0,-2.827763191E0,-1.077980399E0
6.402523333E1,-2.607094388E-1,-3.955368909E0,-3.034903729E0
6.404522833E1,-1.405012831E0,-4.913863794E0,-3.193279366E0
6.406522233E1,-1.910889371E0,-5.118010558E0,-2.021232470E0
6.408521733E1,-1.851569661E0,-4.538722225E0,-7.652112253E-1
6.410521233E1,-1.576057045E0,-3.398301750E0,-4.388658406E-1
6.412520733E1,-8.420603035E-1,-2.146223429E0,-5.772865382E-1
6.414520233E1,1.514140513E-1,-1.131439152E0,-1.301840611E0
6.416519733E1,6.730994524E-1,-6.321910161E-1,-2.062550358E0
6.418519133E1,6.573007143E-1,-5.395687813E-1,-2.546223266E0
6.420518633E1,5.348697029E-1,-6.070988595E-1,-2.474988684E0
6.422518133E1,2.520376526E-2,-7.054624754E-1,-1.788676717E0
6.424517633E1,-6.466482568E-1,-1.549360120E-1,-1.209264131E0
6.426517133E1,-1.028843322E0,1.393824184E0,-8.094256774E-1
6.428516633E1,-4.853936339E-1,3.818176857E0,-6.836899294E-1
6.430516033E1,6.280654400E-1,5.627187266E0,-6.574281836E-1
6.432515533E1,1.887165755E0,6.505509224E0,-6.109138754E-1
6.434515033E1,1.373439767E0,6.089199164E0,-9.703960159E-1
6.436514533E1,-5.966939586E-1,4.669284704E0,-5.550025070E-1
6.438514033E1,-1.951309126E0,2.760556464E0,1.965790633E0
6.440513533E1,-1.736506397E0,6.490725124E-1,5.385201416E0
6.442512933E1,-9.419242419E-1,-1.343408321E0,7.809472228E0
6.444512433E1,2.133810704E-1,-2.072823331E0,7.612526311E0
6.446511933E1,1.723161297E0,-9.555437958E-1,3.306671788E0
6.448511433E1,2.834303302E0,7.837660486E-1,-1.243746331E0
6.450510933E1,3.163033473E0,1.543750886E0,-3.837932260E0
6.452510333E1,2.078886601E0,5.990548450E-1,-3.732533859E0
6.454509833E1,6.337463754E-1,-1.334809991E0,-1.528606013E0
6.456509333E1,-7.611744538E-1,-3.068552116E0,8.312986493E-2
6.458508833E1,-1.601496088E0,-4.195753791E0,6.835807326E-1
6.460508333E1,-1.838470874E0,-4.830551496E0,2.197114670E-1
6.462507833E1,-1.355769627E0,-4.691763155E0,-8.406135562E-1
6.464507233E1,-5.506955210E-1,-4.182123932E0,-1.739599574E0
6.466506733E1,2.718440723E-1,-3.429710653E0,-2.200129202E0
6.468506233E1,8.511367902E-1,-2.366883899E0,-2.179820068E0
6.470505733E1,1.392830888E0,-1.415644239E0,-1.640410624E0
6.472505233E1,2.041129375E0,-7.277538157E-1,-7.598398268E-1
6.474504633E1,2.308662734E0,-3.850946993E-1,-4.295847014E-1
6.476504133E1,1.715282758E0,-2.535440415E-1,-1.122461045E0
6.478503633E1,7.173568815E-1,1.186610556E-1,-1.689112667E0
6.480503133E1,-1.570347605E-1,8.443835485E-1,-1.555914849E0
6.482502633E1,-6.797024207E-1,2.317618768E0,-7.493412973E-1
6.484502033E1,-1.394691765E-1,3.664058871E0,-4.957620263E-2
6.486501533E1,9.703788397E-1,4.371392455E0,8.073741817E-1
6.488501033E1,2.449752686E0,4.426355698E0,9.965280998E-1
6.490500533E1,1.457136373E0,4.721344804E0,-1.529456929E0
6.492500108E1,-1.345624124E0,4.835270784E0,-2.877986680E0
6.494499508E1,-3.221408858E0,2.645164586E0,6.253187835E-1
6.496499008E1,-3.244719661E0,6.595659256E-1,5.148685051E0
6.498498508E1,-3.084818778E0,1.037828153E-1,7.261613849E0
6.500498008E1,-3.587100157E0,7.114003229E-1,4.793487166E0
6.502497508E1,-2.730818402E0,2.036451311E0,1.308001676E0
6.504496908E1,2.563360870E-2,2.913882152E0,-1.031416681E-1
6.506496408E1,2.864838924E0,1.688651322E0,3.407808445E-1
6.508495908E1,3.070153084E0,-5.178083682E-1,1.456235902E-1
6.510495408E1,2.171119996E0,-1.831695267E0,-6.901797540E-1
6.512494908E1,5.803829312E-1,-3.395032572E0,-1.380548227E0
6.514494308E1,-7.894204523E-1,-5.135321240E0,-1.378812920E0
6.516493808E1,-1.862619729E0,-6.195903248E0,-1.143720644E0
6.518493308E1,-2.258078033E0,-6.279804361E0,-1.110805498E0
6.520492808E1,-1.855223586E0,-4.999522580E0,-1.392880443E0
6.522492308E1,-1.179533159E0,-3.199877656E0,-1.690821224E0
6.524491708E1,-5.686474232E-1,-1.536042502E0,-1.844779874E0
6.526491208E1,1.261696479E-1,-2.798208439E-1,-1.750070475E0
6.528490708E1,9.269661140E-1,1.996572715E-1,-1.216293361E0
6.530490208E1,1.512955356E0,-2.284548086E-1,-5.909786707E-1
6.532489708E1,1.364318695E0,-7.381495804E-1,-9.229297811E-1
6.534489108E1,6.239234917E-1,-4.546268642E-1,-1.920331455E0
6.536488608E1,3.180461392E-2,9.649192214E-1,-2.649949363E0
6.538488108E1,-2.637698350E-1,3.518660252E0,-2.529617173E0
6.540487608E1,5.366543462E-2,5.790224011E0,-1.124713100E0
6.542487008E1,9.331018898E-1,6.334559442E0,7.035293859E-1
6.544486508E1,1.611273802E0,5.881877947E0,1.042309459E0
6.546486008E1,2.443518348E-1,4.079058570E0,2.768476810E-1
6.548485508E1,-4.859054114E-1,1.646173055E0,1.532751543E0
6.550485008E1,-4.050307810E-2,-5.331894690E-1,4.372287664E0
6.552484408E1,-5.620398137E-1,-1.886956133E0,4.996524128E0
6.554483908E1,-7.491375949E-1,-1.360776891E0,3.037534099E0
6.556483408E1,6.963698358E-1,1.224102902E0,7.781936520E-1
6.558482908E1,3.609814836E0,3.430650301E0,1.063167062E-1
6.560482308E1,4.909809335E0,2.614055060E0,6.005727822E-1
6.562481808E1,2.840015447E0,1.894655746E-1,4.724328053E-1
6.564481308E1,6.947947421E-1,-1.455451498E0,-6.255807388E-1
6.566480808E1,-1.295251530E0,-3.040583714E0,-1.041506637E0
6.568480308E1,-1.985557438E0,-4.237703471E0,-3.622828107E-1
6.570479708E1,-1.991416640E0,-5.003367709E0,1.706489423E-1
6.572479208E1,-1.200304442E0,-5.063173615E0,-1.257725854E-1
6.574478708E1,-3.485155779E-1,-4.576203462E0,-1.173311064E0
6.576478208E1,1.229289017E-1,-3.954239811E0,-1.876335543E0
6.578477608E1,6.659835371E-1,-3.125211636E0,-1.935710509E0
6.580477108E1,1.066397576E0,-2.120560584E0,-1.936448135E0
6.582476608E1,1.683508696E0,-1.032116593E0,-1.475647342E0
6.584476108E1,2.641483179E0,-2.228847510E-1,-7.680808926E-1
6.586475508E1,2.842888768E0,1.535537302E-1,-6.272445640E-1
6.588475008E1,1.252741688E0,3.709111083E-1,-1.340980557E0
6.590474508E1,-3.412165352E-1,1.159462518E0,-1.255955463E0
6.592473971E1,-5.525675071E-1,2.996915538E0,-7.505912858E-1
6.594473471E1,3.625877064E-1,4.938682301E0,-3.315966229E-1
6.596472871E1,2.231736327E0,6.105903490E0,3.209758866E-1
6.598472371E1,2.272463207E0,7.100468679E0,-5.820628363E-1
6.600471871E1,-1.030025775E0,5.593709033E0,-3.418907923E-1
6.602471371E1,-3.051517423E0,2.626829472E0,2.782522699E0
6.604470771E1,-3.187773627E0,-4.213170308E-1,6.321352336E0
6.606470271E1,-3.712480248E0,-1.742924593E0,5.870425590E0
6.608469771E1,-4.454034662E0,-7.746794754E-1,1.412530450E0
6.610469271E1,-3.155791989E0,1.843293219E0,-1.721899760E0
6.612468671E1,-1.815646707E-1,4.015923843E0,-1.285053109E0
6.614468171E1,3.056815585E0,3.157440319E0,1.524148096E0
6.616467671E1,3.397664696E0,-3.312973917E-2,2.617265766E0
6.618467171E1,2.009141597E0,-2.496975092E0,5.388788098E-1
6.620466571E1,7.134328151E-1,-3.932071847E0,-1.808086695E0
6.622466071E1,-2.581635612E-1,-5.120141868E0,-2.662193432E0
6.624465571E1,-1.321899923E0,-5.731278230E0,-2.181908401E0
6.626465071E1,-1.808467788E0,-5.646887121E0,-1.041769761E0
6.628464471E1,-1.547651125E0,-4.601188615E0,-2.913832743E-1
6.630463971E1,-1.049896587E0,-3.173930637E0,-3.762151176E-1
6.632463471E1,-4.306408912E-1,-2.002997636E0,-1.022392673E0
6.634462971E1,2.656480703E-1,-1.397072897E0,-1.659820602E0
6.636462371E1,1.208953498E0,-1.142003317E0,-1.691261081E0
6.638461871E1,1.943899388E0,-9.113277358E-1,-1.761095400E0
6.640461371E1,1.124235675E0,-5.385379171E-1,-2.274708830E0
6.642460871E1,-1.845368469E-1,4.384376782E-1,-2.371656396E0
6.644460271E1,-6.691569673E-1,2.089725877E0,-1.437868482E0
6.646459771E1,-5.874109190E-1,4.101581460E0,-2.354324372E-1
6.648459271E1,-1.055639046E-1,5.792571083E0,-3.824678376E-2
6.650458771E1,8.185411211E-1,6.422446017E0,-6.016704507E-1
6.652458171E1,1.668357683E0,6.601519336E0,-9.426736356E-1
6.654457671E1,6.298833576E-2,4.034850111E0,-5.641430207E-1
6.656457171E1,1.561325168E-1,1.705029373E0,2.568992908E0
6.658456671E1,-2.559893836E-1,-2.771410650E-1,5.161510919E0
6.660456071E1,-1.256350443E0,-1.527420782E0,5.661584097E0
6.662455571E1,-6.338325488E-1,-6.816695702E-1,4.335346709E0
6.664455071E1,2.019161825E0,1.900415838E0,1.740566996E0
6.666454571E1,4.435418882E0,3.101462585E0,-5.492677040E-1
6.668453971E1,3.371706567E0,8.703106874E-1,-1.558056246E0
6.670453471E1,1.362993424E0,-1.715350878E0,-1.536096296E0
6.672452971E1,-5.324077693E-1,-3.429294332E0,-1.353969708E0
6.674452471E1,-1.637649422E0,-4.542956194E0,-6.286967200E-1
6.676451871E1,-2.237497442E0,-5.100132696E0,-4.061549082E-2
6.678451371E1,-1.761150803E0,-4.932632187E0,6.177568719E-2
6.680450871E1,-8.709041798E-1,-4.520004703E0,-4.419758284E-1
6.682450271E1,6.985659404E-2,-4.121840308E0,-9.333582902E-1
6.684449771E1,8.374155678E-1,-3.565660172E0,-1.439846449E0
6.686449271E1,1.363800047E0,-2.676814980E0,-1.683905868E0
6.688448771E1,2.033082730E0,-1.437238006E0,-1.485846494E0
6.690448171E1,2.598341545E0,-5.380999607E-1,-7.839176376E-1
6.692447679E1,2.020659297E0,1.214870149E-1,-5.169377178E-1
6.694447179E1,8.058710088E-1,8.018696129E-1,-8.465791780E-1
6.696446679E1,-1.563435830E-1,1.669655473E0,-9.540996797E-1
6.698446079E1,-2.242494911E-2,3.333274280E0,-9.034544599E-1
6.700445579E1,4.163239837E-1,4.327321406E0,-7.921765374E-1
6.702445079E1,1.306494849E0,4.221781502E0,-2.034105992E-1
6.704444479E1,2.309241316E0,4.339821584E0,-5.654275078E-1
6.706443979E1,7.844527309E-1,4.869996813E0,-2.370951807E0
6.708443479E1,-2.161538602E0,4.071562439E0,-5.799039712E-1
6.710442979E1,-3.114125900E0,2.016133990E0,4.258123702E0
6.712442379E1,-3.747472033E0,5.400155085E-1,5.871109130E0
6.714441879E1,-5.016221058E0,-1.776723254E-1,4.072651775E0
6.716441379E1,-4.547031996E0,6.780513132E-1,1.978478945E0
6.718440779E1,-2.258584110E0,2.342494578E0,1.574573314E-1
6.720440279E1,9.575521682E-1,3.122638276E0,-6.639235631E-2
6.722439779E1,2.785616753E0,1.703610254E0,1.241958837E-1
6.724439279E1,2.525200771E0,-1.169134982E0,2.693356168E-1
6.726438679E1,1.644601762E0,-3.295769069E0,-5.004150943E-1
6.728438179E1,3.905016196E-1,-3.931958996E0,-1.542073905E0
6.730437679E1,-4.482681634E-1,-4.504803112E0,-2.142009779E0
6.732437079E1,-1.295871043E0,-4.976681601E0,-1.325517595E0
6.734436579E1,-2.026163135E0,-5.205015373E0,-1.637904507E-1
6.736436079E1,-1.728542781E0,-4.619990922E0,2.373449153E-1
6.738435579E1,-1.068057089E0,-3.745500060E0,-2.549007417E-1
6.740434979E1,-9.626176111E-2,-3.021255743E0,-1.249557148E0
6.742434479E1,1.109337335E0,-2.050101635E0,-2.356603471E0
6.744433979E1,1.835304607E0,-1.093353313E0,-2.627783738E0
6.746433379E1,7.984525732E-1,-3.933749413E-1,-2.671626161E0
6.748432879E1,-3.250387513E-1,6.397228146E-1,-2.529364573E0
6.750432379E1,-1.206861218E0,1.789747342E0,-1.852785004E0
6.752431779E1,-1.362048952E0,3.113351144E0,-5.863244332E-1
6.754431279E1,-1.233805480E0,4.706008726E0,1.284108491E-1
6.756430779E1,2.379718099E-1,6.663704474E0,1.913507169E-1
6.758430279E1,1.326850176E0,8.135064492E0,-7.615396124E-1
6.760429679E1,2.560095565E-1,6.183307761E0,-1.244480449E-1
6.762429179E1,-7.576329415E-1,2.972358987E0,2.388465241E0
6.764428679E1,-9.098264632E-1,1.904093152E-1,5.134012048E0
6.766428079E1,-5.088599721E-1,-1.983966703E0,6.802242554E0
6.768427579E1,-6.253203915E-1,-2.325217225E0,5.410759011E0
6.770427079E1,4.496152522E-1,-1.785277730E-1,1.530997817E0
6.772426479E1,2.316825009E0,2.060994413E0,-9.894173008E-1
6.774425979E1,4.198411936E0,2.641423538E0,-1.209892560E0
6.776425479E1,3.115302652E0,3.991975987E-1,-3.103360006E-1
6.778424979E1,6.972412902E-1,-2.371890870E0,-1.029416934E-1
6.780424379E1,-1.105522831E0,-4.322700351E0,-3.078021097E-1
6.782423879E1,-1.809966721E0,-5.021244986E0,-1.010588022E0
6.784423379E1,-1.661755738E0,-4.977608385E0,-1.532324842E0
6.786422779E1,-7.878221890E-1,-4.243906197E0,-1.569206301E0
6.788422279E1,1.493442466E-1,-3.611214074E0,-1.386987619E0
6.790421779E1,6.625637200E-1,-3.129958990E0,-1.241631247E0
6.792421158E1,1.101332131E0,-2.529172200E0,-1.113724428E0
6.794420658E1,1.491773963E0,-1.858667303E0,-9.595628795E-1
6.796420158E1,1.700545728E0,-1.169172404E0,-1.182081887E0
6.798419558E1,1.504764722E0,-4.130093068E-1,-1.436774468E0
6.800419058E1,1.089289864E0,2.939529794E-1,-1.380706540E0
6.802418558E1,3.285927621E-1,1.128990923E0,-1.278724814E0
6.804417958E1,-3.527677097E-1,2.279366868E0,-8.056290802E-1
6.806417458E1,-3.289232759E-1,3.637211380E0,-4.241769040E-1
6.808416958E1,5.968004510E-1,4.456273561E0,2.881868939E-1
6.810416358E1,2.410160458E0,5.509210335E0,5.582642300E-1
6.812415858E1,1.405509406E0,5.985155563E0,-1.228369616E0
6.814415358E1,-2.051897900E0,4.607607688E0,-1.184837095E0
6.816414858E1,-3.473229725E0,1.980857154E0,2.935788161E0
6.818414258E1,-3.762366353E0,-4.077263474E-2,6.028268838E0
6.820413758E1,-4.621260352E0,-5.424257308E-1,4.578123103E0
6.822413258E1,-4.418399099E0,3.435239196E-1,1.281795771E0
6.824412658E1,-2.301180198E0,2.147260140E0,-4.150460382E-1
6.826412158E1,1.515902645E0,2.632512966E0,1.267645363E0
6.828411658E1,4.163299113E0,1.064114311E0,2.608149372E0
6.830411058E1,3.866593849E0,-1.338433510E0,1.229505145E0
6.832410558E1,2.283190362E0,-2.702727501E0,-1.638661575E0
6.834410058E1,7.630667590E-1,-4.010530372E0,-3.076247637E0
6.836409458E1,-7.204618261E-1,-4.953349457E0,-3.046440870E0
6.838408958E1,-1.631193950E0,-5.397371226E0,-1.939181124E0
6.840408458E1,-2.324480622E0,-5.193418590E0,-6.352198738E-1
6.842407858E1,-2.105645214E0,-3.989342401E0,2.125274317E-1
6.844407358E1,-8.628839926E-1,-2.614905830E0,-9.010588557E-2
6.846406858E1,-2.866635481E-1,-1.684206269E0,-1.382955087E0
6.848406258E1,4.193050039E-1,-1.113858914E0,-1.871991938E0
6.850405758E1,1.393564275E0,-7.529377735E-1,-1.535771191E0
6.852405258E1,1.546830761E0,-6.235014689E-1,-1.485189267E0
6.854404658E1,9.342998381E-1,2.682924736E-1,-2.105175536E0
6.856404158E1,-1.273256059E-1,1.774976690E0,-2.628431609E0
6.858403658E1,-1.266955538E0,3.518807017E0,-2.086391210E0
6.860403058E1,-1.482205872E0,5.176474528E0,-7.442741002E-1
6.862402558E1,-3.685109724E-1,5.471498133E0,1.491601032E0
6.864402058E1,1.513179304E0,5.334525352E0,2.628226957E0
6.866401458E1,6.923172768E-1,4.155057170E0,1.072847713E0
6.868400958E1,-9.104603562E-2,2.122058641E0,1.275906894E0
6.870400458E1,1.832697187E-1,6.169543415E-1,3.106036277E0
6.872399858E1,-1.946335996E-1,-4.304199761E-1,3.700156657E0
6.874399358E1,-8.567172267E-1,-5.284350979E-1,2.955136598E0
6.876398858E1,-4.302861845E-1,6.305280679E-1,2.575396779E0
6.878398258E1,1.754822654E0,1.544656035E0,2.954247821E0
6.880397758E1,3.536281714E0,8.081378281E-1,2.553073863E0
6.882397158E1,2.851790277E0,-6.232769358E-1,1.049689230E-1
6.884396658E1,1.411255319E0,-1.802742194E0,-2.610110528E0
6.886396158E1,-1.723678775E-1,-2.998466220E0,-3.724013881E0
6.888395558E1,-1.170861080E0,-3.786791927E0,-2.741545996E0
6.890395058E1,-1.396570913E0,-4.384772054E0,-8.898816106E-1
6.892394542E1,-1.141545992E0,-4.403707092E0,-7.105302572E-2
6.894393942E1,-1.114148424E0,-4.298744309E0,-2.039421111E-1
6.896393442E1,-8.299643147E-1,-3.910330145E0,-6.857962427E-1
6.898392942E1,-7.035369873E-3,-3.117386307E0,-1.035734412E0
6.900392342E1,1.526417108E0,-1.753125061E0,-8.199723002E-1
6.902391842E1,3.005488726E0,-7.464216363E-1,-8.628174806E-1
6.904391342E1,4.233955990E0,3.146796048E-1,-8.533800745E-1
6.906390742E1,3.263284863E0,5.107197887E-1,-1.746310131E0
6.908390242E1,1.059681683E0,7.355575097E-1,-2.317814796E0
6.910389742E1,-5.859377130E-1,1.925956476E0,-2.075483229E0
6.912389142E1,-1.318918866E0,3.383753877E0,-7.744737996E-1
6.914388642E1,-3.060670216E-1,4.650563673E0,1.105865039E0
6.916388142E1,1.429325261E0,4.917853934E0,2.515650806E0
6.918387542E1,2.002467586E0,5.126771441E0,7.583283216E-1
6.920387042E1,-2.737093341E-1,4.321478283E0,-1.942812976E0
6.922386442E1,-2.815825223E0,2.595049270E0,-1.272604094E-1
6.924385942E1,-3.083615713E0,2.702208853E-1,4.036290865E0
6.926385442E1,-3.611643845E0,-3.878101462E-1,5.221126206E0
6.928384842E1,-4.055913244E0,6.736992306E-1,2.281143252E0
6.930384342E1,-3.583649130E0,2.261984265E0,-2.924017131E-1
6.932383842E1,-9.305294073E-1,3.335591531E0,6.082821898E-1
6.934383242E1,2.322867229E0,2.080510665E0,2.964947641E0
6.936382742E1,3.573917317E0,-9.861639100E-1,3.177927793E0
6.938382242E1,3.390153655E0,-2.785756209E0,1.367046860E-1
6.940381642E1,2.213431910E0,-3.244394848E0,-3.045224065E0
6.942381142E1,6.402543265E-1,-4.004636963E0,-4.589927462E0
6.944380542E1,-4.365159177E-1,-4.767341926E0,-3.521280389E0
6.946380042E1,-1.696659230E0,-5.199484491E0,-1.484768999E0
6.948379542E1,-2.422559332E0,-4.708677980E0,3.811916828E-2
6.950378942E1,-2.070242077E0,-3.490172617E0,8.503237349E-1
6.952378442E1,-1.206542033E0,-2.140108995E0,5.002164352E-1
6.954377942E1,5.718131058E-2,-1.373776420E0,-4.636159350E-1
6.956377342E1,1.364988055E0,-1.185384395E0,-1.266029193E0
6.958376842E1,1.783408960E0,-1.216099818E0,-2.367413657E0
6.960376242E1,1.417434071E0,-5.792550033E-1,-3.287157290E0
6.962375742E1,9.641123056E-2,9.164142287E-1,-3.423944129E0
6.964375242E1,-9.637320174E-1,2.681109175E0,-2.081747205E0
6.966374642E1,-9.803673459E-1,4.448033080E0,2.674148065E-1
6.968374142E1,-5.865798104E-1,5.589858642E0,1.749501249E0
6.970373642E1,4.963733162E-1,5.799961379E0,1.586998063E0
6.972373042E1,1.226181441E0,5.523132555E0,-1.563270646E-1
6.974372542E1,4.385655495E-1,3.168733631E0,-7.538576867E-1
6.976371942E1,5.390330301E-1,3.300449181E-1,2.232636505E0
6.978371442E1,5.541890131E-1,-1.274890648E0,4.404081899E0
6.980370942E1,-6.728864676E-1,-1.617130519E0,4.218862865E0
6.982370342E1,-1.067015773E0,-2.313947886E-1,2.706952699E0
6.984369842E1,6.760288344E-1,2.095560229E0,2.038758037E0
6.986369342E1,3.961155606E0,3.153396385E0,2.694926438E0
6.988368742E1,4.700423466E0,1.647739524E0,1.958124349E0
6.990368242E1,2.178011817E0,-6.458670688E-1,-3.183145264E-1
6.992367667E1,-1.738905107E-1,-2.337560697E0,-2.231469986E0
6.994367167E1,-1.379795983E0,-3.519929098E0,-2.559025159E0
6.996366667E1,-1.697620805E0,-4.227771975E0,-1.668483106E0
6.998366067E1,-1.475694559E0,-4.653804785E0,-6.378477587E-1
7.000365567E1,-9.688188757E-1,-4.610565210E0,-3.377433622E-1
7.002364967E1,-9.262227137E-2,-4.407439955E0,-3.390730190E-1
7.004364467E1,6.474676710E-1,-3.795891949E0,-8.509904636E-1
7.006363967E1,1.066280632E0,-3.162340870E0,-1.290199243E0
7.008363367E1,1.660276831E0,-2.312502455E0,-1.424268443E0
7.010362867E1,2.321357478E0,-1.178418607E0,-1.635655668E0
7.012362367E1,2.645525944E0,1.205999923E-1,-1.745819696E0
7.014361767E1,1.809902548E0,1.184503804E0,-1.705174530E0
7.016361267E1,4.441341088E-1,1.831543824E0,-1.009976696E0
7.018360667E1,-8.891352866E-1,2.656242136E0,-9.778079465E-2
7.020360167E1,-8.432200988E-1,3.876259589E0,7.488827294E-1
7.022359667E1,1.494416028E-1,4.415306214E0,1.334150571E0
7.024359067E1,1.806092649E0,5.479907598E0,3.594337548E-1
7.026358567E1,1.190117058E0,5.703354267E0,-1.817028696E0
7.028357967E1,-1.813806588E0,3.981336978E0,-7.949647821E-1
7.030357467E1,-2.458308039E0,1.240396169E0,3.537402917E0
7.032356967E1,-2.965582649E0,-4.428546649E-1,5.622562703E0
7.034356367E1,-4.020877897E0,-4.460232711E-1,3.367358869E0
7.036355867E1,-3.752596241E0,1.151436630E0,9.444568902E-3
7.038355267E1,-2.196799505E0,3.035446935E0,-1.051791158E0
7.040354767E1,1.152238941E0,3.569572544E0,1.594795179E0
7.042354267E1,3.023770630E0,1.581074833E0,3.540607191E0
7.044353667E1,2.463172046E0,-1.654607663E0,2.505537754E0
7.046353167E1,1.643382763E0,-3.084451280E0,-8.294545837E-1
7.048352567E1,9.229047111E-1,-3.883876757E0,-3.277573119E0
7.050352067E1,-1.646323036E-1,-4.873165419E0,-3.761772861E0
7.052351567E1,-1.361085624E0,-5.357356390E0,-2.616265308E0
7.054350967E1,-2.384219432E0,-5.292583274E0,-8.825886708E-1
7.056350467E1,-2.578534395E0,-4.247977613E0,5.416509748E-1
7.058349867E1,-1.603384300E0,-2.819452543E0,9.797112152E-1
7.060349367E1,-5.208085015E-1,-1.868377774E0,1.098750293E-1
7.062348867E1,6.142665227E-1,-1.387319741E0,-1.329273847E0
7.064348267E1,1.774231609E0,-1.240981475E0,-2.383122348E0
7.066347767E1,1.994793700E0,-1.176263323E0,-2.962607585E0
7.068347167E1,9.897054955E-1,-8.189966923E-1,-3.035408344E0
7.070346667E1,-9.013512164E-2,7.417356777E-1,-2.564237368E0
7.072346067E1,-6.526907694E-1,2.672548851E0,-1.351880937E0
7.074345567E1,-2.581759134E-1,4.634732922E0,4.100476921E-2
7.076345067E1,3.956027305E-1,5.948580059E0,1.146327187E0
7.078344467E1,1.553558713E0,5.861326153E0,1.366678485E0
7.080343967E1,1.657290512E0,5.209853944E0,-3.763285536E-1
7.082343367E1,-3.279596548E-1,3.113272791E0,-9.293465155E-1
7.084342867E1,-3.137034121E-1,1.216772833E0,2.079726992E0
7.086342367E1,-6.162221970E-1,5.106841207E-2,4.480789182E0
7.088341767E1,-1.238839201E0,-2.719469833E-1,4.969871349E0
7.090341267E1,-8.425880878E-1,6.084098053E-1,4.324085849E0
7.092340667E1,1.300697481E0,2.045498123E0,2.795814589E0
7.094340167E1,3.250115764E0,2.299750847E0,9.726539183E-1
7.096339667E1,2.705742325E0,7.044900835E-2,-1.958869869E-1
7.098339067E1,1.316682745E0,-1.766347370E0,-1.357524669E0
7.100338567E1,-5.551465312E-2,-3.066661127E0,-2.097573571E0
7.102337967E1,-1.002492698E0,-4.048643693E0,-1.808574499E0
7.104337467E1,-1.538499356E0,-4.581215111E0,-1.056295415E0
7.106336867E1,-1.685008361E0,-4.870028973E0,-4.882553709E-1
7.108336367E1,-9.117450808E-1,-4.452438957E0,-4.812457287E-1
7.110335867E1,-9.644328061E-2,-3.927285901E0,-6.664880057E-1
7.112335267E1,7.588772289E-1,-3.201289174E0,-1.101974009E0
7.114334767E1,1.548163195E0,-2.040175402E0,-1.576960732E0
7.116334167E1,2.056142686E0,-1.130169137E0,-1.487597151E0
7.118333667E1,2.744640927E0,-7.337121284E-1,-7.622257832E-1
7.120333067E1,2.591801434E0,-6.097388774E-1,-6.728443676E-1
7.122332567E1,1.322692806E0,-2.910246938E-1,-1.542929499E0
7.124332067E1,-3.511657919E-1,5.520999491E-1,-2.189949054E0
7.126331467E1,-1.379460499E0,2.551704445E0,-1.725636131E0
7.128330967E1,-1.107349355E0,4.625734642E0,1.975234763E-1
7.130330367E1,3.516218016E-1,5.530819890E0,2.011907623E0
7.132329867E1,2.637118525E0,5.608777308E0,1.869954184E0
7.134329267E1,2.034841280E0,5.353231180E0,-1.294263204E0
7.136328767E1,-1.858836142E0,3.703373795E0,-1.957105179E0
7.138328267E1,-3.022007402E0,1.438057786E0,1.976325708E0
7.140327667E1,-3.278035049E0,-1.867267388E-1,5.324831253E0
7.142327167E1,-3.284557033E0,-2.981939650E-1,4.868596405E0
7.144326567E1,-3.527112402E0,6.659586865E-1,1.298931475E0
7.146326067E1,-2.742231582E0,2.532607439E0,-1.173674760E0
7.148325467E1,3.102203719E-1,3.371914435E0,1.245901322E-1
7.150324967E1,2.624696993E0,1.838995516E0,2.213676470E0
7.152324467E1,2.569535822E0,-7.772043031E-1,2.073380717E0
7.154323867E1,1.674087077E0,-2.719331254E0,-1.742819636E-1
7.156323367E1,7.318994185E-1,-3.818074531E0,-2.130931790E0
7.158322767E1,-2.174616777E-1,-4.670327847E0,-2.903220339E0
7.160322267E1,-1.143590032E0,-5.233578436E0,-2.198631438E0
7.162321667E1,-1.681849549E0,-5.273562866E0,-9.116902632E-1
7.164321167E1,-1.742348642E0,-4.640008280E0,-4.968554556E-2
7.166320567E1,-9.697352075E-1,-3.196462882E0,-9.084526598E-3
7.168320067E1,1.424702599E-1,-1.940179244E0,-7.340965828E-1
7.170319567E1,1.269059805E0,-1.206823795E0,-1.377435169E0
7.172318967E1,1.671002379E0,-1.168788827E0,-1.878439225E0
7.174318467E1,1.232280818E0,-9.043286186E-1,-2.313792350E0
7.176317867E1,2.362687352E-1,-2.118855536E-2,-2.648401020E0
7.178317367E1,-1.189832225E0,1.124838815E0,-2.693463172E0
7.180316767E1,-1.484200211E0,2.565597430E0,-1.652494918E0
7.182316267E1,-6.909645966E-1,4.138150531E0,3.675618231E-2
7.184315667E1,2.850880341E-1,4.710742047E0,1.184802012E0
7.186315167E1,1.557960497E0,4.596056514E0,8.836721599E-1
7.188314667E1,1.480337833E0,5.089458604E0,-1.679699235E0
7.190314067E1,-3.933239975E-1,3.676776565E0,-1.793945204E0
7.192313558E1,-7.802895865E-1,1.501784250E0,2.096739612E0
7.194312958E1,-8.326171234E-1,1.181488395E-2,5.411995697E0
7.196312458E1,-9.529007082E-1,-6.306368262E-1,6.510995666E0
7.198311858E1,1.619274912E-1,3.689300716E-2,5.340000100E0
7.200311358E1,2.234931538E0,1.854992913E0,2.110950100E0
7.202310758E1,3.876119841E0,2.803672662E0,-5.030909264E-1
7.204310258E1,2.975063032E0,9.158721918E-1,-1.637646060E0
7.206309758E1,1.278535364E0,-1.120290851E0,-1.755292624E0
7.208309158E1,-1.889692191E-3,-2.806932485E0,-1.103224144E0
7.210308658E1,-8.256693155E-1,-4.056031065E0,-4.984236789E-1
7.212308058E1,-1.114980410E0,-4.559741796E0,-4.713876155E-1
7.214307558E1,-1.146813675E0,-4.870275725E0,-9.440376449E-1
7.216306958E1,-7.631838495E-1,-4.723432844E0,-1.369183140E0
7.218306458E1,-4.964618649E-2,-4.226584405E0,-1.550007407E0
7.220305858E1,3.187175092E-1,-3.421492977E0,-1.508692151E0
7.222305358E1,8.025447471E-1,-2.340936880E0,-1.037193292E0
7.224304758E1,1.789857416E0,-1.155644871E0,-1.843077457E-1
7.226304258E1,2.761883489E0,-2.376285052E-1,2.285201512E-1
7.228303758E1,2.587134479E0,4.153394222E-2,-5.424362558E-1
7.230303158E1,1.022781806E0,4.061780047E-1,-1.880683240E0
7.232302658E1,-7.380194798E-1,7.779878300E-1,-2.408135421E0
7.234302058E1,-1.209346869E0,1.815684421E0,-1.131562529E0
7.236301558E1,-2.713828367E-1,3.447941102E0,5.705290572E-1
7.238300958E1,1.938030100E0,4.831619198E0,1.480148968E0
7.240300458E1,3.770481704E0,5.606880471E0,6.269277911E-1
7.242299858E1,2.484418488E0,5.587004616E0,-1.597876369E0
7.244299358E1,-1.816490167E0,4.251411683E0,-1.015216970E0
7.246298758E1,-3.081909203E0,1.914595921E0,3.088077723E0
7.248298258E1,-3.255305460E0,2.059161311E-1,6.105984766E0
7.250297658E1,-3.615343963E0,-2.907703400E-2,4.626578979E0
7.252297158E1,-3.828951522E0,8.645160967E-1,3.741433029E-1
7.254296658E1,-2.551854719E0,2.775013120E0,-2.224147518E0
7.256296058E1,6.437124429E-1,3.540560414E0,-5.152256531E-1
7.258295558E1,2.804866371E0,1.778572728E0,2.083388665E0
7.260294958E1,2.438821024E0,-1.313802114E0,2.819964175E0
7.262294458E1,1.318586014E0,-2.918067005E0,7.794771159E-1
7.264293858E1,8.614308134E-1,-3.473099332E0,-1.219356279E0
7.266293358E1,6.370636471E-2,-4.703711355E0,-2.286551488E0
7.268292758E1,-1.384640255E0,-5.546450667E0,-2.738713605E0
7.270292258E1,-2.401423109E0,-5.673253385E0,-1.820315562E0
7.272291658E1,-2.047214280E0,-4.830120556E0,-2.415119335E-2
7.274291158E1,-6.335555369E-1,-3.418974581E0,8.672841686E-1
7.276290558E1,7.028218728E-1,-2.267180101E0,-2.687023634E-1
7.278290058E1,1.355362369E0,-1.703085759E0,-2.226781835E0
7.280289458E1,1.648696420E0,-1.342632396E0,-3.184472582E0
7.282288958E1,1.314673495E0,-1.194595513E0,-2.931406258E0
7.284288358E1,3.280064690E-1,-4.600051332E-1,-2.235776022E0
7.286287858E1,-9.946560406E-1,9.767130554E-1,-1.945248341E0
7.288287258E1,-2.105089729E0,2.814566025E0,-1.368945012E0
7.290286758E1,-1.915866667E0,4.979459614E0,-1.346186918E-1
7.292286192E1,1.721737134E-1,6.377554604E0,1.315625130E0
7.294285692E1,2.557254623E0,6.078991095E0,1.533258643E0
7.296285192E1,1.970052961E0,5.409574950E0,-1.282636601E0
7.298284592E1,-8.741740890E-1,3.042840739E0,-1.466047968E0
7.300284092E1,-5.106481968E-1,8.344707638E-1,2.459354691E0
7.302283492E1,-6.423264335E-1,-1.983942729E-1,5.095695829E0
7.304282992E1,-1.509482840E0,-4.467477411E-1,5.560258867E0
7.306282392E1,-8.526339698E-1,7.385419285E-1,4.880648686E0
7.308281892E1,1.802659163E0,2.463932476E0,3.121012458E0
7.310281292E1,3.968514911E0,2.367935228E0,1.162756547E0
7.312280792E1,3.208853424E0,4.570552129E-1,-4.729590547E-1
7.314280192E1,1.098848088E0,-1.387915573E0,-1.909577841E0
7.316279692E1,-6.846687533E-1,-2.989815849E0,-2.441853682E0
7.318279092E1,-1.716743977E0,-4.246052125E0,-1.585370783E0
7.320278592E1,-2.003770930E0,-4.919982905E0,-7.647842324E-1
7.322277992E1,-1.501136671E0,-5.037452298E0,-4.880287912E-1
7.324277492E1,-3.487845864E-1,-4.533306534E0,-5.915992065E-1
7.326276892E1,6.624047488E-1,-3.764485969E0,-1.038234681E0
7.328276392E1,1.211503176E0,-2.951112544E0,-1.468108673E0
7.330275792E1,1.770096604E0,-2.122172077E0,-1.316563754E0
7.332275292E1,2.249584514E0,-1.069746934E0,-9.253464353E-1
7.334274692E1,2.254933985E0,-6.774741930E-1,-3.089331074E-1
7.336274192E1,1.943776012E0,-2.590953881E-1,-3.027553779E-1
7.338273592E1,1.262916428E0,3.832294375E-1,-1.200157531E0
7.340273092E1,9.719110295E-2,1.096074023E0,-1.970483462E0
7.342272492E1,-1.100916614E0,2.093609013E0,-1.852127777E0
7.344271992E1,-9.793100962E-1,3.726954446E0,-5.924907607E-1
7.346271392E1,6.703948228E-1,5.094612924E0,1.274205793E0
7.348270892E1,2.980312954E0,4.940035347E0,2.695256513E0
7.350270292E1,2.790108584E0,5.231868711E0,-5.272836350E-1
7.352269792E1,-2.176353400E0,3.901164050E0,-3.475768586E0
7.354269192E1,-4.102251551E0,1.979963699E0,-5.352904467E-1
7.356268692E1,-2.849266911E0,2.427664536E-1,3.813501424E0
7.358268092E1,-2.420432115E0,6.195312095E-1,3.582507169E0
7.360267592E1,-3.933959621E0,1.332942975E0,4.942645544E-1
7.362266992E1,-4.421274467E0,1.849722233E0,-1.446870124E-1
7.364266492E1,-2.082179753E0,1.712431948E0,2.441013730E0
7.366265892E1,3.972333728E-1,1.886960810E-1,5.320979108E0
7.368265392E1,1.788415639E0,-1.581821523E0,5.577274849E0
7.370264792E1,2.594642889E0,-2.631209037E0,1.637817237E0
7.372264292E1,2.500787769E0,-2.782777637E0,-2.878622857E0
7.374263692E1,1.198557587E0,-3.388273190E0,-5.681637123E0
7.376263192E1,-8.676735201E-1,-4.374329512E0,-4.965050905E0
7.378262592E1,-2.267785727E0,-5.055014411E0,-2.015424577E0
7.380262092E1,-2.792833386E0,-4.980903876E0,4.250896543E-1
7.382261492E1,-1.936263510E0,-3.868043666E0,1.400022671E0
7.384260992E1,-3.146866214E-1,-2.644043675E0,4.493618850E-1
7.386260392E1,9.524294957E-1,-1.927841034E0,-1.246750338E0
7.388259892E1,1.615533645E0,-1.300954612E0,-2.318679599E0
7.390259292E1,1.548233947E0,-1.049658240E0,-2.762097790E0
7.392258804E1,7.365247853E-1,-4.536427778E-1,-2.684801692E0
7.394258204E1,-3.414678193E-1,9.003226912E-1,-2.158067695E0
7.396257704E1,-1.424983704E0,2.400264484E0,-1.242394162E0
7.398257104E1,-1.472120302E0,3.628653980E0,-3.617274714E-1
7.400256604E1,-5.887453267E-1,4.738201742E0,9.133635901E-2
7.402256004E1,8.869077167E-1,5.055997328E0,1.679044785E-1
7.404255504E1,1.679933270E0,6.064546133E0,-1.303452396E0
7.406254904E1,4.198971441E-1,5.853032463E0,-2.446255174E0
7.408254304E1,-5.277327012E-1,3.878359909E0,1.677430954E-1
7.410253804E1,-2.453232948E-1,1.579131219E0,3.936243251E0
7.412253204E1,-1.751154293E-1,-4.968349904E-1,6.455578095E0
7.414252704E1,-8.377537561E-1,-2.156535578E0,6.537846665E0
7.416252104E1,-2.497104608E-1,-1.819907280E0,4.603886520E0
7.418251604E1,1.325282245E0,-4.815591395E-2,7.387427804E-1
7.420251004E1,3.158605084E0,1.344342121E0,-1.947491187E0
7.422250504E1,3.138354422E0,1.012202146E0,-2.946453483E0
7.424249904E1,1.396424148E0,-1.075300035E0,-2.153899654E0
7.426249404E1,-3.803306072E-1,-3.076917143E0,-9.263416314E-1
7.428248804E1,-1.759022563E0,-4.450207660E0,-9.704813853E-2
7.430248304E1,-2.300553962E0,-4.867815217E0,3.529817909E-2
7.432247704E1,-1.989840377E0,-4.932381926E0,9.172103271E-2
7.434247204E1,-6.000022401E-1,-4.371800006E0,-2.270991316E-1
7.436246604E1,3.252566332E-1,-3.661780795E0,-1.213852880E0
7.438246104E1,1.002831544E0,-2.830478638E0,-1.667332959E0
7.440245504E1,1.755296717E0,-1.837311518E0,-1.441475045E0
7.442245004E1,2.451587542E0,-7.777054095E-1,-8.698458338E-1
7.444244404E1,2.628331622E0,2.809879482E-2,-6.509482992E-1
7.446243904E1,1.506001554E0,5.426204431E-1,-1.153144455E0
7.448243304E1,-1.909846812E-2,9.762651587E-1,-1.369255499E0
7.450242704E1,-9.498944353E-1,1.854432750E0,-1.282497876E0
7.452242204E1,-8.728204586E-1,3.106606965E0,-8.717146039E-1
7.454241604E1,-2.608767423E-1,3.709184173E0,1.052112901E-1
7.456241104E1,2.404294385E0,4.759304928E0,1.092583235E0
7.458240504E1,3.298657594E0,6.703722233E0,-1.324266730E0
7.460240004E1,-3.114699219E-1,5.701917021E0,-2.559469548E0
7.462239404E1,-2.888515761E0,3.081488496E0,9.003301464E-1
7.464238904E1,-3.551888224E0,5.409914088E-1,4.621928104E0
7.466238304E1,-3.721256627E0,-7.362907505E-1,5.562353339E0
7.468237804E1,-4.193728316E0,-5.471818560E-1,3.019550695E0
7.470237204E1,-3.397790118E0,9.711394894E-1,1.674823827E-1
7.472236704E1,-4.770494013E-1,2.650171557E0,-3.125898099E-1
7.474236104E1,3.065941919E0,2.353513071E0,9.450502364E-1
7.476235504E1,4.171797749E0,3.949566132E-1,1.399185496E0
7.478235004E1,2.214564516E0,-1.450069136E0,-1.748082130E-1
7.480234404E1,-1.201898832E-1,-2.972142640E0,-1.781113489E0
7.482233904E1,-1.486331960E0,-4.423204633E0,-1.725695187E0
7.484233304E1,-1.813538785E0,-5.112826416E0,-5.453294581E-1
7.486232804E1,-2.107507845E0,-5.303840919E0,1.667159589E-1
7.488232204E1,-1.495235076E0,-4.563714395E0,-7.534663618E-2
7.490231704E1,-3.585549183E-1,-3.459495201E0,-1.910408876E-1
7.492231092E1,7.661591320E-1,-2.890595031E0,-1.101309181E0
7.494230592E1,1.342675957E0,-2.438233379E0,-2.270166274E0
7.496229992E1,1.314810028E0,-1.656823758E0,-2.634439623E0
7.498229392E1,1.046450165E0,-1.121776044E0,-1.771224386E0
7.500228892E1,4.050791667E-1,-3.756198710E-1,-1.085043250E0
7.502228292E1,-3.829459206E-1,3.226207083E-1,-1.121010643E0
7.504227792E1,-1.269748022E0,1.291307291E0,-1.624383990E0
7.506227192E1,-1.076735599E0,3.010534873E0,-1.450579598E0
7.508226692E1,-5.574318423E-1,4.930509063E0,-1.378903844E0
7.510226092E1,1.113158344E0,5.929396514E0,-6.900766238E-1
7.512225592E1,1.965364956E0,6.166596419E0,-2.618266956E-1
7.514224992E1,-2.000173138E-1,4.672243980E0,-5.250729489E-1
7.516224492E1,-1.113894801E0,2.624868316E0,1.825724090E0
7.518223892E1,-1.516218394E0,6.145838803E-1,4.881077287E0
7.520223292E1,-1.067353084E0,-3.657930404E-1,6.373199013E0
7.522222792E1,6.849375790E-1,4.304451191E-1,4.899823460E0
7.524222192E1,3.297300163E0,2.722998043E0,1.852935716E0
7.526221692E1,5.085000687E0,2.870160767E0,-7.346671249E-1
7.528221092E1,3.255807151E0,5.262856615E-1,-1.541967486E0
7.530220592E1,1.043810659E0,-1.484006960E0,-1.199750419E0
7.532219992E1,-1.103867192E0,-3.252844659E0,-3.754661623E-1
7.534219492E1,-2.089657757E0,-4.552495927E0,5.184539008E-1
7.536218892E1,-2.134924562E0,-5.485395210E0,4.243932509E-1
7.538218292E1,-5.605274314E-1,-5.424942017E0,-3.271652374E-1
7.540217792E1,4.729191475E-1,-4.991227135E0,-1.677503605E0
7.542217192E1,7.150903545E-1,-4.201285842E0,-2.179509289E0
7.544216692E1,9.385525180E-1,-3.372931266E0,-1.329956217E0
7.546216092E1,1.673923355E0,-2.164346874E0,-5.292562663E-1
7.548215592E1,2.242640507E0,-1.291954578E0,-4.594340064E-2
7.550214992E1,2.034043281E0,-1.086207431E0,-3.493307894E-1
7.552214392E1,1.669040053E0,-6.657891172E-1,-1.467487991E0
7.554213892E1,1.247535034E0,2.126538777E-1,-1.691457986E0
7.556213292E1,3.853013252E-1,1.175480965E0,-1.246105390E0
7.558212792E1,-2.656971869E-1,2.593657633E0,-1.203796692E0
7.560212192E1,-7.095186889E-2,4.528107775E0,-9.384570622E-1
7.562211692E1,1.813487915E0,5.440385098E0,1.642143738E-1
7.564211092E1,2.825976574E0,6.109290782E0,-4.871415494E-1
7.566210492E1,-3.095304736E-1,5.835598404E0,-1.507177722E0
7.568209992E1,-3.358397427E0,4.180567403E0,1.745972747E0
7.570209392E1,-3.956583960E0,1.853216529E0,6.110108807E0
7.572208892E1,-3.490536899E0,1.923733950E-3,7.155738900E0
7.574208292E1,-4.087601352E0,-3.023946047E-1,2.593279318E0
7.576207792E1,-2.619874502E0,1.311553275E0,-1.710793558E0
7.578207192E1,7.924965262E-2,2.688141621E0,-2.535324056E0
7.580206592E1,2.981676233E0,2.491150680E0,-5.083635069E-2
7.582206092E1,3.771836504E0,7.317357695E-1,2.183576612E0
7.584205492E1,1.790991045E0,-1.455486581E0,1.857986103E0
7.586204992E1,-5.060140226E-1,-2.956191435E0,5.518616751E-2
7.588204392E1,-1.669013595E0,-4.645229843E0,-1.068492122E0
7.590203892E1,-1.878525763E0,-5.436955122E0,-1.540178238E0
7.592203292E1,-1.285551876E0,-5.162231880E0,-9.740601736E-1
7.594202667E1,-6.265809781E-1,-4.492697037E0,-2.926994826E-1
7.596202167E1,3.043480863E-1,-3.648894117E0,-5.113355736E-1
7.598201567E1,8.162238695E-1,-2.977957696E0,-1.560200273E0
7.600201067E1,7.771366947E-1,-2.406970071E0,-1.708014377E0
7.602200467E1,5.638614772E-1,-1.863815777E0,-1.334484885E0
7.604199867E1,4.497526618E-1,-1.301064540E0,-8.579362980E-1
7.606199367E1,1.944396548E-2,-9.861756045E-1,-7.635118783E-1
7.608198767E1,-1.161229254E-1,-4.178209805E-1,-1.182828065E0
7.610198267E1,-5.283815228E-1,8.020222253E-1,-2.074956395E0
7.612197667E1,-8.585949138E-1,2.676219733E0,-1.949631268E0
7.614197167E1,-6.138779752E-1,4.731665724E0,-1.164642055E0
7.616196567E1,4.360357882E-1,5.820916046E0,-1.018543525E0
7.618195967E1,2.417103880E0,5.572943816E0,-1.033225737E0
7.620195467E1,1.208626565E0,4.809305053E0,-8.732494980E-1
7.622194867E1,-2.329876981E-1,2.502235247E0,1.924533849E0
7.624194367E1,-1.350210972E0,7.336127257E-1,5.222262905E0
7.626193767E1,-2.558019438E0,-9.742513776E-2,5.905238743E0
7.628193167E1,-2.118112793E0,8.837674695E-1,4.677059746E0
7.630192667E1,1.644810069E0,3.212584240E0,2.397796374E0
7.632192067E1,6.195948856E0,4.259255138E0,-1.554459623E-1
7.634191567E1,4.350367037E0,1.119753492E0,-1.296573293E0
7.636190967E1,1.374256184E0,-1.434212072E0,-2.994826913E-1
7.638190367E1,-1.023131104E0,-2.767305905E0,7.546825826E-2
7.640189867E1,-2.304575092E0,-3.653358466E0,-1.541607443E-1
7.642189267E1,-2.380144799E0,-4.374864532E0,-2.186928821E-1
7.644188767E1,-9.660854486E-1,-4.488354310E0,-6.194826045E-1
7.646188167E1,2.231734938E-1,-4.335992242E0,-1.091135391E0
7.648187567E1,8.290550727E-1,-4.266709753E0,-9.622744527E-1
7.650187067E1,9.494574291E-1,-4.092769706E0,-8.026028538E-1
7.652186467E1,1.271960316E0,-3.538779936E0,-7.116594277E-1
7.654185967E1,1.856987106E0,-2.390439407E0,-1.054913133E0
7.656185367E1,1.821887147E0,-1.553905161E0,-1.478721662E0
7.658184767E1,1.182242101E0,-1.086836007E0,-1.399704729E0
7.660184267E1,5.637492472E-1,-4.309228367E-1,-8.812514126E-1
7.662183667E1,-2.503090329E-1,4.426377332E-1,-9.178566637E-1
7.664183167E1,-8.690709315E-1,1.572258986E0,-7.377752855E-1
7.666182567E1,-1.444615657E-1,3.462096627E0,-7.192771071E-1
7.668181967E1,1.792288396E0,5.244407480E0,-1.753977000E0
7.670181467E1,3.660541770E0,5.446624078E0,-2.730120537E0
7.672180867E1,2.594432389E0,5.841392995E0,-1.979076092E0
7.674180367E1,-1.947929143E0,5.075696012E0,6.246276426E-1
7.676179767E1,-4.671594646E0,3.741145638E0,3.326522500E0
7.678179167E1,-4.050296993E0,1.796009710E0,6.113411314E0
7.680178667E1,-3.079858877E0,1.233300573E-1,6.235167301E0
7.682178067E1,-3.274763239E0,-3.737891078E-1,1.160876375E0
7.684177567E1,-1.606903154E0,1.057694069E0,-2.939902847E0
7.686176967E1,8.460107555E-1,2.243581908E0,-1.966406747E-1
7.688176367E1,2.775627077E0,2.374407511E0,1.877449145E0
7.690175867E1,3.099274264E0,6.863999677E-1,1.525660186E0
7.692175267E1,1.763295708E0,-1.590937917E0,-4.352100152E-1
7.694174767E1,5.631597383E-1,-3.160583197E0,-1.035375246E0
7.696174167E1,-4.559921890E-1,-4.464591225E0,-8.514293703E-1
7.698173567E1,-1.616328281E0,-5.303514644E0,-5.133293279E-1
7.700173067E1,-2.519578089E0,-5.444162984E0,-4.999486327E-1
7.702172467E1,-1.891959887E0,-4.647024938E0,-3.083335485E-1
7.704171867E1,-3.323835120E-1,-3.384743811E0,-2.554145658E-1
7.706171367E1,8.803434862E-1,-2.532890444E0,-8.569217330E-1
7.708170767E1,1.280407788E0,-2.215847395E0,-1.384039453E0
7.710170267E1,1.138312627E0,-1.897816166E0,-1.270320464E0
7.712169667E1,5.286089430E-1,-1.450608249E0,-8.197884053E-1
7.714169067E1,-1.002941838E-1,-9.630668235E-1,-8.192966545E-1
7.716168567E1,-9.977944605E-2,5.599703014E-2,-1.425938846E0
7.718167967E1,-2.289018648E-1,1.718962703E0,-2.176658186E0
7.720167367E1,-7.610773900E-1,3.152033399E0,-1.603548607E0
7.722166867E1,-6.934332179E-1,4.373217371E0,-1.575127630E0
7.724166267E1,2.642272517E-1,4.852910079E0,-2.204046544E0
7.726165767E1,1.113865419E0,5.620737203E0,-1.176110126E0
7.728165167E1,1.053224786E-1,5.749653690E0,3.857689563E-2
7.730164567E1,-1.254122946E0,4.174565821E0,2.658841808E0
7.732164067E1,-1.425775855E0,1.759838249E0,5.542700847E0
7.734163467E1,-7.982885588E-1,-5.030137432E-1,5.957592373E0
7.736162867E1,6.427183431E-1,-1.104860634E0,3.635587608E0
7.738162367E1,3.362873178E0,1.035381678E0,-1.600161461E-1
7.740161767E1,4.500645157E0,2.842974138E0,-1.162233514E0
7.742161267E1,2.371861634E0,1.760104297E0,1.684827682E-1
7.744160667E1,6.596580192E-1,-4.632000518E-1,7.565004820E-1
7.746160067E1,-8.531849968E-1,-2.175244330E0,2.933366098E-1
7.748159567E1,-1.920049473E0,-3.734911337E0,-2.632159209E-1
7.750158967E1,-1.852501122E0,-4.565858569E0,-1.190803009E-1
7.752158367E1,-6.024704229E-1,-4.593360363E0,-1.672870857E-1
7.754157867E1,2.630746376E-1,-4.312797507E0,-8.585566145E-1
7.756157267E1,6.509136544E-1,-4.005209990E0,-1.004626347E0
7.758156767E1,8.409115449E-1,-3.519446118E0,-1.067741778E0
7.760156167E1,9.805274865E-1,-2.963429119E0,-1.042126880E0
7.762155567E1,1.245199072E0,-2.073080024E0,-1.037617507E0
7.764155067E1,1.779047376E0,-1.416247087E0,-1.166321960E0
7.766154467E1,1.806798115E0,-1.055967970E0,-1.143139431E0
7.768153867E1,9.882447148E-1,-5.886766219E-1,-7.604760770E-1
7.770153367E1,-3.992124360E-2,3.018326873E-1,-6.157270110E-1
7.772152767E1,-6.466326886E-1,1.556066877E0,-6.901100260E-1
7.774152167E1,-8.606761571E-2,3.309102475E0,-9.479224619E-1
7.776151667E1,1.092103471E0,4.815026554E0,-1.850301692E0
7.778151067E1,2.209285650E0,5.418730520E0,-2.012229220E0
7.780150567E1,1.414770080E0,6.146403644E0,-7.921568761E-1
7.782149967E1,-1.459493386E0,5.453067124E0,9.148699790E-1
7.784149367E1,-3.281276453E0,3.507654038E0,3.587206576E0
7.786148867E1,-4.096543206E0,8.364383519E-1,5.607479811E0
7.788148267E1,-4.590066334E0,-8.451670754E-1,4.383732419E0
7.790147667E1,-4.331094614E0,7.202664560E-1,-7.286472702E-1
7.792147167E1,-1.644920581E0,3.296839694E0,-1.667622396E0
7.794146604E1,1.777193516E0,4.622574806E0,3.691610366E-1
7.796146004E1,3.949585428E0,2.002316435E0,1.581744924E0
7.798145504E1,2.640571014E0,-1.743620412E0,8.291761100E-2
7.800144904E1,1.063054577E0,-3.329601059E0,-7.206851166E-1
7.802144304E1,-2.117726292E-1,-4.125970781E0,-5.396144261E-1
7.804143804E1,-1.379228949E0,-4.832355947E0,-2.956966192E-1
7.806143204E1,-2.084312817E0,-5.064636589E0,-2.723861092E-1
7.808142604E1,-2.299459655E0,-4.694214308E0,-3.698282039E-1
7.810142104E1,-1.432081931E0,-4.290222577E0,-4.494912547E-1
7.812141504E1,5.149642825E-2,-3.633043485E0,-8.016504885E-1
7.814141004E1,8.082052173E-1,-3.223956490E0,-1.256908706E0
7.816140404E1,1.261671848E0,-2.434246747E0,-1.166944615E0
7.818139804E1,1.159384385E0,-1.474380105E0,-6.468932551E-1
7.820139304E1,4.769305201E-1,-1.082731846E0,-6.624533538E-1
7.822138704E1,-3.085634537E-1,-5.999576551E-1,-8.743090135E-1
7.824138104E1,-5.369905977E-1,5.600439763E-1,-1.272424293E0
7.826137604E1,-1.258423135E-2,2.243050396E0,-2.026692892E0
7.828137004E1,4.735920523E-1,3.792724512E0,-1.943444329E0
7.830136404E1,3.224099893E-1,4.713275646E0,-2.021152655E0
7.832135904E1,5.334987136E-1,4.793608788E0,-1.856540086E0
7.834135304E1,8.692071716E-1,5.161448354E0,-6.535088680E-1
7.836134704E1,2.129338497E-1,4.733536248E0,5.017758511E-1
7.838134204E1,-7.257417887E-1,2.774651762E0,3.129171370E0
7.840133604E1,-1.180964777E0,9.650297338E-1,5.163743970E0
7.842133004E1,-1.151357692E0,-2.327665454E-1,4.961838444E0
7.844132504E1,3.522009318E-1,2.632901806E-1,3.006219628E0
7.846131904E1,3.438637598E0,1.954055856E0,3.807929758E-1
7.848131304E1,4.365976764E0,2.537560031E0,-6.450338405E-1
7.850130804E1,1.706922409E0,6.552775776E-1,4.897065767E-1
7.852130204E1,-1.087142108E-1,-7.616319984E-1,5.276848271E-1
7.854129604E1,-1.378087865E0,-2.190804940E0,-1.516833521E-2
7.856129104E1,-1.514073636E0,-3.522860892E0,-3.740838806E-1
7.858128504E1,-5.404778040E-1,-4.262365272E0,-2.777930295E-1
7.860127904E1,2.122769516E-2,-4.766196456E0,-5.810472480E-1
7.862127404E1,3.448553306E-1,-4.689609041E0,-9.256581650E-1
7.864126804E1,4.906086559E-1,-4.312456614E0,-8.139991502E-1
7.866126204E1,5.431718721E-1,-3.652052783E0,-8.504564667E-1
7.868125704E1,6.221002568E-1,-2.698415764E0,-1.037776698E0
7.870125104E1,7.859330998E-1,-1.941369152E0,-9.610857868E-1
7.872124504E1,1.110977260E0,-1.402285105E0,-8.368230987E-1
7.874124004E1,1.545436931E0,-9.992856467E-1,-9.716272203E-1
7.876123404E1,1.436157002E0,-1.486490858E-1,-5.980573831E-1
7.878122804E1,6.921542857E-1,1.014450400E0,-5.554861083E-1
7.880122304E1,2.279788452E-1,2.372487870E0,-5.771750756E-1
7.882121704E1,4.147896378E-1,4.027515948E0,-1.507358401E0
7.884121104E1,1.652863877E0,5.024589009E0,-2.550264861E0
7.886120604E1,3.132217770E0,5.559222740E0,-1.194462197E0
7.888120004E1,6.341044443E-1,6.008115240E0,8.273864966E-2
7.890119404E1,-2.851840855E0,5.120975681E0,2.251183873E0
7.892118904E1,-4.480992373E0,2.945416771E0,4.615027220E0
7.894118304E1,-4.042961369E0,7.081212044E-2,5.889130833E0
7.896117704E1,-3.973242677E0,-1.183682855E0,1.849084302E0
7.898117204E1,-2.593136646E0,5.036557674E-1,-2.281324516E0
7.900116604E1,-2.572701797E-3,2.788699697E0,-5.730750811E-1
7.902116004E1,2.065162016E0,3.534696241E0,1.447219203E0
7.904115504E1,3.110157102E0,1.651946011E0,2.655293718E0
7.906114904E1,1.530906600E0,-1.127540229E0,9.479301363E-1
7.908114304E1,2.219029304E-1,-2.877789044E0,-7.800366944E-1
7.910113804E1,-5.084148894E-1,-3.977073773E0,-7.739994442E-1
7.912113204E1,-1.092938965E0,-4.671907180E0,-4.375729116E-1
7.914112604E1,-1.058027945E0,-4.685897813E0,-5.236328163E-1
7.916112004E1,-8.976699556E-1,-4.276497408E0,-5.317265322E-1
7.918111504E1,-4.409426254E-1,-3.778671314E0,-7.067255471E-1
7.920110904E1,-3.517538756E-2,-3.252543527E0,-9.983243644E-1
7.922110304E1,1.215708128E-1,-2.860587121E0,-1.105193925E0
7.924109804E1,2.456383136E-1,-2.431457625E0,-1.176032943E0
7.926109204E1,2.292775849E-1,-1.775716948E0,-9.707290149E-1
7.928108604E1,-1.007275721E-1,-1.516694065E0,-7.678119206E-1
7.930108104E1,-6.432343599E-1,-1.348503000E0,-1.024198294E0
7.932107504E1,-6.565700316E-1,-5.575670958E-2,-1.707956489E0
7.934106904E1,-7.252712341E-1,1.674711560E0,-2.310346586E0
7.936106404E1,-6.757389586E-1,3.433212551E0,-1.697307540E0
7.938105804E1,-1.933418401E-4,4.850953601E0,-1.810095068E0
7.940105204E1,1.248699800E0,5.139068720E0,-2.099749759E0
7.942104704E1,1.670039927E0,5.852781617E0,-1.525902261E0
7.944104104E1,-2.621223637E-1,5.117099562E0,5.552508675E-2
7.946103504E1,-1.134117543E0,3.507742331E0,3.062908384E0
7.948102904E1,-1.448595638E0,1.274405329E0,5.766672011E0
7.950102404E1,-1.002949512E0,-4.600916719E-1,5.618101863E0
7.952101804E1,1.083679095E0,-4.711487567E-1,2.485957183E0
7.954101204E1,3.127726816E0,1.138653447E0,-1.523209618E0
7.956100704E1,2.560601569E0,2.010709528E0,-9.548503160E-1
7.958100104E1,6.968411214E-1,1.332227860E0,1.081637905E0
7.960099504E1,-8.696560185E-1,-3.054562068E-1,1.527576903E0
7.962099004E1,-1.759828747E0,-2.075045273E0,1.145123830E-1
7.964098404E1,-7.229284009E-1,-3.340131310E0,-3.949075697E-1
7.966097804E1,3.292371252E-1,-4.133925918E0,-6.654558990E-1
7.968097304E1,1.112327163E0,-4.340503954E0,-7.036089081E-1
7.970096704E1,1.133602476E0,-4.390507003E0,-5.735071903E-1
7.972096104E1,5.131895064E-1,-4.340060150E0,-4.722492758E-1
7.974095504E1,-2.306967407E-1,-3.893936892E0,-6.838886616E-1
7.976095004E1,-3.540739411E-1,-2.924806505E0,-1.058913286E0
7.978094404E1,3.093803098E-1,-1.704258125E0,-1.295168792E0
7.980093804E1,1.505823507E0,-9.314111674E-1,-1.344773061E0
7.982093304E1,1.885129901E0,-9.276806438E-1,-1.108752540E0
7.984092704E1,1.153104256E0,-8.691593707E-1,-1.197520364E0
7.986092104E1,4.141343842E-1,2.290208191E-1,-1.093405353E0
7.988091504E1,-2.809189510E-1,1.890069775E0,-6.097909176E-1
7.990091004E1,1.855533123E-1,3.858859445E0,-5.511240488E-1
7.992090404E1,1.548878456E0,5.186662717E0,-1.438101055E0
7.994089842E1,2.176230316E0,5.808780150E0,-2.312778443E0
7.996089342E1,-6.445245481E-1,5.803184949E0,-3.670665640E-1
7.998088742E1,-3.626382921E0,4.834070935E0,2.721698792E0
8.000088142E1,-4.465819725E0,2.803866790E0,5.930391710E0
8.002087642E1,-3.787126973E0,3.481935060E-1,6.470361026E0
8.004087042E1,-3.094896162E0,-1.965611708E-1,2.119610412E0
8.006086442E1,-1.541219627E0,1.907857590E0,-3.468052016E0
8.008085842E1,-1.277091832E-1,3.002252292E0,-1.615402667E0
8.010085342E1,1.463670052E0,2.516313588E0,1.860436671E0
8.012084742E1,1.842504137E0,1.540396339E-1,2.847788150E0
8.014084142E1,8.298256626E-1,-1.529964321E0,2.560385368E-1
8.016083642E1,-5.090463156E-1,-2.402840767E0,-1.543276677E0
8.018083042E1,-9.746971547E-1,-3.380838456E0,-1.134235291E0
8.020082442E1,-1.527089099E0,-4.226226556E0,-6.108154229E-1
8.022081842E1,-2.246012888E0,-4.476266946E0,-4.775813518E-1
8.024081342E1,-1.600155175E0,-4.164220342E0,-2.319071509E-2
8.026080742E1,5.599439889E-4,-3.650131388E0,-1.976556965E-1
8.028080142E1,7.730818699E-1,-3.335447690E0,-1.265649124E0
8.030079542E1,7.974703141E-1,-3.085970972E0,-1.574668624E0
8.032079042E1,5.280829494E-1,-2.738508952E0,-1.377988755E0
8.034078442E1,3.077947276E-1,-2.135960981E0,-1.059549390E0
8.036077842E1,7.764846571E-2,-1.540855930E0,-4.897996205E-1
8.038077342E1,4.521724954E-2,-8.243849015E-1,-1.964880075E-1
8.040076742E1,9.613008913E-2,3.695440292E-1,-1.550138385E0
8.042076142E1,1.416849788E-1,2.133285879E0,-2.763123976E0
8.044075542E1,-6.996523165E-1,3.753985539E0,-2.209476269E0
8.046075042E1,-1.220084842E0,5.191018308E0,-5.873142207E-1
8.048074442E1,1.519605833E-1,5.573814467E0,5.447072778E-1
8.050073842E1,4.685278154E-1,5.839907218E0,-1.036292090E0
8.052073242E1,-2.199011269E-2,4.585880020E0,3.885059283E-1
8.054072742E1,-8.130046850E-1,2.747614821E0,3.147611150E0
8.056072142E1,-1.042442045E0,5.112887228E-1,5.073211530E0
8.058071542E1,-2.591524350E-2,-1.116845672E0,5.543242884E0
8.060071042E1,2.124953597E0,-3.757034862E-1,2.268112147E0
8.062070442E1,3.310747004E0,1.561162140E0,-1.680886220E0
8.064069842E1,2.621149195E0,2.730269056E0,-1.839956798E0
8.066069242E1,1.356680331E0,1.790758910E0,4.043606901E-1
8.068068742E1,5.153406970E-1,-2.924022979E-1,1.850292921E0
8.070068142E1,-6.243602056E-1,-2.444907390E0,1.196657826E0
8.072067542E1,-8.217358205E-1,-3.789329034E0,-3.256992674E-1
8.074066942E1,-6.734407836E-1,-4.376843230E0,-1.996546987E0
8.076066442E1,-2.411499909E-1,-4.608790580E0,-3.286916969E0
8.078065842E1,9.848088909E-1,-4.101048194E0,-3.880394155E0
8.080065242E1,2.194945938E0,-3.890848392E0,-4.504128343E0
8.082064642E1,2.476643738E0,-3.855886720E0,-4.508621344E0
8.084064142E1,1.816492799E0,-3.216203082E0,-4.554786281E0
8.086063542E1,1.316834626E0,-2.158415458E0,-4.016162995E0
8.088062942E1,7.950108290E-1,-1.798422856E0,-2.859676709E0
8.090062342E1,1.575355525E0,-1.769662156E0,2.786071959E0
8.092061842E1,1.798413354E0,-1.002008695E0,6.816263593E0
8.094061192E1,7.183652338E-1,3.130254275E-1,5.453002805E0
8.096060592E1,-1.967448172E0,1.210671263E0,1.830897122E0
8.098060092E1,-2.719789091E0,2.752974964E0,-3.507996100E-1
8.100059492E1,-1.835646523E0,3.837414781E0,-4.591438383E-1
8.102058892E1,1.787119603E-1,3.853053160E0,1.460019343E0
8.104058292E1,2.407271202E0,3.593454326E0,3.586941113E0
8.106057792E1,2.857943594E0,4.826629184E0,1.340903374E0
8.108057192E1,2.103817959E-1,4.389726985E0,-1.532560485E0
8.110056592E1,-7.811216453E-1,3.422946010E0,-6.569709313E-1
8.112055992E1,-1.340236060E0,1.218927532E0,1.791046008E0
8.114055492E1,-2.142125115E0,-2.738601923E-1,2.236232543E0
8.116054892E1,-3.057743246E0,-1.184280440E0,1.795750678E0
8.118054292E1,-2.810988991E0,-2.071455667E0,2.423134114E0
8.120053692E1,-1.376319521E0,-2.544932785E0,3.536673477E0
8.122053192E1,-4.771629104E-1,-2.444744253E0,3.543089919E0
8.124052592E1,-1.854385972E-2,-2.187084357E0,2.813760864E0
8.126051992E1,1.207750871E0,-1.045166994E0,1.000968475E0
8.128051392E1,2.302891532E0,-3.578437507E-1,-3.404304501E-1
8.130050792E1,1.873894038E0,-9.134929597E-1,-1.611486202E0
8.132050292E1,5.585906509E-1,-2.039946776E0,-2.673147606E0
8.134049692E1,-1.231120292E0,-3.310619243E0,-2.628440088E0
8.136049092E1,-1.056865957E0,-3.883565100E0,-1.679658889E0
8.138048492E1,-2.975367379E-1,-3.478062449E0,-1.487819637E0
8.140047992E1,1.117845838E-1,-2.461718720E0,-2.082684660E0
8.142047392E1,1.064247920E0,-1.077180499E0,-1.998246773E0
8.144046792E1,1.280666674E0,-5.430484593E-2,-1.488123400E0
8.146046192E1,1.178178871E0,5.128119224E-1,-1.017105036E0
8.148045692E1,1.173869619E0,8.834482116E-1,-6.916133451E-1
8.150045092E1,6.309538914E-1,1.159886441E0,-1.231579737E0
8.152044492E1,-8.416964605E-1,1.422213585E0,-2.823808427E0
8.154043892E1,-2.081938848E0,2.362903699E0,-3.258197200E0
8.156043392E1,-1.560563093E0,3.663092326E0,-1.410244335E0
8.158042792E1,7.255349435E-1,4.865105617E0,3.744042349E0
8.160042192E1,9.876018865E-1,5.576291347E0,5.186310130E0
8.162041592E1,5.660973063E-1,4.933491143E0,3.341214799E0
8.164041092E1,5.159795053E-1,2.861501625E0,1.882370454E0
8.166040492E1,9.244044489E-1,7.571664798E-1,1.688643721E0
8.168039892E1,9.717190947E-1,-1.154260835E0,2.927089258E0
8.170039292E1,7.643889606E-1,-1.894520091E0,3.237094891E0
8.172038692E1,4.251712230E-1,-7.658805853E-1,6.708545601E-1
8.174038192E1,4.355669877E-1,-6.893107116E-2,-1.779250420E0
8.176037592E1,3.714683479E-1,-4.314759833E-1,-2.924457719E0
8.178036992E1,1.028270879E0,-9.022464252E-1,-2.794605385E0
8.180036392E1,1.260687907E0,-1.421927072E0,-2.240247534E0
8.182035892E1,9.169602124E-1,-2.221146727E0,-2.367849859E0
8.184035292E1,1.131150592E0,-2.939620426E0,-4.950562674E-1
8.186034692E1,1.673285424E0,-4.012885045E0,1.928412892E0
8.188034092E1,1.494338698E0,-3.725109065E0,1.118006344E0
8.190033492E1,7.992828047E-1,-2.936439541E0,-1.457595672E0
8.192032992E1,7.453007251E-3,-2.528345404E0,-2.454936242E0
8.194032396E1,6.165888906E-2,-1.976036709E0,-1.350063330E0
8.196031796E1,8.045246874E-1,-1.238571253E0,-4.333587867E-1
8.198031196E1,1.324343036E0,-1.706240916E-1,-1.050678872E0
8.200030696E1,1.437082032E0,4.512337250E-1,-1.904410071E0
8.202030096E1,7.280903229E-1,9.226029217E-1,-2.459397376E0
8.204029496E1,-8.186043441E-2,1.385503011E0,-1.300062912E0
8.206028896E1,-1.218045187E-1,2.607357075E0,5.264549384E-1
8.208028296E1,9.924142912E-2,4.297215847E0,7.779977703E-1
8.210027796E1,6.777971055E-1,5.539464414E0,1.550607916E0
8.212027196E1,-1.645201832E-2,6.185415682E0,1.914913425E0
8.214026596E1,-1.363505640E0,4.993489423E0,3.242976313E0
8.216025996E1,-1.469837110E0,2.670070217E0,4.853202440E0
8.218025396E1,-6.933433901E-1,3.290736955E-1,5.516455035E0
8.220024896E1,-1.782554682E0,-8.502085447E-1,2.673971479E0
8.222024296E1,-3.321030503E0,-2.655431128E-1,-1.173894616E0
8.224023696E1,-3.755228949E0,6.230950874E-1,-3.310344424E0
8.226023096E1,-1.968125719E0,8.615673459E-1,-1.369177585E0
8.228022596E1,3.086919098E-1,1.723963827E-1,2.943850010E0
8.230021996E1,1.816360505E0,-3.829394156E-1,4.651648917E0
8.232021396E1,2.261597911E0,-6.936282957E-1,2.269176925E0
8.234020796E1,1.527640492E0,-1.875868642E0,-1.032126533E0
8.236020196E1,-1.565153450E-3,-3.855028349E0,-2.908143110E0
8.238019696E1,-1.068647658E0,-5.144756307E0,-3.401864166E0
8.240019096E1,-1.277557125E0,-5.492870876E0,-2.550363679E0
8.242018496E1,-6.239017108E-1,-4.924381181E0,-1.624999994E0
8.244017896E1,2.751772776E-2,-3.889667839E0,-1.540666188E0
8.246017296E1,7.308773983E-1,-2.996158909E0,-2.322020845E0
8.248016796E1,1.186332521E0,-2.111886824E0,-2.804238965E0
8.250016196E1,8.844953017E-1,-1.175617790E0,-1.905479527E0
8.252015596E1,9.911982165E-1,-2.144197369E-1,-6.483749396E-1
8.254014996E1,8.063555968E-1,7.424607325E-1,-7.337820026E-1
8.256014396E1,-1.070035787E0,1.315231174E0,-1.770064445E0
8.258013896E1,-1.762681019E0,1.910715124E0,-1.406124972E0
8.260013296E1,-1.460580968E0,3.369617064E0,-5.918405503E-1
8.262012696E1,-1.033304016E0,4.951753167E0,3.732938486E-1
8.264012096E1,-4.260752025E-1,6.305048545E0,1.636441826E0
8.266011496E1,-8.189312035E-1,6.769664792E0,1.021808537E0
8.268010996E1,-2.320621021E-1,5.185506138E0,1.595996781E0
8.270010396E1,4.481674451E-1,2.495021537E0,3.469037272E0
8.272009796E1,5.376989879E-1,-3.108397382E-1,5.385420687E0
8.274009196E1,-2.868812107E-1,-2.171940653E0,5.275650322E0
8.276008596E1,-3.384863971E-1,-1.296418927E0,2.390299951E0
8.278008096E1,1.625592610E0,7.926935774E-1,-2.183364943E-2
8.280007496E1,3.445896331E0,1.720366035E0,-1.587605296E-1
8.282006896E1,3.717307125E0,1.089640916E0,2.418159887E-2
8.284006296E1,2.483154028E0,-6.713661915E-1,-4.886278385E-1
8.286005696E1,5.082703900E-1,-2.721896428E0,-8.593180682E-1
8.288005196E1,-8.532565521E-1,-4.360679187E0,-1.377084775E0
8.290004596E1,-1.405171875E0,-5.588140730E0,-1.688263652E0
8.292003996E1,-8.390826090E-1,-5.746454678E0,-1.721002212E0
8.294003367E1,1.658925247E-1,-4.885541636E0,-1.797549136E0
8.296002767E1,9.385475479E-1,-3.702756329E0,-1.841386296E0
8.298002167E1,1.548158810E0,-2.542704411E0,-1.621043476E0
8.300001667E1,2.364314340E0,-1.376254470E0,-8.559415935E-1
8.302001067E1,2.860098001E0,-8.343316001E-1,-1.321920973E-1
8.304000467E1,2.301404439E0,-5.988039994E-1,-1.552962005E-2
8.305999867E1,1.106192483E0,-1.712865812E-1,-9.340997171E-1
8.307999267E1,5.020599161E-1,1.293484794E0,-1.303703388E0
8.309998767E1,-4.947646375E-1,2.436013775E0,-1.425344769E0
8.311998167E1,-9.776592810E-1,3.819460906E0,-1.031745880E0
8.313997567E1,-4.986404644E-1,4.845746655E0,-2.275981915E-1
8.315996967E1,9.049269350E-1,4.858973642E0,1.161544565E0
8.317996367E1,1.818390074E0,5.245834200E0,7.978858318E-1
8.319995767E1,-1.965082535E-1,5.576224104E0,-1.835673128E0
8.321995267E1,-2.759419765E0,4.241079653E0,-6.649168588E-1
8.323994667E1,-3.094798805E0,1.698577555E0,3.884778982E0
8.325994067E1,-3.451160872E0,-4.886792940E-1,6.265294495E0
8.327993467E1,-4.258939388E0,-1.140022280E0,4.290078735E0
8.329992867E1,-4.962282833E0,-1.032159278E0,1.130176739E0
8.331992367E1,-2.845714143E0,6.317343485E-1,-9.528948610E-1
8.333991767E1,6.239460035E-1,1.964324151E0,-7.085889816E-2
8.335991167E1,3.716876770E0,1.864634972E0,1.280425038E0
8.337990567E1,4.393654559E0,8.743616384E-1,6.925178363E-1
8.339989967E1,1.790946313E0,-1.548449709E0,-7.385799354E-1
8.341989367E1,-1.534383939E-1,-3.745915797E0,-1.562379092E0
8.343988867E1,-1.117388293E0,-5.441309543E0,-1.521573567E0
8.345988267E1,-1.301627334E0,-6.040340415E0,-1.160319574E0
8.347987667E1,-9.463401322E-1,-5.705275077E0,-4.036157548E-1
8.349987067E1,-1.300578636E-1,-4.664015778E0,4.070188344E-2
8.351986467E1,6.501808521E-1,-3.390324394E0,-5.916896921E-1
8.353985867E1,9.144609663E-1,-2.314829646E0,-1.735971230E0
8.355985367E1,1.200258980E0,-1.304060068E0,-2.395931697E0
8.357984767E1,1.421023531E0,-5.929819268E-1,-2.223334609E0
8.359984167E1,9.280000480E-1,-4.394626951E-1,-1.594878940E0
8.361983567E1,-1.870923360E-1,-3.352115178E-1,-1.273090875E0
8.363982967E1,-1.551289701E0,2.410842097E-1,-1.341178193E0
8.365982367E1,-2.163781740E0,1.740136641E0,-1.150512185E0
8.367981867E1,-1.679498822E0,3.909247241E0,-8.875558805E-1
8.369981267E1,-8.588011743E-1,5.532510320E0,-8.612948656E-1
8.371980667E1,3.671345378E-1,6.591797755E0,-2.373917661E-1
8.373980067E1,9.052602263E-1,6.625146180E0,1.810244610E-1
8.375979467E1,1.329175906E-1,3.886052506E0,1.319852228E0
8.377978867E1,-1.081621460E0,1.129863912E0,2.412088138E0
8.379978267E1,-1.513596649E0,-1.134810657E0,3.884889495E0
8.381977767E1,-1.623804239E0,-1.933836184E0,4.413255011E0
8.383977167E1,-3.618444157E-1,-6.235815758E-1,3.506581659E0
8.385976567E1,1.311698140E0,2.338453567E0,1.050048249E0
8.387975967E1,3.283942491E0,3.733013331E0,1.014105269E-1
8.389975367E1,4.297894124E0,2.651657919E0,1.551699007E-1
8.391974767E1,2.026275547E0,-4.217836386E-1,-3.530314922E-2
8.393974233E1,2.432484104E-1,-2.666817411E0,-6.238600494E-1
8.395973633E1,-6.807321154E-1,-4.058206814E0,-9.370011055E-1
8.397973033E1,-1.087828425E0,-4.845498149E0,-1.046221831E0
8.399972433E1,-1.115215614E0,-5.226943601E0,-1.190338887E0
8.401971833E1,-7.675430949E-1,-5.118190652E0,-1.051520724E0
8.403971233E1,9.194132656E-2,-4.252810922E0,-6.987032403E-1
8.405970633E1,8.558629484E-1,-3.439333416E0,-9.894469754E-1
8.407970133E1,1.326349654E0,-2.399620121E0,-1.726146008E0
8.409969533E1,1.746873072E0,-1.330418732E0,-1.573317478E0
8.411968933E1,2.336030042E0,-5.423567337E-1,-8.668469431E-1
8.413968333E1,2.058638132E0,-5.912587523E-2,-6.291085102E-1
8.415967733E1,1.097889729E0,4.941850322E-1,-9.723617037E-1
8.417967133E1,9.158479258E-2,1.532853431E0,-9.804014790E-1
8.419966533E1,-9.256558992E-1,2.704003363E0,-4.302340347E-1
8.421966033E1,-1.153632552E0,3.783188873E0,7.843700659E-1
8.423965433E1,2.020876667E-1,4.290172291E0,1.856265121E0
8.425964833E1,2.083278737E0,4.478813993E0,1.289682350E0
8.427964233E1,1.884646921E0,5.795809856E0,-1.901671236E0
8.429963633E1,-1.796563441E0,5.428756156E0,-4.286841132E0
8.431963033E1,-3.861431927E0,3.545377935E0,-1.373844248E0
8.433962433E1,-3.390832517E0,8.473562729E-1,4.236142849E0
8.435961933E1,-2.872545846E0,-5.794894767E-1,7.066386428E0
8.437961333E1,-3.414247107E0,-1.270073127E0,3.984482780E0
8.439960733E1,-3.975144777E0,-4.577562940E-1,-5.565165704E-1
8.441960133E1,-1.802323241E0,1.384789066E0,-2.599342881E0
8.443959533E1,2.322343757E0,1.837233165E0,-1.075063223E-1
8.445958933E1,4.793123469E0,1.180697266E0,2.371508023E0
8.447958333E1,3.855377136E0,-4.229238456E-1,1.903938786E0
8.449957833E1,1.235448255E0,-2.508936741E0,-3.191411765E-1
8.451957233E1,-4.171150754E-1,-4.296648082E0,-1.245932313E0
8.453956633E1,-1.026653686E0,-5.605300553E0,-7.786742932E-1
8.455956033E1,-1.102019179E0,-6.054221120E0,-2.362010537E-1
8.457955433E1,-1.134931110E0,-5.776559653E0,-5.194995292E-1
8.459954833E1,-8.217644718E-1,-4.744106260E0,-1.126312752E0
8.461954233E1,5.362218350E-2,-3.461024832E0,-1.562467239E0
8.463953633E1,5.125223391E-1,-2.167134826E0,-1.970703610E0
8.465953133E1,1.304578716E0,-5.224311769E-1,-1.994621645E0
8.467952533E1,1.722375285E0,5.211254936E-1,-1.443534873E0
8.469951933E1,1.388194631E0,7.288963616E-1,-1.162873784E0
8.471951333E1,5.275479291E-1,5.355067205E-1,-1.124265642E0
8.473950733E1,-5.063457790E-1,1.086641294E0,-1.919069333E0
8.475950133E1,-1.935108538E0,2.479090213E0,-2.619975951E0
8.477949533E1,-2.309784815E0,4.541161099E0,-2.142685863E0
8.479948933E1,-1.743266363E0,5.774808996E0,-4.416764510E-1
8.481948433E1,-1.744097252E-1,6.324018667E0,1.641994488E0
8.483947833E1,-2.109536536E-1,4.733612847E0,1.809390040E0
8.485947233E1,-5.327048810E-1,1.893483964E0,2.286905099E0
8.487946633E1,-3.410841689E-1,-7.059051096E-2,3.471825224E0
8.489946033E1,-1.150271134E0,-1.427262656E0,3.584745483E0
8.491945433E1,-1.713005560E0,-1.094865988E0,3.105507689E0
8.493944871E1,-4.260801727E-1,1.042688359E0,2.815599228E0
8.495944271E1,2.646791866E0,3.200275851E0,2.508168417E0
8.497943671E1,4.783424692E0,3.239270933E0,1.435613065E0
8.499943171E1,3.422039691E0,1.065522321E0,-5.189947683E-1
8.501942571E1,7.791781770E-1,-1.611678575E0,-1.990153057E0
8.503941971E1,-1.127078299E0,-3.684823503E0,-2.135031858E0
8.505941371E1,-1.740264549E0,-5.004559371E0,-9.507309526E-1
8.507940771E1,-1.245901322E0,-5.473078051E0,1.485353574E-2
8.509940171E1,-4.481653985E-1,-5.077133843E0,-4.207106745E-1
8.511939571E1,3.413218582E-1,-4.357006550E0,-1.284897134E0
8.513938971E1,1.032042333E0,-3.375178351E0,-1.879882756E0
8.515938471E1,1.692651402E0,-2.310918444E0,-1.989175403E0
8.517937871E1,2.388682904E0,-1.299836040E0,-1.619534894E0
8.519937271E1,2.739796509E0,-6.249410534E-1,-9.964229961E-1
8.521936671E1,2.162311604E0,-6.487924308E-1,-7.502505393E-1
8.523936071E1,1.048406205E0,-3.018297637E-1,-1.058602872E0
8.525935471E1,-1.786705913E-1,7.359299773E-1,-1.174315761E0
8.527934871E1,-1.070809812E0,2.106362375E0,-6.189659299E-1
8.529934271E1,-1.196360642E0,3.769345005E0,3.066265270E-2
8.531933671E1,-2.893694933E-1,4.792199609E0,9.763400030E-1
8.533933071E1,1.319704440E0,5.347965177E0,1.323082961E0
8.535932571E1,1.608442434E0,6.212877131E0,-1.324742986E0
8.537931971E1,-8.355391963E-1,4.725636075E0,-2.352475190E0
8.539931371E1,-1.873242804E0,2.059049045E0,1.091537753E0
8.541930771E1,-2.296508419E0,-4.974004161E-1,4.478804637E0
8.543930171E1,-3.468709243E0,-1.746707157E0,4.987462698E0
8.545929571E1,-5.031417972E0,-1.055967970E0,1.287130625E0
8.547928971E1,-5.263670547E0,1.293609340E0,-1.621307185E0
8.549928371E1,-2.492036533E0,2.895099726E0,5.535149753E-1
8.551927771E1,1.369817124E0,2.268892751E0,4.094894584E0
8.553927171E1,3.750594154E0,1.192395206E0,4.424403312E0
8.555926671E1,3.943325399E0,5.548200738E-1,5.577517216E-1
8.557926071E1,1.923953805E0,-1.216158875E0,-2.867047125E0
8.559925471E1,9.694537371E-2,-3.521532404E0,-3.464238462E0
8.561924871E1,-1.876755957E-1,-5.089372065E0,-1.428146901E0
8.563924271E1,-3.927794024E-1,-6.032649572E0,-3.984292746E-3
8.565923671E1,-7.300270669E-1,-6.169125924E0,1.502833825E-1
8.567923071E1,-7.196944521E-1,-5.218962736E0,-8.945666921E-1
8.569922471E1,2.465108643E-1,-3.817448879E0,-1.612895966E0
8.571921871E1,1.309745024E0,-2.259946511E0,-2.113523314E0
8.573921271E1,2.189040396E0,-1.073967454E0,-2.147962537E0
8.575920671E1,2.257643293E0,-2.110862392E-1,-1.807373043E0
8.577920171E1,1.268368664E0,1.874137866E-1,-1.556513750E0
8.579919571E1,-5.006912291E-2,5.781422782E-1,-1.307539600E0
8.581918971E1,-1.092091923E0,1.308292283E0,-1.071846669E0
8.583918371E1,-1.907336749E0,2.254385224E0,-6.738600290E-1
8.585917771E1,-1.875276466E0,3.891445978E0,-1.509967428E-1
8.587917171E1,-7.316729119E-1,5.299501115E0,4.651201312E-1
8.589916571E1,1.620933548E0,6.447642839E0,8.209367985E-1
8.591915971E1,2.054140307E0,6.681650748E0,-3.560894398E-1
8.593915367E1,-1.196778864E-3,3.844458922E0,1.881658848E-1
8.595914767E1,-8.574571918E-1,2.136367947E-1,2.793865712E0
8.597914167E1,-1.381538745E0,-1.809654188E0,4.590656610E0
8.599913567E1,-1.968994907E0,-2.046477531E0,4.060914075E0
8.601913067E1,-7.877325073E-2,5.626366317E-2,2.578890490E0
8.603912467E1,3.134282714E0,3.188672637E0,1.460031622E0
8.605911867E1,5.418753909E0,3.788447859E0,1.026132406E0
8.607911267E1,4.221530657E0,1.461649547E0,2.570440386E-1
8.609910667E1,1.621640623E0,-1.238784091E0,-7.019202322E-1
8.611910067E1,-6.670557703E-1,-3.579805171E0,-1.295810962E0
8.613909467E1,-1.692122960E0,-5.072523898E0,-1.191638869E0
8.615908867E1,-1.857994581E0,-5.763758928E0,-8.050923058E-1
8.617908267E1,-1.349655486E0,-5.584334192E0,-6.885875572E-1
8.619907667E1,-2.066192588E-1,-4.636204666E0,-9.985769641E-1
8.621907067E1,8.193016246E-1,-3.716673871E0,-1.264181473E0
8.623906467E1,1.433950848E0,-2.689629153E0,-1.790702192E0
8.625905867E1,1.968579609E0,-1.507289988E0,-2.061867988E0
8.627905267E1,2.008597953E0,-3.588699371E-1,-1.551734382E0
8.629904667E1,2.042778583E0,3.153128582E-1,-3.015783334E-1
8.631904167E1,2.132752613E0,6.210573328E-1,6.136759539E-1
8.633903567E1,1.565899408E0,7.373789173E-1,1.612726396E-1
8.635902967E1,9.118107158E-1,1.354431492E0,-9.104839826E-1
8.637902367E1,5.950302064E-1,2.689137402E0,-1.535703071E0
8.639901767E1,4.893518700E-1,4.173104602E0,-1.626633999E0
8.641901167E1,1.491937393E0,5.274741665E0,-6.951468176E-1
8.643900567E1,2.940716779E0,6.021014197E0,4.107094507E-1
8.645899967E1,2.279829383E-3,5.267311608E0,-2.619657862E-1
8.647899367E1,-3.718299982E0,3.067506634E0,1.364086999E0
8.649898767E1,-4.480557632E0,5.038177353E-1,5.114165429E0
8.651898167E1,-3.536644533E0,-8.153000826E-1,6.277581249E0
8.653897567E1,-3.634373726E0,-4.187980503E-1,2.630635717E0
8.655896967E1,-3.479947591E0,1.613305855E0,-1.494524347E0
8.657896367E1,-1.952908925E0,2.877396696E0,-1.351878159E0
8.659895767E1,1.307364330E0,1.826450315E0,3.186034958E0
8.661895167E1,4.033590621E0,5.780457991E-1,5.480570673E0
8.663894667E1,4.091538867E0,-3.822149456E-2,2.319650676E0
8.665894067E1,1.917993446E0,-1.572733195E0,-1.554125016E0
8.667893467E1,2.136367947E-2,-3.612338494E0,-3.596668541E0
8.669892867E1,-7.862572548E-1,-5.040006362E0,-3.182544170E0
8.671892267E1,-9.383576596E-1,-5.594212478E0,-1.731287026E0
8.673891667E1,-9.181619614E-1,-5.363598293E0,-4.846970478E-1
8.675891067E1,-2.875140256E-1,-4.389260377E0,-3.988912046E-2
8.677890467E1,6.433685535E-1,-3.512493194E0,-3.020626290E-1
8.679889867E1,1.441580733E0,-2.451534040E0,-1.430454213E0
8.681889267E1,2.240138483E0,-1.146228515E0,-2.401385541E0
8.683888667E1,2.635424879E0,-2.376706052E-1,-2.278714904E0
8.685888067E1,1.822262392E0,-1.292667353E-1,-1.562944810E0
8.687887467E1,3.910905804E-1,1.253683966E-1,-8.939053720E-1
8.689886867E1,-6.170489202E-1,7.211809605E-1,-4.117218961E-1
8.691886267E1,-1.202916832E0,1.562450867E0,-6.390036070E-1
8.693885729E1,-1.398758795E0,3.295278488E0,-1.845334921E0
8.695885129E1,-1.118504380E0,5.356634259E0,-2.909522468E0
8.697884529E1,3.877442189E-1,6.299594847E0,-1.440863572E0
8.699883929E1,2.034627418E0,6.509999886E0,5.993856512E-1
8.701883329E1,-7.432030365E-2,4.289292870E0,1.777963887E0
8.703882729E1,-1.214845006E0,1.672463306E0,3.705748934E0
8.705882229E1,-1.717491836E0,-3.814688408E-1,5.128091742E0
8.707881629E1,-1.916788481E0,-1.343408321E0,5.806519032E0
8.709881029E1,-4.398861797E-1,-6.914782745E-1,5.224312354E0
8.711880429E1,2.562728494E0,1.343044624E0,2.903022119E0
8.713879829E1,4.737177309E0,2.627223575E0,-6.211234063E-2
8.715879229E1,4.326829948E0,1.772398068E0,-1.812059147E0
8.717878629E1,1.959468331E0,-3.393308812E-1,-1.665956232E0
8.719878029E1,2.502934282E-1,-2.183108835E0,-4.438978082E-1
8.721877429E1,-1.021942438E0,-3.615545107E0,3.084453034E-1
8.723876829E1,-1.677873296E0,-4.676293761E0,4.992490134E-1
8.725876229E1,-9.509626485E-1,-5.035744911E0,-4.384666219E-2
8.727875629E1,3.267425568E-1,-4.736085050E0,-1.203936440E0
8.729875029E1,1.359659341E0,-4.213262109E0,-2.073392850E0
8.731874429E1,2.268738823E0,-3.218708614E0,-2.606650731E0
8.733873829E1,2.679439503E0,-2.245743039E0,-2.605932985E0
8.735873229E1,2.394375607E0,-1.105105047E0,-2.050724949E0
8.737872629E1,1.969654035E0,-3.170383716E-1,-5.754573829E-1
8.739872029E1,1.560166067E0,2.441715395E-1,1.001768374E0
8.741871429E1,1.010754522E0,7.828801954E-1,1.540968196E0
8.743870829E1,2.138847166E-1,1.248247225E0,6.194731759E-1
8.745870229E1,-2.640232752E-1,2.323613334E0,-6.986897917E-1
8.747869629E1,-3.019262427E-1,3.867813871E0,-1.627315930E0
8.749869029E1,1.546551995E-1,5.254617303E0,-1.206108827E0
8.751868429E1,1.172668747E0,6.306719679E0,3.035981078E-1
8.753867829E1,8.029624575E-1,6.600714174E0,6.413473172E-1
8.755867229E1,-2.806325252E0,4.567437317E0,1.234022119E0
8.757866629E1,-4.849426601E0,1.283564993E0,4.150703918E0
8.759866029E1,-3.576300350E0,-1.107585436E0,5.971002962E0
8.761865429E1,-2.640349697E0,-1.224732648E0,3.044773829E0
8.763864829E1,-2.430643985E0,2.335828167E-1,-1.622253850E0
8.765864229E1,-1.165604726E0,2.007376615E0,-3.586303766E0
8.767863629E1,8.143548802E-1,2.593916665E0,-1.501851347E0
8.769863029E1,1.845390323E0,9.745203495E-1,1.744732698E0
8.771862429E1,1.203822712E0,-9.302820700E-1,2.826566266E0
8.773861829E1,2.530572608E-1,-2.499011092E0,1.009586686E0
8.775861229E1,-3.956059465E-1,-4.149453199E0,-1.251394051E0
8.777860629E1,-3.874128279E-1,-5.262943738E0,-2.236089286E0
8.779860029E1,-2.543173358E-1,-5.478097885E0,-2.396285892E0
8.781859429E1,-3.049723497E-1,-5.051302013E0,-1.859856042E0
8.783858929E1,-1.261028069E-1,-4.127340199E0,-1.005914635E0
8.785858329E1,1.634378636E-1,-3.031059185E0,-4.473435724E-1
8.787857729E1,6.990995353E-1,-2.049783547E0,-3.116584946E-1
8.789857129E1,1.526556856E0,-1.265615210E0,-5.751701385E-1
8.791856529E1,1.924875619E0,-1.070148053E0,-1.105388783E0
8.793855942E1,1.524454198E0,-1.238192938E0,-1.794528172E0
8.795855342E1,3.001093666E-1,-9.565524405E-1,-2.187074416E0
8.797854742E1,-9.895039858E-1,4.251095349E-1,-2.105711580E0
8.799854142E1,-1.732941788E0,2.080142291E0,-1.240051622E0
8.801853542E1,-1.371127485E0,3.960198709E0,-3.020803168E-2
8.803852942E1,-7.986249930E-1,5.558148606E0,7.147534087E-2
8.805852342E1,-5.690122895E-1,5.863144637E0,-5.188140893E-1
8.807851742E1,4.967510828E-1,5.221439617E0,-3.866057660E-1
8.809851142E1,1.011102285E0,4.460392340E0,-6.798407073E-1
8.811850542E1,-3.299724126E-1,1.965858461E0,1.280380891E-1
8.813849942E1,-7.628350630E-2,-1.768010902E-1,2.564003479E0
8.815849342E1,-8.978080961E-1,-1.573129052E0,3.799048276E0
8.817848742E1,-1.673728205E0,-1.576749648E0,3.615331684E0
8.819848142E1,1.622016160E-1,1.068438327E0,2.823100621E0
8.821847542E1,3.991745607E0,3.612871760E0,2.104980093E0
8.823846942E1,5.148930634E0,2.808139350E0,9.769709176E-1
8.825846342E1,2.365049481E0,2.190402067E-1,-9.219587047E-1
8.827845742E1,-1.918054841E-1,-2.053269072E0,-2.347104669E0
8.829845142E1,-1.875347948E0,-3.819773732E0,-2.291207041E0
8.831844542E1,-2.216462376E0,-5.015731646E0,-9.094928795E-1
8.833843942E1,-1.816430087E0,-5.628643808E0,8.465233371E-2
8.835843342E1,-5.784097883E-1,-5.305883936E0,-1.094861895E-1
8.837842742E1,4.079261760E-1,-4.615248830E0,-9.628563237E-1
8.839842042E1,1.565245251E0,-3.776637068E0,-1.616963289E0
8.841841442E1,2.255976105E0,-2.824510385E0,-1.977887207E0
8.843840842E1,2.593635414E0,-1.518242993E0,-1.936032983E0
8.845840242E1,2.792827832E0,-2.049987030E-1,-9.802857041E-1
8.847839642E1,2.201735579E0,6.384083605E-1,2.086859572E-1
8.849839042E1,9.550925370E-1,1.534113505E0,6.151547147E-1
8.851838442E1,6.316103876E-2,2.176848806E0,8.818083599E-1
8.853837842E1,1.976977234E-1,3.143124581E0,3.127652264E-1
8.855837242E1,1.778379478E-1,3.854938887E0,-5.811670429E-1
8.857836642E1,5.364161088E-1,4.002085238E0,-8.013277222E-1
8.859836042E1,9.548307279E-1,4.945858004E0,-1.020838557E0
8.861835442E1,-1.351918944E0,5.224586588E0,-1.205428650E0
8.863834842E1,-4.268038533E0,4.056300037E0,1.311240595E0
8.865834242E1,-4.309908983E0,1.670622602E0,5.849716507E0
8.867833642E1,-3.887999921E0,2.943254471E-2,6.993149468E0
8.869833042E1,-4.703691475E0,7.355820680E-1,2.486625520E0
8.871832442E1,-3.728575879E0,2.487534177E0,-1.236280314E0
8.873831842E1,-4.500593117E-1,3.252454065E0,-1.126100644E0
8.875831242E1,2.658883908E0,1.819183980E0,1.371653150E0
8.877830642E1,3.458021995E0,1.448729539E-1,2.140601916E0
8.879830042E1,1.888660011E0,-1.759952855E0,8.551025181E-1
8.881829442E1,7.030179007E-1,-3.609117263E0,-6.974713781E-1
8.883828842E1,-1.712889200E-1,-5.021192946E0,-1.439861798E0
8.885828242E1,-7.799210657E-1,-5.862848184E0,-1.371824035E0
8.887827642E1,-7.126039723E-1,-5.867388546E0,-9.948360617E-1
8.889827042E1,-1.174376719E-1,-5.036708533E0,-7.338284880E-1
8.891826442E1,5.017658012E-1,-4.080414539E0,-7.635732740E-1
8.893825854E1,5.373830920E-1,-3.064511690E0,-1.318165453E0
8.895825254E1,5.466262244E-1,-2.181448225E0,-1.584730512E0
8.897824654E1,5.896165618E-1,-1.293812823E0,-1.284358898E0
8.899824054E1,8.498692600E-1,-5.822347444E-1,-6.456624162E-1
8.901823454E1,5.348411612E-1,-5.040311587E-1,-4.869398935E-1
8.903822854E1,5.423212118E-1,-2.092192233E-1,-1.071609126E0
8.905822254E1,2.323582636E-1,6.402192432E-1,-2.324406070E0
8.907821654E1,-3.674849322E-1,2.345221719E0,-3.351413512E0
8.909821054E1,-6.528515679E-1,4.348163221E0,-2.815108062E0
8.911820454E1,-3.265083759E-1,5.711220526E0,-8.015545942E-1
8.913819854E1,7.338546543E-1,6.243230027E0,1.741894752E0
8.915819154E1,5.335976046E-1,6.155342283E0,1.489210398E0
8.917818554E1,-1.519925529E0,4.061574810E0,3.204350191E-1
8.919817954E1,-2.086409775E0,1.232615864E0,1.584358191E0
8.921817354E1,-9.840499954E-1,-9.669686705E-1,4.158918087E0
8.923816754E1,-4.375452469E-1,-1.922052875E0,5.653903195E0
8.925816154E1,1.107167360E0,-5.777429134E-1,4.981591508E0
8.927815554E1,3.769637366E0,1.874421456E0,2.257272579E0
8.929814954E1,4.623095208E0,2.746568170E0,-6.113066621E-1
8.931814354E1,2.855031681E0,9.674124742E-1,-1.450329337E0
8.933813754E1,1.083245670E0,-1.025219218E0,-1.080778291E0
8.935813154E1,-8.932996005E-1,-2.807366933E0,-2.913499452E-1
8.937812554E1,-2.017782028E0,-4.196452534E0,4.801227710E-1
8.939811954E1,-1.863142031E0,-4.786958749E0,6.472373638E-1
8.941811354E1,-1.078616722E0,-4.976789190E0,-2.265234733E-1
8.943810754E1,1.824518394E-1,-4.596441261E0,-1.470082401E0
8.945810154E1,9.634866536E-1,-4.198550515E0,-2.199475776E0
8.947809554E1,1.947314016E0,-3.375842010E0,-2.554629223E0
8.949808954E1,2.536709261E0,-1.959812440E0,-2.462265435E0
8.951808354E1,2.849464547E0,-7.224264175E-1,-1.684183026E0
8.953807754E1,2.755992127E0,-4.517968118E-2,-2.800208187E-1
8.955807154E1,1.867530074E0,-5.769740045E-2,7.870518914E-1
8.957806454E1,8.939018637E-1,2.394487435E-1,5.170988086E-1
8.959805854E1,-3.773749128E-1,8.027952272E-1,-5.017472363E-1
8.961805254E1,-1.090505865E0,2.065542378E0,-9.820875236E-1
8.963804654E1,-5.178213783E-1,3.668593386E0,-7.968398380E-1
8.965804054E1,3.174429989E-1,4.822997478E0,-1.860695118E-1
8.967803454E1,1.513171703E0,5.753438593E0,3.794305015E-1
8.969802854E1,1.407363997E0,6.460086883E0,-8.169174224E-1
8.971802254E1,-1.944099217E0,4.981388025E0,-1.252995895E0
8.973801654E1,-4.443652054E0,2.596336827E0,1.500180213E0
8.975801054E1,-3.971681179E0,-2.116873330E-1,5.902044994E0
8.977800454E1,-2.205418886E0,-1.734608683E0,7.039949997E0
8.979799854E1,-2.233881378E0,-4.927208894E-1,1.478171293E0
8.981799254E1,-1.741577395E0,1.579432350E0,-3.589024476E0
8.983798654E1,-4.863140953E-1,3.187944074E0,-4.662557482E0
8.985798054E1,1.323267002E0,2.232535349E0,-4.133227175E-1
8.987797354E1,1.845662219E0,-1.540829033E-1,3.024755886E0
8.989796754E1,1.515158879E0,-1.658530560E0,3.777370309E0
8.991796154E1,5.902474764E-1,-2.613796028E0,1.367909617E0
8.993795479E1,-3.645908529E-1,-3.772978465E0,-1.027006273E0
8.995794879E1,-7.419526094E-1,-4.498301008E0,-2.073249885E0
8.997794279E1,-5.154984257E-1,-4.924316862E0,-1.965444185E0
8.999793679E1,-1.366494298E-1,-4.833107314E0,-1.593998349E0
9.001793079E1,3.987429777E-1,-4.090945959E0,-1.501718761E0
9.003792479E1,7.621693575E-1,-2.998310684E0,-1.524042554E0
9.005791879E1,1.350539439E0,-1.888854139E0,-1.342676542E0
9.007791279E1,1.588373620E0,-1.382056662E0,-1.303646816E0
9.009790679E1,1.157530890E0,-1.393762203E0,-1.284019906E0
9.011790079E1,6.202735135E-1,-1.031426037E0,-1.677317079E0
9.013789379E1,4.652066700E-1,-4.077924210E-1,-1.823097667E0
9.015788779E1,-2.643292308E-1,4.363274181E-1,-2.080940436E0
9.017788179E1,-1.047353414E0,1.803687689E0,-1.590171931E0
9.019787579E1,-4.305592860E-1,3.550555059E0,1.176490487E-1
9.021786979E1,3.218228558E-1,4.849198852E0,8.753299373E-1
9.023786379E1,1.051074436E0,5.713788623E0,-1.706467496E-1
9.025785779E1,5.720939183E-1,6.297182871E0,-2.366763300E0
9.027785179E1,-1.523190614E0,4.793253277E0,-2.200572129E0
9.029784579E1,-1.741341898E0,2.785358598E0,1.741840958E0
9.031783979E1,-1.362987577E0,5.370398605E-1,5.978609605E0
9.033783379E1,-5.996489221E-1,-1.250945131E0,8.364755402E0
9.035782779E1,9.977323338E-1,-1.116515889E0,6.836673884E0
9.037782079E1,2.982340184E0,1.077331358E0,1.839864850E0
9.039781479E1,4.871741330E0,3.024821960E0,-1.602448161E0
9.041780879E1,4.745684716E0,2.320085124E0,-1.968963917E0
9.043780279E1,2.792215920E0,-2.362321901E-1,-4.426332016E-1
9.045779679E1,8.954673095E-1,-2.397803975E0,4.919689375E-1
9.047779079E1,-7.123066413E-1,-3.899616292E0,5.233392495E-1
9.049778479E1,-1.337188199E0,-4.853096021E0,3.367966980E-1
9.051777879E1,-1.452928571E0,-5.534238757E0,-2.641620004E-1
9.053777279E1,-6.583587679E-1,-5.439366513E0,-1.188570250E0
9.055776679E1,3.827944046E-1,-4.841742482E0,-1.962553614E0
9.057775979E1,1.010301655E0,-4.103762471E0,-2.179497010E0
9.059775379E1,1.705500805E0,-2.955672787E0,-1.912697622E0
9.061774779E1,2.535319963E0,-1.481944063E0,-1.514926744E0
9.063774179E1,3.582746613E0,1.974587184E-1,-1.055066330E0
9.065773579E1,3.965992130E0,1.477473866E0,-8.630782664E-1
9.067772979E1,2.687901008E0,2.204573379E0,-8.314185172E-1
9.069772379E1,1.479963465E0,2.083762887E0,-2.327940273E-1
9.071771779E1,6.158448324E-1,1.909576671E0,2.397237088E-1
9.073771179E1,-6.640029390E-1,2.284009557E0,-5.712054339E-1
9.075770579E1,-1.318697842E0,3.178719506E0,-1.282305502E0
9.077769879E1,-1.107630752E-1,4.454569682E0,2.012817742E-1
9.079769279E1,1.929347715E0,6.489953876E0,8.709942269E-1
9.081768679E1,6.856687734E-1,6.467546761E0,3.620708491E-1
9.083768079E1,-1.826828483E0,3.510249617E0,1.888757075E0
9.085767479E1,-2.468275495E0,6.000763535E-1,4.221088607E0
9.087766879E1,-2.345197746E0,-1.049650639E0,3.912326970E0
9.089766279E1,-3.518207970E0,-1.130300699E0,4.624040996E-1
9.091765679E1,-3.622483706E0,1.055714786E-2,-2.269641779E0
9.093765067E1,-1.843635866E0,1.629944108E0,-1.624556044E0
9.095764367E1,1.239363258E0,2.009366423E0,1.446802297E0
9.097763767E1,3.048835013E0,1.554184658E0,2.774152994E0
9.099763167E1,2.965088266E0,6.603400970E-1,1.832026219E0
9.101762567E1,1.571390675E0,-1.263288603E0,-4.443182230E-1
9.103761967E1,7.253801385E-1,-3.419662798E0,-1.944337783E0
9.105761367E1,4.743729115E-2,-4.874137226E0,-2.459188045E0
9.107760767E1,-1.772384620E-1,-5.562973729E0,-1.770084910E0
9.109760167E1,-4.330243260E-2,-5.357007896E0,-7.693415523E-1
9.111759567E1,-5.722465307E-2,-5.124774032E0,-3.926224047E-1
9.113758867E1,-2.471773008E-1,-4.923860779E0,-5.663193543E-1
9.115758267E1,3.441150731E-1,-3.797882341E0,-1.291765712E0
9.117757667E1,1.410002845E0,-1.834472110E0,-2.302573298E0
9.119757067E1,1.583786772E0,3.063870835E-1,-2.854829367E0
9.121756467E1,1.478517010E0,1.905540923E0,-1.974191474E0
9.123755867E1,9.618052867E-1,2.919673235E0,-2.377855030E-1
9.125755267E1,-3.949414104E-1,3.383125886E0,6.153829023E-1
9.127754667E1,-1.961475388E0,3.625378954E0,-1.058265634E-1
9.129753967E1,-2.248587125E0,4.773786142E0,-1.418718705E0
9.131753367E1,-1.239912312E0,6.238875021E0,-1.621703627E0
9.133752767E1,-4.228038315E-1,6.640634869E0,-3.395600921E-1
9.135752167E1,-5.947938327E-1,3.856557396E0,4.130343621E0
9.137751567E1,-9.686190471E-1,1.202152455E-1,8.531399878E0
9.139750967E1,-1.118301921E0,-2.438878911E0,9.585500833E0
9.141750367E1,6.088312434E-1,-1.346103303E0,5.287330136E0
9.143749667E1,2.177064714E0,1.628565334E0,-4.002939516E-1
9.145749067E1,3.860039413E0,3.827220161E0,-3.268259674E0
9.147748467E1,5.139248230E0,3.581166987E0,-1.441107693E0
9.149747867E1,3.570649893E0,7.689205527E-1,1.406250979E0
9.151747267E1,8.417049390E-1,-1.968392059E0,1.919315794E0
9.153746667E1,-6.206408648E-1,-3.860077420E0,1.184515791E0
9.155746067E1,-9.043002596E-1,-5.101649464E0,-1.037588418E-3
9.157745367E1,-6.056898268E-1,-5.842284111E0,-1.053829059E0
9.159744767E1,1.786901794E-1,-5.897533282E0,-1.777702078E0
9.161744167E1,9.171971709E-1,-5.467907943E0,-2.126137951E0
9.163743567E1,1.283535610E0,-4.712596200E0,-1.990943601E0
9.165742967E1,1.774739001E0,-3.797098814E0,-1.681842386E0
9.167742367E1,2.544745382E0,-2.481039675E0,-1.491561271E0
9.169741767E1,3.059202126E0,-1.236048764E0,-1.563200480E0
9.171741067E1,3.020556416E0,-2.245915532E-2,-1.797565800E0
9.173740467E1,2.009794293E0,7.358568871E-1,-1.794998434E0
9.175739867E1,4.288776268E-1,1.339105940E0,-1.160372930E0
9.177739267E1,-8.128161854E-1,2.489291266E0,-1.572072168E-1
9.179738667E1,-8.107228822E-1,3.778005901E0,9.767994480E-1
9.181738067E1,2.789632036E-1,4.830564360E0,1.650564167E0
9.183737467E1,1.935230307E0,5.283469219E0,7.444305132E-1
9.185736767E1,2.635367576E0,6.209661162E0,-1.649603031E0
9.187736167E1,-1.650029586E0,6.086536342E0,-3.855500804E0
9.189735567E1,-5.736905590E0,3.259107027E0,1.572427386E-1
9.191734967E1,-5.679031604E0,6.282406372E-1,6.457040484E0
9.193734367E1,-4.913024719E0,-1.083320661E0,8.387336764E0
9.195733804E1,-5.184942466E0,-1.255698332E0,3.913763046E0
9.197733204E1,-2.784700786E0,7.653391331E-1,-9.701678284E-1
9.199732504E1,1.340887002E0,3.188031197E0,-2.994690088E0
9.201731904E1,4.887708614E0,3.199115764E0,-1.998140938E0
9.203731304E1,4.752205823E0,1.564765779E0,-5.683588631E-1
9.205730704E1,2.060682465E0,-1.056824003E0,3.874014258E-2
9.207730104E1,-2.173570856E-1,-3.690202941E0,4.627081548E-1
9.209729504E1,-1.560694071E0,-5.676051863E0,2.653014766E-1
9.211728804E1,-1.891609932E0,-6.264000506E0,-5.689652194E-1
9.213728204E1,-1.108129812E0,-5.972681698E0,-9.306371422E-1
9.215727604E1,-3.060871214E-2,-5.231244813E0,-1.100750041E0
9.217727004E1,9.684550327E-1,-4.228309334E0,-1.266451362E0
9.219726404E1,1.295373152E0,-3.174092605E0,-1.607868822E0
9.221725804E1,1.349087722E0,-2.049735015E0,-1.653520081E0
9.223725104E1,1.233962770E0,-8.101293898E-1,-7.214470088E-1
9.225724504E1,4.003500849E-1,-2.623739219E-1,7.569264516E-1
9.227723904E1,-1.462885648E-1,3.391969800E-1,1.632077172E0
9.229723304E1,2.904195070E-2,1.328645271E0,1.757463549E0
9.231722704E1,9.881668738E-1,2.773923783E0,1.477947929E0
9.233722104E1,2.152547485E0,4.417965528E0,6.691962898E-1
9.235721404E1,2.915593048E0,5.808987141E0,-6.250316852E-1
9.237720804E1,3.317469841E0,6.160495434E0,-1.134394335E0
9.239720204E1,3.173830065E0,5.141317559E0,-5.734709376E-1
9.241719604E1,1.634492218E0,4.398597211E0,-6.304663798E-1
9.243719004E1,-1.896164035E0,1.175440620E0,9.165101230E-1
9.245718404E1,-1.835693447E0,-1.425284543E0,4.557158496E0
9.247717704E1,-1.541797478E0,-2.889628487E0,6.308275623E0
9.249717104E1,-2.322564636E0,-2.869267897E0,4.287799198E0
9.251716504E1,-2.527701333E0,-4.070404691E-1,1.008253960E0
9.253715904E1,-4.306942105E-1,2.960315477E0,8.966611648E-1
9.255715304E1,3.207793032E0,4.057152561E0,2.933835191E0
9.257714604E1,4.754270475E0,2.874071969E0,3.150115804E0
9.259714004E1,1.904626272E0,6.402818084E-2,5.191807097E-1
9.261713404E1,-9.990114123E-1,-2.566067546E0,-1.734473320E0
9.263712804E1,-2.016168343E0,-4.431269698E0,-1.939138147E0
9.265712204E1,-1.467873031E0,-5.453327910E0,-5.253303726E-1
9.267711604E1,-1.586982568E-1,-5.238890047E0,1.433591098E-3
9.269710904E1,1.064602408E0,-4.310324135E0,-5.479548579E-1
9.271710304E1,1.796048155E0,-3.809180331E0,-1.046034282E0
9.273709704E1,2.459955200E0,-3.371999220E0,-1.239604602E0
9.275709104E1,2.837845545E0,-2.895795545E0,-1.498559803E0
9.277708504E1,2.680372718E0,-2.317200692E0,-1.765855034E0
9.279707804E1,1.988788609E0,-1.499643584E0,-1.999248401E0
9.281707204E1,1.401618522E0,-4.426342249E-2,-2.098772835E0
9.283706604E1,1.192595766E0,1.296201995E0,-1.282743605E0
9.285706004E1,1.321051200E-1,1.683045596E0,-3.487063068E-1
9.287705404E1,-1.313849184E0,2.163427107E0,-4.020640500E-1
9.289704704E1,-1.973537755E0,3.474185160E0,-7.250893857E-1
9.291704104E1,-1.460024752E0,4.722735271E0,-2.661196482E-1
9.293703504E1,2.071472624E-1,5.079585580E0,4.572860317E-1
9.295702921E1,2.252039175E0,5.894843563E0,-5.223249038E-1
9.297702321E1,-9.522259395E-1,3.991767826E0,-1.591927850E0
9.299701621E1,-4.021469343E0,9.816790956E-1,1.036447480E-1
9.301701021E1,-4.219116926E0,-7.678394026E-1,3.334760642E0
9.303700421E1,-4.429816080E0,-9.709968174E-1,4.374530071E0
9.305699821E1,-4.010490903E0,8.317675960E-1,2.462098789E0
9.307699221E1,-2.477363823E0,3.134351419E0,1.480427880E0
9.309698521E1,1.222361455E0,3.966734726E0,3.249294230E0
9.311697921E1,4.111649488E0,3.393564336E0,4.122816208E0
9.313697321E1,4.437684093E0,2.360668893E0,2.420549498E0
9.315696721E1,2.004787614E0,-1.554686934E-1,-4.635725194E-1
9.317696121E1,-1.435213700E-1,-2.868390815E0,-2.053302840E0
9.319695421E1,-1.047496232E0,-4.711222689E0,-1.797297851E0
9.321694821E1,-8.260741621E-1,-5.534818801E0,-7.404301406E-1
9.323694221E1,1.016794257E-1,-5.513996866E0,-3.117156512E-1
9.325693621E1,7.400671747E-1,-5.001534022E0,-9.866275942E-1
9.327693021E1,9.772911988E-1,-4.231351056E0,-1.851129073E0
9.329692321E1,1.575763953E0,-3.065298141E0,-1.987868696E0
9.331691721E1,2.171690538E0,-1.847668691E0,-1.511722178E0
9.333691121E1,2.174311991E0,-1.070582501E0,-8.712656839E-1
9.335690521E1,1.521560264E0,-6.403490514E-1,-6.160747741E-1
9.337689921E1,6.130720827E-1,-3.057953453E-1,-8.565404946E-1
9.339689221E1,-2.276916008E-1,1.664509338E-1,-9.745712203E-1
9.341688621E1,-1.039479992E0,1.005482526E0,-1.319012568E0
9.343688021E1,-1.421149831E0,2.384507407E0,-1.791796206E0
9.345687421E1,-1.261436643E0,3.570818000E0,-1.492037088E0
9.347686821E1,-8.617056325E-1,3.810223475E0,-2.194356246E-1
9.349686121E1,6.040800883E-1,4.687383006E0,1.060183521E-1
9.351685521E1,1.611807214E0,6.022172531E0,-1.640046342E0
9.353684921E1,6.408867028E-1,5.909508964E0,-2.168205451E0
9.355684321E1,-4.735181947E-1,3.590881552E0,1.152798300E0
9.357683621E1,1.761967805E-1,3.114583737E-1,5.847834288E0
9.359683021E1,8.058609223E-1,-2.560620280E0,8.485009239E0
9.361682421E1,1.129961561E0,-3.502281032E0,7.079373679E0
9.363681821E1,2.583833141E0,-1.584432305E0,2.565926628E0
9.365681221E1,4.803322475E0,1.546585616E0,-1.113387190E0
9.367680521E1,5.908434246E0,2.919498988E0,-2.369566894E0
9.369679921E1,4.049702331E0,1.593494319E0,-1.659511577E0
9.371679321E1,1.072679459E0,-9.190226716E-1,-5.468169898E-2
9.373678721E1,-1.566551373E0,-3.187814850E0,1.028477286E0
9.375678021E1,-2.913194520E0,-4.676872051E0,1.350826391E0
9.377677421E1,-3.006629810E0,-5.549423976E0,8.324359328E-1
9.379676821E1,-1.553592189E0,-5.367521190E0,-3.568541095E-1
9.381676221E1,4.095536023E-2,-4.673046802E0,-1.671699221E0
9.383675521E1,1.391014743E0,-3.649433815E0,-2.482329278E0
9.385674921E1,2.757473227E0,-2.462627962E0,-2.851153808E0
9.387674321E1,3.538848349E0,-9.596005940E-1,-2.727783989E0
9.389673721E1,3.389095309E0,3.785101497E-1,-2.220560397E0
9.391673121E1,2.349851983E0,1.047053890E0,-8.625226347E-1
9.393672421E1,7.464543808E-1,6.563242292E-1,9.763324016E-1
9.395671792E1,-4.804180554E-1,3.506464130E-1,1.679686371E0
9.397671192E1,-8.385415953E-1,7.223989356E-1,1.038120514E0
9.399670592E1,2.392886759E-1,2.463653564E0,-6.505559510E-1
9.401669892E1,1.377439409E0,4.166663893E0,-2.200995467E0
9.403669292E1,1.971994383E0,5.348083291E0,-2.694641971E0
9.405668692E1,2.608404603E0,4.952643113E0,-7.040135354E-1
9.407668092E1,2.059981822E0,5.191383759E0,-4.658969338E-1
9.409667392E1,-2.437472363E0,4.008633535E0,-3.926376805E-1
9.411666792E1,-4.725183208E0,1.968596712E0,1.964700273E0
9.413666192E1,-4.343037552E0,2.477944744E-1,4.914007051E0
9.415665592E1,-3.484364578E0,-2.196605963E-1,4.843698376E0
9.417664892E1,-3.582632300E0,2.358486128E-1,2.170366582E0
9.419664292E1,-1.853036727E0,1.206828473E0,2.606402224E-1
9.421663692E1,1.375075818E0,1.378520266E0,3.510708477E-1
9.423663092E1,4.318947608E0,8.151199883E-1,3.529032920E-1
9.425662392E1,5.018811960E0,1.796030760E-2,-5.534091407E-1
9.427661792E1,2.100941421E0,-2.013553029E0,-1.381720594E0
9.429661192E1,1.057077187E-1,-4.418218712E0,-1.324677789E0
9.431660592E1,-8.715254465E-1,-5.868200725E0,-9.378479286E-1
9.433659892E1,-1.196498490E0,-6.005579302E0,-9.368281741E-1
9.435659292E1,-5.793011963E-1,-5.103176172E0,-7.126095271E-1
9.437658692E1,7.606432343E-1,-3.608667612E0,-2.941121699E-1
9.439658092E1,1.729661646E0,-2.445183964E0,-6.216638352E-1
9.441657392E1,2.097698848E0,-1.592279268E0,-1.619075449E0
9.443656792E1,2.031214544E0,-9.716733402E-1,-2.128988176E0
9.445656192E1,1.795134528E0,-6.138190645E-1,-1.935734044E0
9.447655592E1,1.222295967E0,-1.306115949E-1,-1.626918173E0
9.449654892E1,3.526632638E-1,5.953512186E-1,-1.327640281E0
9.451654292E1,-4.152448435E-1,1.767740176E0,-1.237416574E0
9.453653692E1,-7.367259295E-1,3.560751434E0,-1.475751861E0
9.455653092E1,-1.200435859E0,5.065094426E0,-1.572765501E0
9.457652392E1,-9.301122084E-1,5.625109166E0,-1.002287753E0
9.459651792E1,-3.795344357E-1,5.920799353E0,-2.943682779E-1
9.461651192E1,-1.268162111E0,4.321291757E0,1.432375900E0
9.463650592E1,-1.906050800E0,2.040979979E0,4.259548668E0
9.465649892E1,-1.338647226E0,-5.352283931E-1,7.816464329E0
9.467649292E1,-1.939191064E-1,-1.195870791E0,9.116740664E0
9.469648692E1,2.649066433E0,1.790415094E0,4.952721466E0
9.471648092E1,5.480243813E0,5.192411699E0,1.461143178E-1
9.473647392E1,4.736944005E0,4.237802289E0,-1.891553798E0
9.475646792E1,1.663399244E0,1.550324911E-1,-7.610958087E-1
9.477646192E1,-1.783313066E-2,-2.538829461E0,5.015566170E-1
9.479645592E1,-1.258705555E0,-4.098214633E0,6.963459353E-1
9.481644892E1,-1.403784916E0,-4.964508868E0,2.153301483E-1
9.483644292E1,-7.644288678E-1,-5.283807773E0,-9.115288800E-1
9.485643692E1,1.878289390E-1,-5.276267788E0,-1.789348123E0
9.487642992E1,1.373150184E0,-4.952656562E0,-2.325613666E0
9.489642392E1,2.137756514E0,-4.157707129E0,-2.617358152E0
9.491641792E1,2.354699471E0,-3.459700438E0,-2.126004634E0
9.493641192E1,2.248743392E0,-2.482326062E0,-1.255430822E0
9.495640442E1,2.013340775E0,-1.240654031E0,-7.761418641E-1
9.497639842E1,1.849298164E0,-2.409929931E-1,-2.428886604E-1
9.499639242E1,1.695716951E0,6.539993763E-1,-2.856395544E-1
9.501638642E1,1.132756969E0,1.243934904E0,-7.652619499E-1
9.503637942E1,-1.739135890E-1,1.402147695E0,-1.182686051E0
9.505637342E1,-6.324808918E-1,2.501243559E0,-1.281231954E0
9.507636742E1,-4.434864566E-2,4.514092584E0,-1.174908523E0
9.509636042E1,1.839567227E0,5.617063982E0,5.155079274E-1
9.511635442E1,3.356750266E0,5.960303142E0,1.094017995E0
9.513634842E1,2.389140156E-1,5.326179621E0,-1.172127002E0
9.515634242E1,-4.853678111E0,3.346255683E0,-1.719251994E0
9.517633542E1,-5.797728328E0,6.887762761E-1,2.664171546E0
9.519632942E1,-3.757805525E0,-9.684415841E-1,6.989984955E0
9.521632342E1,-3.152286291E0,-1.062088836E0,6.082312898E0
9.523631642E1,-3.412514285E0,7.877696371E-1,7.762167084E-1
9.525631042E1,-1.622931834E0,3.223067713E0,-2.373573260E0
9.527630442E1,1.548992330E0,4.068125446E0,-1.117613557E0
9.529629842E1,3.546944404E0,2.225470158E0,1.831822005E0
9.531629142E1,2.480849056E0,-1.160929585E-1,2.597651866E0
9.533628542E1,7.365658620E-1,-1.733781887E0,6.087454355E-1
9.535627942E1,-6.403426194E-1,-3.701312066E0,-9.667752738E-1
9.537627242E1,-1.372000329E0,-5.614961908E0,-1.506182672E0
9.539626642E1,-1.101184489E0,-6.377960401E0,-1.440905380E0
9.541626042E1,1.025250793E-2,-5.989829827E0,-1.497251489E0
9.543625342E1,9.439177769E-1,-4.997645624E0,-1.796854632E0
9.545624742E1,1.324429136E0,-3.917362592E0,-2.061808346E0
9.547624142E1,1.526112614E0,-2.744605259E0,-2.278295220E0
9.549623542E1,1.338710376E0,-1.552821087E0,-2.293747072E0
9.551622842E1,8.978981432E-1,-6.105159724E-1,-1.829651080E0
9.553622242E1,-8.148401991E-2,-3.281831646E-1,-8.863468225E-1
9.555621642E1,-6.501103932E-1,9.424776077E-2,-2.182429388E-2
9.557620942E1,-5.940822266E-1,1.147363459E0,-1.645535123E-1
9.559620342E1,-3.848092090E-1,2.599702485E0,-1.210485907E0
9.561619742E1,2.108232607E-1,4.333613010E0,-1.951184434E0
9.563619042E1,5.707740556E-1,5.458355931E0,-1.765045779E0
9.565618442E1,1.142763309E0,5.674756120E0,-6.898084559E-1
9.567617842E1,4.267847621E-1,5.770621220E0,-8.113738234E-1
9.569617242E1,-1.417252077E0,4.025364173E0,3.682542796E-1
9.571616542E1,-2.383077763E0,1.529953796E0,3.222679458E0
9.573615942E1,-2.468133116E0,-7.532488453E-1,5.923629405E0
9.575615342E1,-1.492108716E0,-1.839407744E0,7.225145935E0
9.577614642E1,1.169122849E0,-4.181554413E-1,4.777162324E0
9.579614042E1,3.977425776E0,2.433587766E0,6.730922896E-1
9.581613442E1,5.021744338E0,3.558966864E0,-1.474728745E0
9.583612742E1,3.309826945E0,1.323577489E0,-9.390236574E-1
9.585612142E1,1.271804049E0,-9.944920993E-1,2.145945686E-1
9.587611542E1,-4.901712111E-1,-2.559613389E0,5.203226709E-1
9.589610942E1,-1.295337630E0,-3.635034462E0,5.063371544E-1
9.591610242E1,-1.318097040E0,-4.428824977E0,1.065427011E-1
9.593609642E1,-5.593643837E-1,-4.895868988E0,-5.431490314E-1
9.595609129E1,3.409362343E-1,-4.909743261E0,-1.363106129E0
9.597608429E1,1.386375270E0,-4.641686431E0,-1.994956691E0
9.599607829E1,1.601933898E0,-3.877429617E0,-2.692133223E0
9.601607229E1,1.653372293E0,-2.860873049E0,-2.903106903E0
9.603606529E1,1.917869339E0,-1.394076784E0,-2.373611705E0
9.605605929E1,2.617987605E0,-3.170494813E-1,-9.200330704E-1
9.607605329E1,2.720265639E0,3.130172414E-1,1.766809300E-1
9.609604629E1,1.806416584E0,9.474746382E-1,-1.040490098E-1
9.611604029E1,3.677011330E-1,1.426047020E0,-9.993775941E-1
9.613603429E1,-6.282983784E-1,2.522808090E0,-1.456989900E0
9.615602729E1,-4.055739874E-1,4.039123256E0,-8.453465849E-1
9.617602129E1,7.250041625E-1,4.927980142E0,8.021619737E-1
9.619601529E1,2.599154601E0,5.738077372E0,1.604612654E0
9.621600829E1,1.425227387E0,6.299449836E0,-7.650513040E-1
9.623600229E1,-2.802528362E0,4.359889228E0,-1.510280839E0
9.625599629E1,-4.289598971E0,1.760258079E0,1.677411366E0
9.627598929E1,-3.722457937E0,-5.424263155E-1,5.543863859E0
9.629598329E1,-3.447350826E0,-1.718921188E0,6.425699408E0
9.631597729E1,-4.559374299E0,-1.208781443E0,2.402529695E0
9.633597029E1,-4.075557257E0,1.536027884E0,-1.784725899E0
9.635596429E1,-1.062820323E0,3.698538147E0,-1.567096626E0
9.637595829E1,2.595494828E0,2.924794811E0,1.808800348E0
9.639595129E1,3.472019059E0,9.043239409E-1,3.240961947E0
9.641594529E1,2.087791033E0,-1.079495997E0,1.434278876E0
9.643593929E1,3.905919591E-1,-3.107904462E0,-1.137549931E0
9.645593229E1,-3.024440137E-1,-4.727305455E0,-2.078806202E0
9.647592629E1,-2.708341120E-1,-5.617004925E0,-1.901837296E0
9.649592029E1,-1.574525075E-1,-5.692182577E0,-1.315427055E0
9.651591329E1,3.063416214E-1,-5.313387668E0,-7.436583884E-1
9.653590729E1,6.152978253E-1,-4.683831407E0,-7.951406372E-1
9.655590129E1,8.834809560E-1,-3.551678894E0,-1.571610384E0
9.657589429E1,1.072874756E0,-2.283917171E0,-2.274963476E0
9.659588829E1,1.207032249E0,-1.012181681E0,-2.368821228E0
9.661588229E1,9.700276414E-1,-9.693572581E-2,-1.718491418E0
9.663587529E1,3.013295344E-1,1.079817009E-1,-8.382701384E-1
9.665586929E1,-8.410246155E-1,2.813183159E-1,-9.786015598E-1
9.667586329E1,-1.618315604E0,1.421010813E0,-1.721305098E0
9.669585629E1,-1.453124599E0,3.505594649E0,-1.887997668E0
9.671585029E1,-3.912383687E-1,5.678581953E0,-9.903850150E-1
9.673584429E1,1.387040975E0,6.761112655E0,8.520030552E-1
9.675583729E1,1.200538770E0,6.327657389E0,1.029209211E0
9.677583129E1,-1.412994573E0,4.291851026E0,7.600148048E-1
9.679582529E1,-2.704924884E0,2.016016461E0,1.901372443E0
9.681581829E1,-2.726843757E0,1.820086205E-1,4.005692385E0
9.683581229E1,-1.404350634E0,-9.952855664E-1,6.176674680E0
9.685580629E1,4.509287927E-1,-7.393652165E-1,5.971133355E0
9.687579929E1,3.157859564E0,1.260493049E0,2.591408794E0
9.689579329E1,4.419984571E0,2.521714076E0,-1.201252276E0
9.691578729E1,2.781198889E0,1.185141150E0,-2.832877750E0
9.693578029E1,8.464864996E-1,-8.802228874E-1,-1.838060546E0
9.695577358E1,-2.437186727E-1,-2.452526897E0,1.508626954E-1
9.697576658E1,-8.250419824E-1,-3.509074911E0,1.073459916E0
9.699576058E1,-1.036093869E0,-4.275840181E0,3.049415056E-1
9.701575458E1,-9.464326644E-1,-4.994433163E0,-1.004722388E0
9.703574758E1,-1.893176401E-1,-4.985047213E0,-2.013302476E0
9.705574158E1,8.999062233E-1,-4.404160252E0,-2.456483123E0
9.707573558E1,1.728323803E0,-3.539755252E0,-2.186996064E0
9.709572858E1,2.008642099E0,-2.672275202E0,-1.685514876E0
9.711572258E1,2.043017734E0,-1.635163917E0,-1.026450787E0
9.713571658E1,2.332816120E0,-8.374189299E-1,-9.880595773E-2
9.715570958E1,2.179364424E0,-3.841351712E-1,3.029135451E-1
9.717570358E1,1.647761889E0,9.475763798E-2,-2.826329161E-1
9.719569758E1,8.052462338E-1,9.543609041E-1,-1.328617789E0
9.721569058E1,-1.398007867E-1,2.115572324E0,-1.920501170E0
9.723568458E1,5.998073816E-3,3.593935552E0,-1.318571834E0
9.725567758E1,5.247911131E-1,4.491586066E0,1.146719389E-1
9.727567158E1,1.283885566E0,4.620333568E0,1.519316542E0
9.729566558E1,1.845177631E0,5.925588807E0,5.280971289E-2
9.731565858E1,-1.408497772E0,5.641531071E0,-2.150753121E0
9.733565258E1,-5.183191810E0,3.367440730E0,-5.780272342E-1
9.735564658E1,-5.347755847E0,3.988976365E-1,4.250009521E0
9.737563958E1,-4.280883989E0,-1.474568385E0,7.017511892E0
9.739563358E1,-4.966156029E0,-1.409169617E0,3.897047026E0
9.741562658E1,-3.860922343E0,6.249498242E-1,-8.531194349E-1
9.743562058E1,-1.581744339E0,2.844141242E0,-2.657829655E0
9.745561458E1,1.897774359E0,3.089001583E0,-2.395418604E-1
9.747560758E1,3.482213387E0,1.518436536E0,2.261334640E0
9.749560158E1,2.459716049E0,-5.732785642E-1,2.462126856E0
9.751559558E1,7.000672495E-1,-2.633294154E0,4.403532261E-1
9.753558858E1,-3.295593068E-1,-4.595616803E0,-1.041099232E0
9.755558258E1,-6.423936765E-1,-5.830374502E0,-1.710088969E0
9.757557558E1,-2.861133251E-1,-5.935110413E0,-1.814560732E0
9.759556958E1,5.967719458E-1,-5.193699841E0,-1.789033543E0
9.761556358E1,1.190652297E0,-4.133724189E0,-1.953420264E0
9.763555658E1,1.130991987E0,-3.024141929E0,-2.180605788E0
9.765555058E1,8.356644729E-1,-1.968810135E0,-2.041323503E0
9.767554458E1,5.673914413E-1,-1.196055563E0,-1.579509387E0
9.769553758E1,-4.093357936E-2,-6.532895243E-1,-1.238060791E0
9.771553158E1,-1.066974477E0,-5.278509611E-1,-1.150916959E0
9.773552458E1,-2.104520210E0,-9.497573912E-2,-1.068245808E0
9.775551858E1,-2.037341111E0,1.464584264E0,-1.249426170E0
9.777551258E1,-6.479866844E-1,3.552163628E0,-1.379812501E0
9.779550558E1,7.599842530E-1,5.469456285E0,-1.100197479E0
9.781549958E1,1.501050425E0,6.412420381E0,-1.103985890E0
9.783549258E1,2.565256830E-1,6.194649605E0,-1.514818425E0
9.785548658E1,-1.689634531E0,5.038025326E0,-4.830590965E-1
9.787548058E1,-2.586893866E0,3.278018092E0,2.556661423E0
9.789547358E1,-2.127784819E0,8.535268396E-1,6.357392235E0
9.791546758E1,-7.706292553E-1,-1.251455008E0,8.774240007E0
9.793546158E1,2.377220607E-1,-1.735833675E0,7.065942625E0
9.795545508E1,1.809694972E0,2.327782398E-1,1.589598904E0
9.797544908E1,3.778756683E0,2.112008446E0,-2.355224551E0
9.799544208E1,4.791809015E0,2.187386073E0,-3.432702089E0
9.801543608E1,3.379337475E0,-2.490867090E-1,-1.672212021E0
9.803543008E1,1.589689828E0,-2.533441252E0,2.853084558E-1
9.805542308E1,-3.501575857E-2,-3.826147197E0,6.994547537E-1
9.807541708E1,-1.369682492E0,-4.715884089E0,8.745505035E-2
9.809541008E1,-2.231855025E0,-5.198561801E0,-7.308095706E-1
9.811540408E1,-2.367659971E0,-5.184900366E0,-1.107932468E0
9.813539808E1,-1.102847145E0,-4.436320522E0,-8.968582159E-1
9.815539108E1,2.120197472E-1,-3.690662532E0,-6.405509265E-1
9.817538508E1,1.673551180E0,-2.506331221E0,-7.414494565E-1
9.819537808E1,2.910313012E0,-1.251778359E0,-1.003103878E0
9.821537208E1,3.558383019E0,-6.666574287E-1,-1.086368229E0
9.823536608E1,3.340959275E0,-3.650416732E-1,-1.423565315E0
9.825535908E1,2.289760294E0,5.475917459E-3,-1.834279005E0
9.827535308E1,1.182551857E0,6.280102569E-1,-1.880351264E0
9.829534608E1,-1.549589624E-1,1.551371562E0,-1.446487863E0
9.831534008E1,-9.667187020E-1,3.066571664E0,-4.769183506E-1
9.833533408E1,-9.652213763E-1,4.202989721E0,7.756645851E-1
9.835532708E1,3.379009447E-1,4.498406843E0,1.916283281E0
9.837532108E1,2.290858547E0,5.251822919E0,8.155228615E-1
9.839531408E1,9.767175870E-1,6.413753546E0,-2.824765908E0
9.841530808E1,-3.063098418E0,5.095578884E0,-3.949928659E0
9.843530108E1,-4.314376255E0,1.967279919E0,1.301184407E0
9.845529508E1,-3.374938615E0,-9.327677214E-1,6.594893855E0
9.847528908E1,-3.520723734E0,-2.478416614E0,7.340396309E0
9.849528208E1,-5.038999472E0,-1.855169499E0,2.302224219E0
9.851527608E1,-4.830593888E0,7.036276191E-1,-2.339006129E0
9.853526908E1,-1.659124199E0,3.337305935E0,-2.544332276E0
9.855526308E1,2.508819212E0,3.186809129E0,1.136391598E0
9.857525708E1,4.465068651E0,1.318125545E0,3.588139207E0
9.859525008E1,3.136523367E0,-1.111889572E0,2.858210227E0
9.861524408E1,1.375967226E0,-2.995257268E0,1.813038848E-1
9.863523708E1,2.473076937E-1,-4.878549535E0,-1.665445477E0
9.865523108E1,-7.204357329E-1,-6.093793321E0,-2.768637900E0
9.867522408E1,-1.239303617E0,-6.271395480E0,-2.688091920E0
9.869521808E1,-8.440230677E-1,-5.493833912E0,-1.374651164E0
9.871521208E1,-1.936657758E-1,-4.246360858E0,1.546920370E-1
9.873520508E1,6.270945829E-1,-2.731757172E0,4.717697310E-1
9.875519908E1,1.053964568E0,-1.415018587E0,-6.505531736E-1
9.877519208E1,1.288380321E0,-5.629512119E-1,-1.865076436E0
9.879518608E1,1.386420586E0,-3.342356175E-1,-2.171071756E0
9.881518008E1,1.548066862E0,1.467276907E-1,-2.308192033E0
9.883517308E1,7.139384530E-1,9.698449159E-1,-2.581960863E0
9.885516708E1,-6.237517297E-1,2.249012218E0,-2.679846177E0
9.887516008E1,-1.778143835E0,3.138311153E0,-1.401968917E0
9.889515408E1,-1.607869114E0,3.782935104E0,6.554471469E-1
9.891514708E1,-2.562397541E-1,4.151307351E0,2.180457707E0
9.893514108E1,6.876389927E-1,5.531310471E0,7.413572167E-1
9.895513429E1,-5.126946858E-1,5.197354351E0,-9.539656323E-1
9.897512729E1,-2.641462129E0,2.850510029E0,1.594306205E-1
9.899512129E1,-2.800937627E0,4.018832248E-1,3.514914526E0
9.901511429E1,-1.843732491E0,-1.123888643E0,6.197767925E0
9.903510829E1,2.528240300E-1,-1.205323400E0,6.643932114E0
9.905510129E1,2.846965155E0,8.423417008E-1,3.727405266E0
9.907509529E1,4.187717963E0,2.837459629E0,-2.752091449E-1
9.909508929E1,3.944708850E0,2.625360652E0,-1.989481358E0
9.911508229E1,1.532146356E0,-8.043195963E-2,-1.362242787E0
9.913507629E1,-1.835986246E-1,-2.141470812E0,-4.961830258E-2
9.915506929E1,-1.102627143E0,-3.431309282E0,8.790041815E-1
9.917506329E1,-1.764153202E0,-4.286224251E0,4.228922707E-1
9.919505629E1,-1.515433698E0,-4.692836119E0,-4.363975847E-1
9.921505029E1,-1.954474224E-1,-4.471047136E0,-1.174430367E0
9.923504329E1,1.278888536E0,-3.859744713E0,-1.642040681E0
9.925503729E1,2.198104019E0,-3.340487405E0,-1.949854047E0
9.927503129E1,2.038175216E0,-2.643354873E0,-2.086475410E0
9.929502429E1,1.558673419E0,-1.853688399E0,-1.676065921E0
9.931501829E1,1.029894359E0,-1.192489931E0,-3.988514435E-1
9.933501129E1,1.315666791E0,-7.526728946E-1,1.188958213E0
9.935500529E1,1.850010647E0,-3.064718682E-1,1.030641925E0
9.937499829E1,8.905755289E-1,2.879168987E-3,-9.271105403E-1
9.939499229E1,-5.308814268E-1,6.049921077E-1,-2.062570969E0
9.941498529E1,-4.783604202E-1,2.115916725E0,-1.401837647E0
9.943497929E1,4.216507606E-1,3.962544612E0,2.124270058E-1
9.945497329E1,1.794285804E0,4.916612570E0,1.610216187E0
9.947496629E1,2.907512780E0,4.991125394E0,6.060609788E-1
9.949496029E1,1.375871916E0,5.019262195E0,-2.673025984E0
9.951495329E1,-2.936713775E0,4.171523514E0,-4.006654252E0
9.953494729E1,-4.928893477E0,2.850607093E0,-1.242697779E-1
9.955494029E1,-3.616790856E0,9.239454424E-1,5.814633797E0
9.957493429E1,-1.578659933E0,-7.466081625E-1,8.582419758E0
9.959492729E1,-2.642345059E0,-1.117996404E0,3.847570226E0
9.961492129E1,-4.260751441E0,-2.785753870E-1,-2.436942313E0
9.963491529E1,-2.986518604E0,1.757393528E0,-5.021798133E0
9.965490829E1,1.105015585E0,2.837980031E0,-1.095976374E0
9.967490229E1,4.357028770E0,2.009000972E0,2.822967305E0
9.969489529E1,3.581679788E0,-3.388110638E-2,3.792673057E0
9.971488929E1,8.028275330E-1,-1.980463051E0,1.201444284E0
9.973488229E1,-7.356096961E-1,-3.737388217E0,-1.203917729E0
9.975487629E1,-1.308320349E0,-5.068802730E0,-2.072988222E0
9.977486929E1,-1.236846470E0,-5.739653197E0,-1.829891401E0
9.979486329E1,-1.028845953E0,-5.449040732E0,-1.162486259E0
9.981485629E1,-6.253861727E-1,-4.559782727E0,-6.613972735E-1
9.983485029E1,7.981054679E-2,-3.265654739E0,-4.453538380E-1
9.985484329E1,6.450186378E-1,-1.702422684E0,-8.301362959E-1
9.987483729E1,9.549637520E-1,-4.028503543E-1,-1.506631007E0
9.989483129E1,1.173003208E0,-3.065724403E-1,-1.381218172E0
9.991482429E1,6.931885850E-1,-7.291273266E-1,-1.123600521E0
9.993481829E1,3.553937674E-2,-7.341658723E-1,-1.517250866E0
9.995481217E1,-7.418606620E-1,1.779290181E-1,-2.251790083E0
9.997480617E1,-7.008398129E-1,1.796675708E0,-2.266251417E0
9.999479917E1,-4.655386457E-1,3.353346017E0,-1.182661419E0
1.000147932E2,-3.568270661E-1,4.280495149E0,1.777631034E-1
1.000347862E2,2.122822141E-1,4.610531881E0,6.294760808E-1
1.000547802E2,7.531211568E-1,5.462585222E0,-6.270787954E-1
1.000747732E2,-5.946143232E-1,5.024152222E0,-1.368290563E0
1.000947672E2,-1.459850651E0,3.136653467E0,1.016436700E0
1.001147602E2,-1.970045067E0,1.111038217E0,3.934434122E0
1.001347542E2,-1.467927410E0,-6.998830622E-1,6.256002685E0
1.001547472E2,-9.757723846E-2,-1.167873738E0,6.510368845E0
1.001747412E2,2.033930722E0,1.651967061E-1,3.282468992E0
1.001947352E2,4.076691617E0,2.066246383E0,-6.804913563E-1
1.002147282E2,3.350501054E0,1.707796276E0,-2.721148569E0
1.002347222E2,1.119019374E0,-4.665645397E-1,-2.125813138E0
1.002547152E2,-3.895140979E-1,-2.175498099E0,-4.044027901E-1
1.002747092E2,-1.584337872E0,-3.381390433E0,7.391617334E-1
1.002947022E2,-2.309036664E0,-4.081001599E0,7.901254803E-1
1.003146962E2,-2.363568235E0,-4.478389485E0,1.875919805E-1
1.003346892E2,-1.255480523E0,-4.164782844E0,-5.267234717E-1
1.003546832E2,1.419052727E-1,-3.749101945E0,-1.148946885E0
1.003746762E2,1.138097962E0,-3.305738572E0,-1.916655895E0
1.003946702E2,1.628635208E0,-2.645449346E0,-2.290899478E0
1.004146632E2,2.013491926E0,-1.736581534E0,-2.010215292E0
1.004346572E2,2.422309364E0,-6.182664567E-1,-1.230168365E0
1.004546502E2,2.539203975E0,-7.061214566E-2,-3.349209112E-1
1.004746442E2,1.560010093E0,4.955164433E-2,-5.416691011E-1
1.004946372E2,2.875441387E-2,1.575590730E-1,-1.446590774E0
1.005146312E2,-1.167210810E0,3.636892122E-1,-1.466559454E0
1.005346242E2,-1.399826058E0,1.593007246E0,-6.917555787E-1
1.005546182E2,-8.358849129E-1,3.445946617E0,-2.669677868E-2
1.005746112E2,-2.445233957E-1,4.419199290E0,9.171911775E-1
1.005946052E2,1.016322679E0,4.504807205E0,1.489841458E0
1.006145992E2,1.291076472E0,4.965256142E0,-9.182520816E-1
1.006345922E2,-1.599117733E0,4.060011265E0,-3.122914850E0
1.006545852E2,-3.631401879E0,2.490544909E0,-1.731779215E0
1.006745792E2,-3.947621933E0,5.344121218E-1,2.460440519E0
1.006945732E2,-3.212145115E0,-1.032467426E0,5.669342768E0
1.007145662E2,-3.471315932E0,-1.096135418E0,4.585247936E0
1.007345602E2,-3.064456726E0,4.962713188E-1,4.746448070E-1
1.007545532E2,-1.531162708E0,2.764036142E0,-1.668210626E0
1.007745472E2,1.519028712E0,3.406001363E0,-2.807774484E-1
1.007945402E2,3.178141801E0,1.327766435E0,2.041092830E0
1.008145342E2,2.068724433E0,-9.525131840E-1,2.096570335E0
1.008345272E2,6.667916223E-1,-2.400500711E0,1.450027621E-1
1.008545212E2,1.967169991E-1,-3.580723184E0,-1.376653835E0
1.008745142E2,-5.338291544E-1,-4.508776295E0,-2.181721875E0
1.008945082E2,-1.078984512E0,-4.984846653E0,-2.112377990E0
1.009145012E2,-1.265825125E0,-4.607769071E0,-1.468115252E0
1.009344952E2,-1.101675948E0,-3.818042371E0,-7.228977031E-1
1.009544873E2,-5.063922644E-1,-2.725950302E0,-3.458781548E-1
1.009744813E2,2.752458362E-1,-1.680992054E0,-6.444906342E-1
1.009944743E2,7.783329619E-1,-1.276305674E0,-1.214088595E0
1.010144683E2,1.058077646E0,-1.403797195E0,-1.417718831E0
1.010344613E2,1.130251729E0,-1.359626743E0,-1.669296892E0
1.010544553E2,8.738436482E-1,-4.455449688E-1,-2.224049869E0
1.010744483E2,-8.592081405E-2,1.004302558E0,-2.765437719E0
1.010944423E2,-1.107059260E0,2.800687659E0,-1.703354584E0
1.011144353E2,-6.723966171E-1,4.007606179E0,9.499357313E-1
1.011344293E2,3.439601219E-1,4.718972588E0,2.519647670E0
1.011544223E2,6.502567197E-1,5.492558050E0,6.246621412E-1
1.011744163E2,-2.840457496E-1,6.068137493E0,-2.504805098E0
1.011944093E2,-1.043553235E0,5.628860155E0,-3.290676144E0
1.012144033E2,-2.088209840E0,3.601732230E0,3.145533049E-1
1.012343963E2,-1.592204424E0,4.981014973E-1,5.666956519E0
1.012543903E2,-4.889507510E-1,-2.237543489E0,9.144127852E0
1.012743833E2,3.006428520E-1,-2.856672994E0,7.585125673E0
1.012943773E2,1.166775704E0,-9.339126062E-1,1.829758084E0
1.013143703E2,2.752763002E0,1.576438576E0,-2.563491848E0
1.013343643E2,3.522633435E0,1.947228647E0,-4.090319722E0
1.013543573E2,2.343958428E0,-1.885083854E-2,-2.364553637E0
1.013743503E2,1.164055433E0,-2.036989839E0,6.301354274E-2
1.013943443E2,6.548201792E-2,-3.494474999E0,1.214647809E0
1.014143373E2,-1.029370156E0,-4.446810427E0,1.014746854E0
1.014343313E2,-1.906030481E0,-5.145374942E0,7.123195052E-2
1.014543243E2,-1.828203164E0,-5.249488710E0,-5.986525565E-1
1.014743183E2,-7.945458291E-1,-4.482567905E0,-1.130439278E0
1.014943113E2,2.432147889E-1,-3.388121747E0,-1.195426987E0
1.015143053E2,1.697848992E0,-2.072571316E0,-1.011457796E0
1.015342983E2,2.869671355E0,-5.979432893E-1,-1.087654032E0
1.015542923E2,3.493314911E0,-5.473987877E-2,-1.113578832E0
1.015742853E2,2.494613694E0,-4.268315399E-1,-1.394801254E0
1.015942793E2,1.318145426E0,-5.093667430E-1,-1.396961215E0
1.016142723E2,3.001695929E-1,8.133243084E-2,-1.421294988E0
1.016342663E2,-6.526276195E-1,7.918872464E-1,-9.297664918E-1
1.016542593E2,-7.092235507E-1,1.958824260E0,-5.137480617E-2
1.016742533E2,2.209521000E-1,3.804756328E0,1.846060999E-1
1.016942463E2,7.453898951E-1,4.828951698E0,-1.049284311E-1
1.017142403E2,1.098810520E0,4.988705816E0,-4.875042960E-2
1.017342333E2,9.819621009E-1,5.584946980E0,-6.036969495E-1
1.017542273E2,-9.065080221E-1,4.601403208E0,-7.048404048E-1
1.017742203E2,-2.429381425E0,2.110815030E0,1.521150813E0
1.017942143E2,-2.747429464E0,-4.421816504E-1,3.842430523E0
1.018142073E2,-2.922370263E0,-1.285619119E0,3.871071939E0
1.018342013E2,-3.709737027E0,-3.347636211E-1,5.424303355E-1
1.018541943E2,-4.000581919E0,2.025024682E0,-2.433635859E0
1.018741873E2,-1.570815455E0,3.580040814E0,-9.511373341E-2
1.018941813E2,1.781095802E0,1.964436418E0,3.974712083E0
1.019141743E2,3.604714310E0,-4.076310378E-1,5.508061942E0
1.019341683E2,2.540613739E0,-1.827539651E0,2.044072133E0
1.019541618E2,1.197639720E0,-2.779397947E0,-1.851170588E0
1.019741558E2,-1.971919392E-1,-4.022979679E0,-3.843812805E0
1.019941488E2,-8.468053190E-1,-4.813464178E0,-3.270607331E0
1.020141428E2,-1.089841914E0,-5.150708773E0,-1.120141162E0
1.020341358E2,-9.868825328E-1,-4.519469683E0,4.032735465E-1
1.020541298E2,-4.636160812E-1,-3.442893786E0,4.843197562E-1
1.020741228E2,7.393658012E-2,-2.339292642E0,-6.095342249E-1
1.020941168E2,7.352666107E-1,-1.386481835E0,-1.663165063E0
1.021141098E2,1.123055853E0,-1.243653653E0,-1.991130273E0
1.021341038E2,1.298138739E0,-1.306770837E0,-1.941936186E0
1.021540968E2,1.226341947E0,-9.834057784E-1,-2.042358899E0
1.021740898E2,6.399577264E-1,-7.860412002E-2,-2.196565032E0
1.021940838E2,-1.156589489E-1,1.125900670E0,-1.879359430E0
1.022140768E2,-5.300557999E-1,2.511313634E0,-1.324010183E0
1.022340708E2,-9.957119747E-1,3.627317891E0,-6.017831558E-1
1.022540638E2,-1.386496453E0,4.081720807E0,3.100193739E-1
1.022740578E2,-7.763727560E-1,4.478091862E0,1.028677773E0
1.022940508E2,2.878623734E-1,5.654573286E0,-3.707150804E-1
1.023140448E2,-5.645124916E-1,4.826790567E0,-9.237244177E-1
1.023340378E2,-1.172896277E0,2.677000921E0,1.385315170E0
1.023540318E2,-8.078724376E-1,7.053794450E-1,4.136073600E0
1.023740248E2,-5.054674541E-1,-5.811114943E-1,5.870108086E0
1.023940178E2,-8.555404745E-2,-9.340447533E-1,5.542447663E0
1.024140118E2,1.263765297E0,5.912488121E-1,3.091315911E0
1.024340048E2,2.725795936E0,1.789036320E0,7.448406954E-1
1.024539988E2,3.119911720E0,7.978297716E-1,-9.198313415E-2
1.024739918E2,1.792872679E0,-7.927193052E-1,-8.944930172E-1
1.024939858E2,3.312280291E-1,-2.207287071E0,-1.547804176E0
1.025139788E2,-9.431928684E-1,-3.341784317E0,-1.795919224E0
1.025339728E2,-1.606180585E0,-4.071241427E0,-1.390636136E0
1.025539658E2,-1.759051506E0,-4.527383305E0,-6.423623939E-1
1.025739598E2,-1.394053102E0,-4.490080993E0,-1.622426927E-1
1.025939528E2,-6.418032539E-1,-4.095449485E0,-2.160423392E-1
1.026139458E2,4.052066360E-1,-3.447731187E0,-4.684328713E-1
1.026339398E2,1.345076093E0,-2.555670027E0,-1.097775124E0
1.026539328E2,2.151610030E0,-1.719569644E0,-1.550056524E0
1.026739268E2,2.688325516E0,-8.715070277E-1,-1.617055675E0
1.026939198E2,2.726537948E0,-2.906504720E-1,-1.510622463E0
1.027139138E2,1.318661443E0,9.780871511E-2,-1.597006742E0
1.027339068E2,5.911418080E-2,5.839620119E-1,-1.273405017E0
1.027539008E2,-4.216089530E-1,1.688835509E0,-6.051277632E-1
1.027738938E2,-1.586008275E-1,3.251065936E0,2.022822328E-1
1.027938868E2,2.449830600E-1,4.254664489E0,6.082213788E-1
1.028138808E2,1.130987820E0,4.318823063E0,5.138036102E-1
1.028338738E2,2.290275726E0,5.026655415E0,-9.727633343E-1
1.028538678E2,-6.767508924E-2,4.885427615E0,-3.194085989E0
1.028738608E2,-2.758534496E0,3.510854804E0,-1.824733572E0
1.028938548E2,-2.947893067E0,2.083555310E0,2.352734807E0
1.029138478E2,-2.431094805E0,4.211959934E-1,5.192771888E0
1.029338418E2,-2.606297559E0,-7.435845673E-2,4.447262417E0
1.029538343E2,-4.026634773E0,-5.499528515E-1,9.901767810E-1
1.029738273E2,-4.339473382E0,1.496969068E-1,-1.297998260E0
1.029938213E2,-1.612439883E0,1.297106559E0,3.848028501E-1
1.030138143E2,1.979480427E0,1.164042642E0,3.215123686E0
1.030338083E2,3.932859467E0,3.790112561E-1,4.044811428E0
1.030538013E2,3.587880760E0,-3.701421994E-1,1.335073115E0
1.030737953E2,1.516739820E0,-2.123605229E0,-1.751290789E0
1.030937883E2,3.699182510E-2,-3.839160175E0,-3.359396131E0
1.031137813E2,-9.943571748E-1,-5.125749348E0,-3.298157072E0
1.031337753E2,-1.214562878E0,-5.436496115E0,-1.925388712E0
1.031537683E2,-6.480053955E-1,-4.784269615E0,-3.849024720E-1
1.031737623E2,-1.171751319E-1,-3.561506310E0,7.981200859E-2
1.031937553E2,-1.028320581E-2,-2.229462637E0,-4.153109170E-1
1.032137493E2,3.702122198E-1,-1.121516427E0,-9.812433319E-1
1.032337423E2,6.716744860E-1,-6.642565620E-1,-1.120934045E0
1.032537353E2,4.754669255E-1,-7.162324619E-1,-1.103050336E0
1.032737293E2,-2.201212107E-1,-4.741495478E-1,-1.408822438E0
1.032937223E2,-7.872406103E-1,5.124534881E-1,-2.050491060E0
1.033137163E2,-1.143864632E0,1.677560323E0,-2.063933809E0
1.033337093E2,-1.012895480E0,2.918000931E0,-1.098495939E0
1.033537033E2,-5.045005439E-1,3.658794622E0,1.373411554E-1
1.033736963E2,4.674155288E-1,4.610680985E0,3.524267440E-1
1.033936893E2,1.600308080E0,5.938330475E0,-6.162919982E-1
1.034136833E2,9.462357594E-1,5.737216077E0,-8.920972668E-1
1.034336763E2,-5.735196888E-1,3.600607225E0,1.107780733E0
1.034536703E2,-1.286952577E0,8.246252221E-1,4.133068131E0
1.034736633E2,-1.005853824E0,-1.520909323E0,6.192303118E0
1.034936563E2,-7.318721558E-1,-2.031285295E0,5.290010499E0
1.035136503E2,6.338011931E-1,-5.416398650E-1,1.946548031E0
1.035336433E2,2.535264706E0,1.944300946E0,-1.163450465E0
1.035536373E2,4.226151127E0,2.694035615E0,-1.316176668E0
1.035736303E2,3.398631240E0,5.471596366E-1,3.135304807E-1
1.035936233E2,1.107687470E0,-1.742681934E0,8.850067869E-1
1.036136173E2,-1.087634005E0,-3.357801011E0,2.233674386E-1
1.036336103E2,-1.887182858E0,-4.157978439E0,-3.529396909E-1
1.036536043E2,-1.639866979E0,-4.441875962E0,-5.592009540E-1
1.036735973E2,-6.671561962E-1,-4.218830413E0,-8.359702823E-1
1.036935913E2,4.560054915E-1,-3.730602524E0,-1.087072527E0
1.037135843E2,1.202627980E0,-3.240781268E0,-1.183158652E0
1.037335773E2,1.395311131E0,-2.755292800E0,-1.291756503E0
1.037535713E2,1.536898534E0,-2.139250624E0,-1.067358200E0
1.037735643E2,2.102533911E0,-1.554658282E0,-5.668157829E-1
1.037935583E2,2.392836619E0,-8.323768759E-1,-6.364140214E-1
1.038135513E2,2.331985523E0,-3.742393434E-2,-1.340849726E0
1.038335443E2,1.078704576E0,7.947582293E-1,-2.259551824E0
1.038535383E2,-8.109690499E-1,1.643821304E0,-2.304134358E0
1.038735313E2,-1.269974894E0,2.691619545E0,-3.794025810E-1
1.038935253E2,-8.231930928E-1,3.370809311E0,1.693710333E0
1.039135183E2,-2.056677707E-1,3.566351897E0,2.493643933E0
1.039335113E2,6.988973679E-1,4.785719140E0,2.004745661E-1
1.039535063E2,3.203465800E-1,5.861043148E0,-2.885923106E0
1.039734993E2,-1.450102904E0,5.461021092E0,-3.136243870E0
1.039934933E2,-2.863197902E0,2.907162532E0,1.416710625E0
1.040134863E2,-2.119763462E0,-7.352581322E-1,6.353189256E0
1.040334793E2,-1.446890151E0,-2.559979425E0,7.007164074E0
1.040534733E2,-2.983341227E0,-1.816726395E0,1.163412458E0
1.040734663E2,-3.494231755E0,2.852353656E-1,-3.519371274E0
1.040934603E2,-1.898900971E0,2.784661610E0,-3.756498088E0
1.041134533E2,1.489709750E0,3.150350570E0,8.986215900E-1
1.041334463E2,3.144919676E0,1.358169617E0,4.247581172E0
1.041534403E2,1.729620862E0,-8.518861109E-1,4.322081131E0
1.041734333E2,-3.060593471E-2,-2.348278059E0,1.048040900E0
1.041934273E2,-5.773243989E-1,-3.664307962E0,-1.458541313E0
1.042134203E2,-5.187889463E-1,-4.606613662E0,-2.722823212E0
1.042334133E2,1.752015844E-2,-4.711028561E0,-2.863027164E0
1.042534073E2,5.335997973E-1,-4.351606647E0,-2.213868697E0
1.042734003E2,7.955740620E-1,-3.626502205E0,-1.345324454E0
1.042933943E2,5.733164249E-1,-2.718743609E0,-9.844617856E-1
1.043133873E2,6.213290821E-1,-1.919507582E0,-1.138655932E0
1.043333803E2,7.651241018E-1,-1.410643700E0,-1.337466965E0
1.043533743E2,6.975061691E-1,-1.128105070E0,-1.394559325E0
1.043733673E2,5.068790451E-2,-1.029463711E0,-1.497697046E0
1.043933603E2,-8.861861703E-1,-6.309332800E-1,-1.839073722E0
1.044133543E2,-1.478516717E0,5.668904811E-1,-1.568740863E0
1.044333473E2,-1.186138832E0,2.224743934E0,-6.433439952E-1
1.044533413E2,-5.589822681E-1,3.613830119E0,2.856404315E-1
1.044733343E2,4.544017464E-3,4.861413100E0,3.027335970E-1
1.044933273E2,1.069409696E0,5.757883646E0,-1.368149060E-1
1.045133213E2,7.218633306E-1,6.287689916E0,-1.332300366E0
1.045333143E2,-8.350676183E-1,4.794853075E0,-1.030774219E0
1.045533083E2,-1.867960868E0,2.456184331E0,2.021825085E0
1.045733013E2,-1.838209650E0,-3.019274122E-1,5.395595427E0
1.045932943E2,-1.131638835E0,-2.489204727E0,7.103627345E0
1.046132883E2,-2.058485958E-1,-2.410150371E0,5.591136258E0
1.046332813E2,1.344432900E0,-2.946809578E-1,1.327872269E0
1.046532743E2,3.427204537E0,2.216053217E0,-1.721670987E0
1.046732683E2,4.097522615E0,3.066859932E0,-2.491776917E0
1.046932613E2,2.162584962E0,8.954513758E-1,-1.029901814E0
1.047132553E2,-1.850753389E-1,-1.522724299E0,4.363512455E-1
1.047332483E2,-2.083884070E0,-3.342432189E0,9.071212488E-1
1.047532413E2,-2.967777986E0,-4.417350401E0,7.513992248E-1
1.047732353E2,-1.833610669E0,-4.602676731E0,5.225834969E-1
1.047932283E2,1.079817009E-1,-4.170779749E0,-8.121256292E-2
1.048132213E2,1.558841673E0,-3.710315024E0,-1.170741212E0
1.048332153E2,2.364995394E0,-3.181480561E0,-2.163769754E0
1.048532083E2,2.462181235E0,-2.523820828E0,-2.688506488E0
1.048732023E2,2.543751647E0,-1.575531673E0,-2.343222556E0
1.048931953E2,2.352232531E0,-1.055945751E0,-1.193218933E0
1.049131883E2,1.935313483E0,-5.564672345E-1,-7.865002066E-2
1.049331823E2,1.478377992E0,2.103062207E-1,5.382537425E-2
1.049531754E2,4.514038789E-1,1.040073484E0,-5.664794219E-1
1.049731684E2,-9.214880039E-1,1.422044601E0,-8.859964281E-1
1.049931624E2,-1.194648577E0,1.744806812E0,-2.321141423E-1
1.050131554E2,-2.922428150E-1,2.623428147E0,1.805723982E-1
1.050331494E2,2.938681948E-1,3.505060798E0,-1.787308176E-1
1.050531424E2,1.403379119E0,4.871537554E0,-3.442419577E-1
1.050731354E2,1.414475380E0,6.432697940E0,-1.562503345E0
1.050931294E2,-1.838238594E0,5.227136559E0,-1.523399068E0
1.051131224E2,-4.253220227E0,2.398348936E0,1.260601223E0
1.051331154E2,-4.518340001E0,-9.363438785E-1,4.981334231E0
1.051531094E2,-3.518121724E0,-2.542890937E0,6.176243740E0
1.051731024E2,-4.361184971E0,-2.115819077E0,1.837566456E0
1.051930954E2,-4.428337027E0,-8.142832518E-2,-2.419859088E0
1.052130894E2,-2.653446583E0,2.174132774E0,-2.886175121E0
1.052330824E2,6.950089695E-1,2.579784529E0,1.125190672E0
1.052530754E2,3.076238866E0,1.189941130E0,4.444690227E0
1.052730694E2,2.717430909E0,-5.954927212E-1,4.627188259E0
1.052930624E2,1.013206990E0,-1.726289849E0,1.133571632E0
1.053130564E2,-4.983961970E-2,-2.917038479E0,-1.614049475E0
1.053330494E2,-6.417805959E-1,-3.826029083E0,-2.654430084E0
1.053530424E2,-7.041775498E-1,-4.399021134E0,-2.028656387E0
1.053730364E2,-6.809025617E-1,-4.187337309E0,-1.072861819E0
1.053930294E2,-6.469096273E-1,-3.538865306E0,-3.573223253E-1
1.054130224E2,-4.220305373E-1,-2.678372678E0,9.459216177E-2
1.054330164E2,5.188059032E-2,-1.785870053E0,-1.722022551E-1
1.054530094E2,4.152096140E-1,-1.351317265E0,-7.442692763E-1
1.054730024E2,3.482977326E-1,-1.742328177E0,-1.037167418E0
1.054929964E2,2.601119265E-2,-2.249332060E0,-1.366857264E0
1.055129894E2,-3.383909413E-1,-1.956687103E0,-1.731549420E0
1.055329824E2,-8.188705386E-1,-8.156573474E-1,-2.313050339E0
1.055529764E2,-1.197340343E0,9.652653766E-1,-2.122804161E0
1.055729694E2,-1.296003628E0,2.687535850E0,-6.047381924E-1
1.055929624E2,-8.020844981E-1,3.336853945E0,1.543043373E0
1.056129564E2,-1.319259028E-1,3.103513203E0,2.458468253E0
1.056329494E2,3.550297782E-1,4.005244489E0,7.223182440E-2
1.056529424E2,-6.494665416E-1,5.061937514E0,-2.781066742E0
1.056729364E2,-2.410136046E0,4.268830538E0,-2.716266144E0
1.056929294E2,-3.632055598E0,1.808260796E0,1.858905139E0
1.057129224E2,-2.142936124E0,-1.429813212E0,7.711081715E0
1.057329164E2,-1.307915722E0,-2.902934411E0,9.413031360E0
1.057529094E2,-1.043915690E0,-1.373717363E0,4.685655153E0
1.057729024E2,9.240297154E-1,1.874964078E0,-4.612291016E-1
1.057928964E2,2.474220652E0,4.217038241E0,-3.420744533E0
1.058128894E2,2.377508875E0,3.213465416E0,-2.030011626E0
1.058328824E2,6.059557289E-1,8.554710388E-2,1.175765140E0
1.058528764E2,-1.049613070E0,-1.787053530E0,2.504707450E0
1.058728694E2,-2.592112799E0,-2.749719819E0,1.986601897E0
1.058928624E2,-2.990528625E0,-3.147972507E0,9.723362683E-1
1.059128564E2,-2.436185391E0,-3.214272916E0,7.528290153E-2
1.059328494E2,-1.127055129E0,-3.045721078E0,-3.244362688E-1
1.059528417E2,-2.558969611E-1,-2.745068944E0,-8.044014573E-1
1.059728357E2,2.721886926E-1,-2.087790449E0,-1.240393976E0
1.059928287E2,3.379203136E-1,-1.225941267E0,-1.490886794E0
1.060128227E2,6.436253194E-1,-2.773240829E-1,-9.831898700E-1
1.060328157E2,1.027162247E0,-1.875985587E-1,-4.888447702E-2
1.060528087E2,7.972142791E-1,-6.685624516E-1,1.683686744E-1
1.060728017E2,3.860214099E-1,-9.765236056E-1,-5.272856815E-1
1.060927957E2,1.940671141E-1,-8.576105350E-1,-9.572554220E-1
1.061127887E2,1.486025273E-1,-6.639805734E-1,-4.033536534E-1
1.061327817E2,2.984623522E-1,-1.894111955E-1,5.081585620E-1
1.061527757E2,1.618332414E-1,3.681436211E-1,6.554298976E-1
1.061727687E2,-5.415436783E-1,6.225284922E-1,3.027949928E-1
1.061927617E2,-7.461238669E-1,4.988394159E-1,2.001460987E-1
1.062127557E2,-5.809360778E-1,1.873816270E-1,3.050375462E-2
1.062327487E2,-6.265276954E-2,4.558080018E-1,-8.460179184E-1
1.062527417E2,-4.508133101E-1,1.357842758E0,-2.348779165E0
1.062727357E2,-1.580123199E0,2.066968514E0,-2.904389783E0
1.062927287E2,-2.560870541E0,2.365574123E0,-1.447843686E0
1.063127217E2,-3.859890309E0,2.042893188E0,8.822353528E-1
1.063327157E2,-3.864326591E0,1.814138417E0,2.829068874E0
1.063527087E2,-3.655996730E0,1.280144956E0,3.713150924E0
1.063727017E2,-3.170195435E0,1.646926761E-1,2.933769118E0
1.063926957E2,-2.865341492E0,-1.145635023E0,7.669985729E-1
1.064126887E2,-2.668984389E0,-1.687470769E0,-1.447616960E0
1.064326817E2,-1.776622389E0,-1.145460775E0,-2.399859272E0
1.064526757E2,-5.553644496E-1,-3.347261989E-1,-1.236673247E0
1.064726687E2,2.460046417E-1,-2.528002757E-1,7.538283044E-1
1.064926617E2,-5.328408287E-1,-9.769048440E-1,1.466698617E0
1.065126547E2,-1.625622284E0,-1.360879217E0,4.420190978E-1
1.065326487E2,-2.566652852E0,-1.339867247E0,-1.348750484E0
1.065526417E2,-3.129087755E0,-1.319927657E0,-1.958985790E0
1.065726347E2,-3.045101273E0,-1.329674966E0,-1.221491097E0
1.065926287E2,-2.441854998E0,-1.439645889E0,-1.345586117E-1
1.066126217E2,-1.665004890E0,-1.354496981E0,-1.877747060E-1
1.066326147E2,-1.546328339E0,-1.000777271E0,-1.623211185E0
1.066526087E2,-1.924456666E0,-5.082364762E-1,-2.651065889E0
1.066726017E2,-2.014445168E0,-3.535074556E-1,-2.022317421E0
1.066925947E2,-1.903359327E0,-5.670846087E-1,-5.441231775E-1
1.067125887E2,-1.504187602E0,-1.047739769E0,5.726359552E-1
1.067325817E2,-1.213546339E0,-1.525542072E0,1.522574025E-1
1.067525747E2,-1.194645507E0,-1.608405304E0,-1.467809004E0
1.067725677E2,-1.334094438E0,-1.066141541E0,-2.782699869E0
1.067925617E2,-1.351821003E0,-2.387178415E-1,-2.872433287E0
1.068125547E2,-1.216594200E0,6.337387741E-1,-1.926258777E0
1.068325477E2,-9.825248954E-1,1.521560118E0,-1.017451192E0
1.068525417E2,-9.183239293E-1,2.251884955E0,-5.914992191E-1
1.068725347E2,-9.809183729E-1,2.657238502E0,-9.609796599E-1
1.068925277E2,-8.817186052E-1,3.057351190E0,-1.815862176E0
1.069125217E2,-1.528189253E0,3.837935184E0,-3.401199630E0
1.069325147E2,-3.330635431E0,4.131186497E0,-3.725223085E0
1.069525080E2,-3.889101829E0,2.936333122E0,1.588887298E-1
1.069725010E2,-3.201511953E0,1.192523845E0,4.333635522E0
1.069924950E2,-2.133678520E0,-5.772301126E-1,6.130245448E0
1.070124880E2,-9.275390681E-1,-1.601177561E0,4.302921560E0
1.070324810E2,-4.159575826E-1,-2.166769375E0,8.483222330E-1
1.070524750E2,-5.378699093E-1,-2.148269370E0,-1.493084763E0
1.070724680E2,-4.451448731E-1,-1.614146685E0,-1.266283254E0
1.070924610E2,-5.141864932E-1,-1.035400389E0,3.011409616E-1
1.071124550E2,-1.152274682E0,-7.309592593E-1,1.154677449E0
1.071324480E2,-1.497065401E0,-5.956897724E-1,1.382647816E0
1.071524410E2,-1.802998010E0,-5.237491393E-1,9.159379730E-1
1.071724340E2,-1.825395477E0,-6.063913465E-1,2.253937912E-1
1.071924280E2,-1.103732413E0,-5.775458622E-1,-2.772492385E-1
1.072124210E2,-3.494115541E-1,-6.578345650E-1,-5.528416684E-1
1.072324140E2,-5.460680345E-1,-1.175795546E0,-8.522381133E-1
1.072524080E2,-8.563708522E-1,-1.642301613E0,-9.820863542E-1
1.072724010E2,-1.023657499E0,-1.701283647E0,-1.058220610E0
1.072923940E2,-9.928157026E-1,-1.351811355E0,-1.016441670E0
1.073123870E2,-7.026859251E-1,-9.836116004E-1,-7.371581849E-1
1.073323810E2,-4.615605656E-1,-7.700239223E-1,-5.915628076E-1
1.073523740E2,-2.254507285E-1,-7.671400756E-1,-6.265589780E-1
1.073723670E2,-7.870059907E-3,-8.978101426E-1,-8.705787823E-1
1.073923610E2,1.597745830E-1,-9.481575930E-1,-1.120122451E0
1.074123540E2,6.777972516E-1,-6.493338829E-1,-1.082521054E0
1.074323470E2,1.210285347E0,-1.481649363E-1,-9.447583142E-1
1.074523400E2,1.786334614E0,3.962681437E-1,-8.562840942E-1
1.074723340E2,2.238932495E0,9.221608722E-1,-9.568851471E-1
1.074923270E2,1.687254861E0,1.134323584E0,-1.372691177E0
1.075123200E2,5.047652766E-1,1.127510408E0,-1.346253869E0
1.075323140E2,3.542884974E-1,1.438318571E0,-3.247029018E-1
1.075523070E2,9.520462838E-1,1.905856088E0,8.459663898E-1
1.075723000E2,1.116347781E0,1.842129039E0,1.114093972E0
1.075922930E2,1.152756200E0,2.655539301E0,-4.891722143E-1
1.076122870E2,-5.347133996E-1,2.989820527E0,-2.598416682E0
1.076322800E2,-4.171792486E0,2.441004374E0,-3.196269339E0
1.076522730E2,-6.020938768E0,1.744288164E0,-3.808946443E-1
1.076722670E2,-4.647418456E0,4.431604743E-1,3.780427525E0
1.076922600E2,-3.093924939E0,-7.083393055E-1,4.833827399E0
1.077122530E2,-2.997754614E0,-8.131605864E-1,2.219695155E0
1.077322460E2,-3.715162951E0,3.101971292E-1,-1.771366766E0
1.077522400E2,-3.014983435E0,1.514932884E0,-3.498386201E0
1.077722330E2,-7.390316328E-1,1.635981358E0,-1.212748925E0
1.077922260E2,1.383980981E0,5.342489845E-1,2.062123511E0
1.078122190E2,1.835805129E0,-4.170894939E-1,2.498950281E0
1.078322130E2,1.035225412E0,-1.014363862E0,2.569884901E-1
1.078522060E2,9.522322252E-2,-1.743600531E0,-1.697453867E0
1.078721990E2,-3.975925380E-1,-2.656049763E0,-2.059231917E0
1.078921920E2,-5.218759838E-1,-3.218251362E0,-1.836163563E0
1.079121860E2,-5.132865702E-1,-3.231898763E0,-1.627915270E0
1.079321790E2,-3.221669644E-1,-2.736292273E0,-1.585194635E0
1.079521722E2,-7.130387127E-2,-2.131919970E0,-1.477075671E0
1.079721662E2,2.528482229E-1,-1.758812063E0,-1.304081410E0
1.079921592E2,3.087964287E-1,-1.482363893E0,-1.417062773E0
1.080121522E2,2.982701249E-1,-1.361263964E0,-1.368794008E0
1.080321452E2,1.664513724E-1,-1.439224890E0,-1.316735224E0
1.080521392E2,-1.871186484E-1,-1.356583852E0,-1.684119730E0
1.080721322E2,-5.162088624E-1,-8.293234599E-1,-2.046737148E0
1.080921252E2,-4.768771277E-1,6.219326609E-1,-2.437862665E0
1.081121182E2,-2.923555201E-1,2.101974624E0,-2.203225303E0
1.081321122E2,2.063939948E-1,3.170253323E0,-1.217957625E0
1.081521052E2,5.073440449E-1,3.300233418E0,-2.528414986E-1
1.081720982E2,1.592629516E-1,2.758516955E0,-1.140595892E-1
1.081920912E2,-1.658222120E-1,2.374954811E0,-7.511311300E-1
1.082120852E2,1.649941000E-1,2.932351753E0,-2.028269302E0
1.082320782E2,1.443301569E0,4.780716847E0,-3.183100825E0
1.082520712E2,9.910999833E-1,5.055871028E0,-3.136024307E0
1.082720642E2,-5.324305004E-1,2.480153237E0,1.830505943E-1
1.082920582E2,-1.727742736E0,-1.885656881E-1,3.394394056E0
1.083120512E2,-2.477774882E0,-1.536955252E0,5.021872977E0
1.083320442E2,-2.754425073E0,-1.756552699E0,4.984192350E0
1.083520372E2,-1.695792819E0,-1.127952458E0,3.937702131E0
1.083720312E2,8.725719519E-1,3.804210198E-1,2.130416066E0
1.083920242E2,3.472970986E0,1.437501715E0,3.823201954E-1
1.084120172E2,4.005767815E0,6.332885385E-1,-4.929696885E-1
1.084320102E2,2.001193770E0,-8.096692139E-1,-1.244001708E0
1.084520042E2,4.958921269E-2,-2.049985861E0,-1.540578918E0
1.084719972E2,-1.188894478E0,-3.213376538E0,-1.057978536E0
1.084919902E2,-1.230840210E0,-3.862150258E0,-3.564155683E-1
1.085119832E2,-7.245242523E-1,-4.123492146E0,-4.208441372E-1
1.085319772E2,-3.203411713E-2,-3.784051922E0,-1.426013106E0
1.085519702E2,5.062256187E-1,-3.173858716E0,-2.118183983E0
1.085719632E2,1.281451663E0,-2.275810592E0,-2.127952049E0
1.085919562E2,2.198979055E0,-1.406017383E0,-1.797852898E0
1.086119502E2,2.919705979E0,-5.987823647E-1,-1.312145744E0
1.086319432E2,2.609870208E0,-2.969198567E-1,-8.249133436E-1
1.086519362E2,1.788270920E0,-2.269754630E-1,-8.831448872E-1
1.086719292E2,1.075748078E0,-1.730085862E-1,-1.459571446E0
1.086919232E2,1.496799499E-1,-3.496401072E-2,-1.952780140E0
1.087119162E2,-5.211162843E-1,4.339516944E-1,-1.414792884E0
1.087319092E2,-5.857036051E-1,1.634262861E0,-3.149925770E-1
1.087519022E2,-6.522571984E-1,2.919141723E0,4.981196237E-1
1.087718962E2,-5.458060062E-1,4.004949204E0,3.528285939E-1
1.087918892E2,6.429747435E-1,5.226299822E0,2.110083251E-1
1.088118822E2,1.708545596E0,6.720861592E0,-9.217790490E-1
1.088318752E2,-3.883754258E-1,6.546136848E0,-1.721175436E0
1.088518692E2,-3.964377714E0,4.074597144E0,9.999053054E-1
1.088718622E2,-5.679519846E0,3.014830238E-1,5.442468461E0
1.088918552E2,-4.621077042E0,-2.372205450E0,7.211886789E0
1.089118482E2,-4.049555566E0,-2.458520878E0,2.784437077E0
1.089318422E2,-2.378285677E0,-2.752015436E-1,-2.526276659E0
1.089518352E2,-1.207897344E-1,2.043619997E0,-5.008365909E0
1.089718281E2,2.009506171E0,2.409981971E0,-2.280766107E0
1.089918211E2,2.866841887E0,3.557790989E-1,2.127506492E0
1.090118141E2,1.694460823E0,-2.003940207E0,4.189130065E0
1.090318081E2,1.819700289E-1,-3.103209148E0,2.110100354E0
1.090518011E2,-5.638844275E-1,-3.906152310E0,-1.196440310E0
1.090717941E2,-6.405057567E-1,-4.423008167E0,-2.922837163E0
1.090917871E2,-3.326197395E-1,-4.479121556E0,-3.151961478E0
1.091117811E2,-5.793976754E-2,-3.847416444E0,-2.164859090E0
1.091317741E2,9.777925976E-1,-2.958829699E0,-5.300033212E-1
1.091517671E2,1.411055344E0,-2.302907758E0,-2.091534421E-1
1.091717601E2,1.340002903E0,-1.875421330E0,-1.106816673E0
1.091917541E2,1.163839013E0,-1.619945369E0,-1.921993964E0
1.092117471E2,8.360218839E-1,-1.056541582E0,-2.451827132E0
1.092317401E2,4.313656171E-1,-5.144011956E-1,-2.099430209E0
1.092517331E2,-1.244397126E-1,9.964298666E-2,-1.377987585E0
1.092717261E2,-6.989799598E-1,1.200830399E0,-9.490302899E-1
1.092917201E2,-1.451868178E0,2.762291332E0,-1.174190777E0
1.093117131E2,-9.290792978E-1,4.347175627E0,-1.022508010E0
1.093317061E2,-2.701641673E-1,5.326938590E0,-9.096142092E-1
1.093516991E2,5.504241371E-1,5.088128947E0,-4.277489680E-1
1.093716931E2,9.425854889E-1,5.231658795E0,-1.076847208E0
1.093916861E2,-7.821919781E-1,4.013765636E0,-6.756782207E-1
1.094116791E2,-1.373926840E0,1.655410486E0,2.642045681E0
1.094316721E2,-1.779041967E0,-1.724074924E-1,4.964067403E0
1.094516651E2,-2.201198366E0,-1.170535975E0,5.552853368E0
1.094716591E2,-1.453177516E0,-4.717989671E-1,4.213772279E0
1.094916521E2,1.043987757E0,1.359382914E0,2.127796513E0
1.095116451E2,3.713832417E0,2.379460090E0,6.926364617E-1
1.095316381E2,3.585889491E0,7.661425406E-1,-1.738844991E-2
1.095516321E2,1.246502270E0,-9.814440376E-1,-9.367435357E-1
1.095716251E2,-4.990364671E-1,-2.310315596E0,-1.135283404E0
1.095916181E2,-1.520286010E0,-3.429838707E0,-1.011217621E0
1.096116111E2,-2.055327000E0,-4.186253235E0,-1.081893063E0
1.096316041E2,-1.581471421E0,-4.514690169E0,-1.123481092E0
1.096515981E2,-1.324372418E-1,-4.081768169E0,-1.159538240E0
1.096715911E2,1.172800017E0,-3.548886849E0,-1.228408353E0
1.096915841E2,2.008289512E0,-3.192193830E0,-1.293464329E0
1.097115771E2,2.750180579E0,-2.542669328E0,-1.458047077E0
1.097315701E2,2.764966726E0,-1.874165933E0,-1.780665447E0
1.097515641E2,1.895089463E0,-1.354833781E0,-1.643197991E0
1.097715571E2,1.425632160E0,-8.069730628E-1,-3.754346605E-1
1.097915501E2,1.154965132E0,-1.194632936E-1,5.540580355E-1
1.098115431E2,6.927976987E-1,8.020777738E-1,6.364445731E-2
1.098315371E2,9.364008889E-2,1.879773998E0,-1.463067350E0
1.098515301E2,-4.688407145E-1,2.838805658E0,-2.439454862E0
1.098715231E2,-2.750154559E-1,3.798607396E0,-2.000550722E0
1.098915161E2,9.538846484E-1,4.218940925E0,-8.874304578E-2
1.099115091E2,2.158381398E0,5.469381441E0,-3.450168599E-1
1.099315031E2,-7.591612574E-1,5.189393951E0,-1.806580306E0
1.099514961E2,-4.836361874E0,3.268310544E0,3.489244080E-1
1.099714885E2,-5.685061253E0,3.476011831E-1,5.243366675E0
1.099914815E2,-5.109170153E0,-1.496368559E0,7.489575153E0
1.100114745E2,-5.408264004E0,-1.368248463E0,3.291318753E0
1.100314685E2,-4.224658040E0,6.227360684E-1,-1.689957152E0
1.100514615E2,-1.030537260E0,2.791746681E0,-2.440142641E0
1.100714545E2,2.973448908E0,3.642228291E0,8.212122023E-1
1.100914475E2,4.271204216E0,2.029957978E0,3.092296489E0
1.101114405E2,1.595583822E0,-3.458435100E-1,1.646890508E0
1.101314345E2,-5.665782398E-1,-2.259769340E0,-7.811752935E-1
1.101514275E2,-1.187100845E0,-3.869848117E0,-1.765990251E0
1.101714205E2,-1.012436035E0,-5.019460416E0,-1.714941573E0
1.101914135E2,-8.128772888E-1,-5.154622314E0,-1.559524774E0
1.102114065E2,-2.793073122E-1,-5.006512341E0,-1.428958933E0
1.102314005E2,3.798798600E-1,-4.521740157E0,-1.348362813E0
1.102513935E2,1.359771900E0,-3.592790667E0,-1.705740395E0
1.102713865E2,1.930498301E0,-2.590158659E0,-2.230985252E0
1.102913795E2,1.865060941E0,-1.715027527E0,-2.260753427E0
1.103113725E2,7.118787713E-1,-1.041065172E0,-1.826056797E0
1.103313665E2,-4.121431880E-1,-4.753195757E-1,-9.354299587E-1
1.103513595E2,-1.023510953E0,2.984331161E-1,-1.396122140E-1
1.103713525E2,-1.166191932E0,1.318697988E0,-2.697127622E-1
1.103913455E2,-5.909066038E-1,2.645971502E0,-1.113698262E0
1.104113385E2,1.369840367E-1,4.289370638E0,-2.121861005E0
1.104313325E2,3.548064145E-1,5.499209257E0,-2.231962906E0
1.104513255E2,1.053289653E0,5.712918558E0,-6.743494409E-1
1.104713185E2,-5.777686411E-1,4.483961297E0,6.118137619E-1
1.104913115E2,-1.813296564E0,2.474836949E0,2.679084869E0
1.105113045E2,-2.316894737E0,6.595904839E-1,4.648953935E0
1.105312985E2,-2.485629154E0,-8.022759944E-1,5.624056082E0
1.105512915E2,-1.236973501E0,-6.987557191E-1,5.121755115E0
1.105712845E2,1.043531528E0,1.098488923E0,2.247439170E0
1.105912775E2,3.761667611E0,3.603170060E0,-1.305788505E-1
1.106112705E2,4.600218562E0,3.519584697E0,-2.914019854E-1
1.106312645E2,2.011053783E0,8.397548926E-1,1.507447278E-1
1.106512575E2,-2.364480986E-1,-1.356075729E0,3.644288850E-1
1.106712505E2,-1.464011383E0,-3.057728920E0,5.625711429E-1
1.106912435E2,-1.512706410E0,-4.174933026E0,1.094780034E-1
1.107112365E2,-4.749522243E-1,-4.715674759E0,-8.422200787E-1
1.107312305E2,7.892242782E-1,-4.792960331E0,-1.916710859E0
1.107512235E2,1.601121135E0,-4.788592461E0,-2.731357808E0
1.107712165E2,1.686555095E0,-4.456067154E0,-2.336020248E0
1.107912095E2,1.822885998E0,-3.750941479E0,-1.490520759E0
1.108112025E2,1.765006603E0,-2.305543098E0,-1.190079709E0
1.108311965E2,2.166892459E0,-7.789450192E-1,-7.423141135E-1
1.108511895E2,2.537944193E0,1.246076739E-1,-1.648245308E-1
1.108711825E2,2.193304186E0,4.924764758E-1,-1.933710761E-1
1.108911755E2,6.878682035E-1,4.880723530E-1,-1.052065685E0
1.109111685E2,-7.295816553E-1,9.279677421E-1,-1.182352613E0
1.109311625E2,-9.077987950E-1,2.540995855E0,-1.040918407E0
1.109511555E2,-7.378133655E-2,4.375795408E0,-5.006358267E-1
1.109711487E2,1.582586631E0,5.337572336E0,2.925231890E-1
1.109911417E2,2.040446567E0,6.422424967E0,-1.211434325E0
1.110111347E2,-2.128289872E0,5.121273304E0,-1.600074776E0
1.110311287E2,-4.894017175E0,2.973360615E0,2.147403397E0
1.110511217E2,-4.318959011E0,6.002722353E-1,7.196206310E0
1.110711147E2,-3.458823940E0,-7.409562439E-1,7.228771209E0
1.110911077E2,-3.551254971E0,-1.756977206E-1,1.614490501E0
1.111111007E2,-2.458146364E0,1.489763544E0,-2.958142067E0
1.111310937E2,-9.770434231E-2,2.911479532E0,-2.798307842E0
1.111510877E2,2.393945105E0,2.208738935E0,2.017776473E0
1.111710807E2,2.640668077E0,1.066994065E-1,4.734664176E0
1.111910737E2,1.093407985E0,-1.307278376E0,3.027255863E0
1.112110667E2,1.892059582E-1,-2.460451629E0,-7.295569508E-1
1.112310597E2,-5.788407281E-1,-4.095909076E0,-2.719103213E0
1.112510537E2,-9.185315055E-1,-5.245338356E0,-3.028370635E0
1.112710467E2,-7.579409435E-1,-5.701177933E0,-1.773479218E0
1.112910397E2,-7.346470982E-2,-5.095462525E0,-4.967999071E-1
1.113110327E2,9.116276979E-1,-3.819707074E0,-1.900181365E-1
1.113310257E2,1.913840022E0,-2.615834953E0,-8.487904488E-1
1.113510197E2,2.336274456E0,-1.626115351E0,-1.581374942E0
1.113710127E2,2.197663578E0,-1.379392671E0,-1.485161347E0
1.113910057E2,1.223609544E0,-1.368938434E0,-1.150199944E0
1.114109987E2,1.538327886E-1,-7.802366692E-1,-8.759456491E-1
1.114309917E2,-8.929730335E-1,8.135757387E-2,-7.868342288E-1
1.114509857E2,-1.199321818E0,1.252902194E0,-1.205913823E0
1.114709787E2,-4.953113522E-1,2.606165997E0,-1.652868116E0
1.114909717E2,2.430778179E-1,3.986950305E0,-2.054545958E0
1.115109647E2,3.432037845E-1,4.831375369E0,-1.882426002E0
1.115309577E2,7.959104231E-1,5.010791334E0,-5.990649314E-1
1.115509507E2,4.187767079E-1,4.674317987E0,-1.808830315E-1
1.115709447E2,-1.277562095E0,2.846204140E0,1.261815689E0
1.115909377E2,-1.302002725E0,4.795219696E-1,4.434610797E0
1.116109307E2,-1.668524183E0,-1.202347167E0,5.607402043E0
1.116309237E2,-2.236627522E0,-1.298623912E0,4.392861969E0
1.116509167E2,-7.091147925E-1,6.864789051E-1,2.630112099E0
1.116709107E2,2.200272898E0,3.531168031E0,1.772904437E0
1.116909037E2,4.936385515E0,4.481485001E0,1.749182137E0
1.117108967E2,3.612102559E0,2.139550586E0,1.545474061E0
1.117308897E2,7.850481968E-1,-4.074661463E-1,5.775739288E-1
1.117508827E2,-1.047788593E0,-2.092731346E0,-5.637633902E-1
1.117708767E2,-1.097770008E0,-3.117006238E0,-1.017595033E0
1.117908697E2,-4.001911868E-1,-3.872974623E0,-1.001208942E0
1.118108627E2,2.261843348E-1,-4.463532295E0,-1.297709700E0
1.118308557E2,7.196007505E-1,-4.528341663E0,-1.750627276E0
1.118508487E2,1.174045620E0,-4.389814108E0,-1.688352529E0
1.118708417E2,1.663207748E0,-4.113361845E0,-1.104540937E0
1.118908357E2,1.887485452E0,-3.426870076E0,-9.054623938E-1
1.119108287E2,1.826372108E0,-2.372738716E0,-1.787533586E0
1.119308217E2,1.676883801E0,-1.178236173E0,-2.168998334E0
1.119508147E2,1.048162815E0,-1.917600220E-1,-1.255372788E0
1.119708080E2,7.749257894E-1,6.877886814E-1,2.591380727E-1
1.119908020E2,-5.091536120E-2,1.309091012E0,3.605507192E-1
1.120107950E2,-1.401120924E0,1.703321986E0,-3.797541448E-1
1.120307880E2,-1.394891447E0,2.706239339E0,-2.536399359E-1
1.120507810E2,4.858583048E-1,3.873746456E0,5.992100886E-1
1.120707740E2,2.959498621E0,5.109833227E0,5.526758999E-1
1.120907680E2,2.288743317E0,6.228085154E0,-2.257575026E0
1.121107610E2,-2.310242506E0,4.534070181E0,-1.914377966E0
1.121307540E2,-3.958127917E0,1.498531444E0,3.244418237E0
1.121507470E2,-4.107749687E0,-9.903487623E-1,6.642520012E0
1.121707400E2,-4.593550690E0,-1.496307748E0,3.967209520E0
1.121907340E2,-5.124772863E0,-1.817741472E-1,-1.533273991E0
1.122107270E2,-4.189294665E0,2.049352607E0,-3.511333106E0
1.122307200E2,-1.401739560E0,2.971810518E0,5.327097049E-1
1.122507130E2,1.741883496E0,2.226392848E0,4.614536639E0
1.122707060E2,2.931398656E0,3.324995792E-1,4.937163194E0
1.122907000E2,2.206765792E0,-9.800687724E-1,1.750790852E-1
1.123106930E2,1.101012873E0,-1.939155981E0,-3.630126016E0
1.123306860E2,-4.679789811E-2,-3.508963230E0,-4.706796054E0
1.123506790E2,-1.047123472E0,-4.981785636E0,-2.823005311E0
1.123706720E2,-1.989561026E0,-5.996535414E0,-4.516032690E-1
1.123906660E2,-1.631952334E0,-5.368665490E0,4.580644423E-1
1.124106590E2,-8.539127558E-2,-3.860677344E0,1.712517902E-2
1.124306520E2,1.473989803E0,-2.401157938E0,-1.194423167E0
1.124506450E2,2.704800923E0,-1.324666826E0,-1.745623814E0
1.124706380E2,2.100089190E0,-1.201778818E0,-2.040893440E0
1.124906320E2,2.279275359E-1,-1.485283408E0,-1.886307238E0
1.125106250E2,-9.417782807E-1,-1.111914715E0,-1.062520507E0
1.125306180E2,-1.518198554E0,2.756798458E-1,-5.659258367E-1
1.125506110E2,-1.370186376E0,1.846045504E0,-4.792451039E-1
1.125706050E2,-6.361149363E-1,3.307467009E0,-9.516684075E-1
1.125905980E2,1.765712947E-2,4.129879060E0,-1.523209325E0
1.126105910E2,1.033951011E0,4.882015180E0,-1.527564916E0
1.126305840E2,1.685966573E0,5.410159087E0,-1.314917178E0
1.126505770E2,-2.755620244E-1,5.059616754E0,-1.917537801E0
1.126705710E2,-2.321633905E0,3.231545591E0,2.759112494E-1
1.126905640E2,-2.784123666E0,9.259931374E-1,4.491100747E0
1.127105570E2,-2.847715645E0,-8.048429221E-1,7.149901625E0
1.127305500E2,-2.112134454E0,-1.427341009E0,6.916881895E0
1.127505440E2,2.306029294E-1,-1.886457950E-1,4.294194006E0
1.127705370E2,3.848428012E0,2.293421820E0,8.904122454E-1
1.127905300E2,6.113670931E0,2.849272758E0,-9.278028506E-1
1.128105230E2,3.671445073E0,7.549936545E-1,-1.450931893E0
1.128305160E2,8.582464197E-1,-1.213399574E0,-1.153259207E0
1.128505100E2,-1.339517145E0,-2.852769978E0,-4.858094805E-1
1.128705030E2,-2.108865860E0,-3.850778593E0,3.036745602E-1
1.128904960E2,-1.965250935E0,-4.262452396E0,4.037113568E-1
1.129104890E2,-7.484914045E-1,-4.081083460E0,2.095054445E-1
1.129304830E2,8.001810832E-1,-3.618364050E0,-5.679856646E-1
1.129504760E2,2.081287322E0,-3.423033718E0,-1.198688564E0
1.129704689E2,2.809460821E0,-3.138709933E0,-1.937256805E0
1.129904619E2,2.794044052E0,-2.612592087E0,-2.291661370E0
1.130104559E2,2.378972725E0,-1.770032870E0,-1.353739182E0
1.130304489E2,2.183137486E0,-9.182467461E-1,2.512256205E-2
1.130504419E2,1.960908793E0,-3.848286510E-2,6.475276780E-1
1.130704349E2,1.559529890E0,6.829243827E-1,9.619663775E-2
1.130904289E2,6.875480685E-1,1.472761011E0,-7.666972952E-1
1.131104219E2,6.487971085E-1,2.257529857E0,-3.233405006E-1
1.131304149E2,1.597211979E0,2.824887530E0,1.161141254E0
1.131504079E2,1.600064836E0,2.715113073E0,1.810162895E0
1.131704009E2,3.968078417E-1,3.645843624E0,1.235516667E-3
1.131903949E2,-2.977043191E0,3.684945710E0,-2.269970977E-1
1.132103879E2,-4.756203857E0,2.121663954E0,3.736560836E0
1.132303809E2,-4.264671706E0,1.275539104E0,7.093557855E0
1.132503739E2,-2.813441898E0,1.577686372E0,7.148023499E0
1.132703679E2,-1.446385098E0,1.882153230E0,5.414318211E0
1.132903609E2,3.778157929E-1,2.575778017E0,3.584059605E0
1.133103539E2,3.574592671E0,4.026477483E0,2.052629241E0
1.133303469E2,4.277861855E0,4.304692681E0,2.463690694E-1
1.133503409E2,8.795641986E-1,2.802635366E0,2.008306615E-1
1.133703339E2,-1.808653875E0,2.902382433E-2,2.192716979E0
1.133903269E2,-3.004380094E0,-2.697328182E0,3.607757785E0
1.134103209E2,-2.400694400E0,-4.679244266E0,3.234791965E0
1.134303139E2,-4.831576221E-1,-5.299701090E0,8.182998504E-1
1.134503069E2,1.297083317E0,-5.105758302E0,-1.438472353E0
1.134702999E2,2.446817383E0,-4.514088491E0,-2.457632101E0
1.134902939E2,2.237023233E0,-3.784520869E0,-1.472484583E0
1.135102869E2,1.080474675E0,-3.583757889E0,8.924885917E-1
1.135302799E2,5.315703750E-2,-3.336710688E0,2.551369400E0
1.135502729E2,-1.322177227E0,-2.875156628E0,2.492791994E0
1.135702669E2,-2.432575028E0,-2.103177981E0,1.127203283E0
1.135902599E2,-3.496821779E0,-1.320850348E0,-2.929431653E-1
1.136102529E2,-4.266438735E0,-2.995721537E-1,-7.510906380E-1
1.136302459E2,-4.191341482E0,1.621239942E-1,4.030006278E-1
1.136502399E2,-3.745362943E0,-6.869250476E-2,1.709139966E0
1.136702329E2,-2.868313631E0,-3.349010307E-1,1.438039075E0
1.136902259E2,-2.236752945E0,-3.602223980E-1,-1.580462922E-1
1.137102199E2,-1.589826215E0,-4.842196226E-2,-1.500950876E0
1.137302129E2,-9.422695930E-1,4.418202925E-1,-1.692368982E0
1.137502059E2,3.824665220E-1,2.002193059E0,-1.346938431E0
1.137701989E2,2.041048099E0,4.950008942E0,-4.575972497E-1
1.137901929E2,4.201510668E0,7.593525783E0,1.810163919E0
1.138101859E2,4.930074615E0,8.281920236E0,3.458383645E0
1.138301789E2,3.401822651E0,5.862818363E0,3.584428857E0
1.138501729E2,-4.018805936E-2,8.296327776E-1,2.532472953E0
1.138701659E2,-1.894691707E0,-2.484976020E0,8.764660513E-1
1.138901589E2,-8.708302125E-1,-3.693967379E0,-4.731566906E-1
1.139101519E2,2.855945309E-1,-3.313479116E0,-2.176263792E0
1.139301459E2,7.580108178E-1,-2.725038137E0,-2.849297024E0
1.139501389E2,7.456192522E-1,-2.427495552E0,-2.250038989E0
1.139701314E2,1.841302827E-1,-2.454848242E0,-4.524598861E-1
1.139901254E2,-3.634838288E-1,-2.363494268E0,1.087432569E0
1.140101184E2,-1.349324680E-1,-2.094225309E0,1.593910641E0
1.140301114E2,3.900590584E-1,-1.594724573E0,9.668920720E-1
1.140501054E2,1.173601524E0,-1.007199853E0,-2.000806099E-1
1.140700984E2,9.199385648E-1,-7.434413105E-1,-1.049785709E0
1.140900914E2,-1.172383549E-1,-2.778602725E-1,-1.396543724E0
1.141100844E2,-6.302016471E-1,7.944863337E-1,-6.735893029E-1
1.141300784E2,-6.418002572E-1,1.582623761E0,1.178613904E0
1.141500714E2,-4.657161087E-1,1.281165880E0,2.813118839E0
1.141700644E2,-4.713477083E-1,-3.604539478E-1,3.417749589E0
1.141900584E2,-8.424125983E-1,-2.004800332E0,2.080526453E0
1.142100514E2,-6.104115265E-1,-2.328661235E0,1.348239291E-1
1.142300444E2,-2.873735462E-1,-2.149815373E0,-5.543921307E-1
1.142500384E2,-9.559956394E-2,-2.191560985E0,3.111671092E-1
1.142700314E2,-4.083024444E-1,-2.400192563E0,9.083684599E-1
1.142900244E2,-1.459409771E0,-2.255999640E0,9.592890105E-1
1.143100184E2,-2.317752377E0,-1.062779977E0,7.192963298E-1
1.143300114E2,-2.086081308E0,1.478699443E0,-2.328022865E-1
1.143500044E2,-4.521658442E-1,4.654475461E0,-1.821896503E0
1.143699984E2,1.810569569E0,6.149275796E0,-2.214087968E0
1.143899914E2,7.453581740E-1,5.576757370E0,-2.516367382E0
1.144099844E2,-1.185757593E0,5.749336771E0,-2.710499035E0
1.144299774E2,-1.683601667E0,6.614789007E0,-2.389936547E0
1.144499714E2,-8.576285152E-1,5.955231852E0,2.408643544E-2
1.144699644E2,1.061988848E0,3.465204422E0,2.278067178E0
1.144899584E2,1.016943507E0,5.673787236E-1,7.101121813E-1
1.145099514E2,1.752849072E-1,-2.111955822E0,-2.142266618E0
1.145299444E2,-9.394983052E-1,-4.335899271E0,-3.359863908E0
1.145499384E2,-1.205147253E0,-5.461113478E0,-2.550884081E0
1.145699314E2,-1.052885757E0,-5.555153663E0,-8.955490243E-1
1.145899244E2,-3.401937841E-1,-4.678109322E0,4.541608411E-1
1.146099184E2,9.682565197E-2,-3.369672028E0,3.360049484E-1
1.146299114E2,-3.843333918E-1,-1.949983855E0,-1.086367645E0
1.146499044E2,-7.178302136E-1,-8.236399662E-1,-1.327298657E0
1.146698984E2,-6.106723854E-1,-3.369715297E-1,3.065192123E-1
1.146898914E2,-4.851654097E-1,-7.088959605E-1,1.993866039E0
1.147098844E2,-8.085692064E-1,-1.175773326E0,1.946290169E0
1.147298784E2,-1.585731994E0,-1.223816389E0,-3.980667472E-2
1.147498714E2,-2.027803425E0,-9.692040610E-1,-1.314685628E0
1.147698644E2,-2.214854245E0,-7.746461463E-1,-1.175461085E0
1.147898584E2,-2.561181905E0,-4.937055606E-1,-4.565096676E-1
1.148098514E2,-2.894683697E0,-5.112115395E-1,6.599448252E-1
1.148298444E2,-2.830457588E0,-1.029733853E0,1.757185367E0
1.148498384E2,-2.353842123E0,-1.370621263E0,1.573973390E0
1.148698314E2,-1.729806657E0,-1.556075647E0,3.736019969E-1
1.148898244E2,-1.230593019E0,-1.007379947E0,-9.927344263E-1
1.149098184E2,-1.309847642E0,5.860804582E-1,-2.616634852E0
1.149298114E2,-1.868041267E0,4.129369183E0,-3.579682379E0
1.149498054E2,1.581815383E0,6.228750567E0,6.743693215E-1
1.149697984E2,6.963580683E0,5.535054443E0,5.495621991E0
1.149897914E2,6.835181090E0,5.951499574E0,1.698462950E0
1.150097854E2,9.567918840E-1,5.802501410E0,-4.690412156E0
1.150297784E2,-2.849960976E0,3.863887466E0,-5.191390191E0
1.150497714E2,-2.378728311E0,9.259194624E-1,7.952507110E-1
1.150697654E2,-4.467236213E-1,-1.410977576E0,4.282213061E0
1.150897584E2,1.128556402E0,-2.803210148E0,2.579355928E0
1.151097514E2,1.268237248E0,-3.729318475E0,-2.152720270E0
1.151297454E2,1.010418307E0,-4.085757140E0,-4.925602080E0
1.151497384E2,1.091281718E0,-3.886729614E0,-4.134431117E0
1.151697324E2,9.434255876E-1,-3.123926418E0,-1.767105169E0
1.151897254E2,7.658380194E-2,-2.062926334E0,-2.624119288E-1
1.152097184E2,-8.454049109E-1,-1.008808422E0,9.960072590E-1
1.152297124E2,-1.201529946E0,-2.007232189E-1,1.976687504E0
1.152497054E2,-4.866805330E-1,-1.278142869E-2,2.594928818E0
1.152696984E2,8.064779498E-1,2.200359875E-1,1.756124244E0
1.152896924E2,1.209817716E0,7.090216756E-2,-3.217028417E-2
1.153096854E2,4.317667361E-1,-5.883959556E-1,-1.227622342E0
1.153296794E2,2.568716554E-2,-9.198903984E-1,-9.579171807E-1
1.153496724E2,4.269813200E-2,-8.954016745E-1,-1.208129040E-1
1.153696654E2,2.361746590E-2,-7.946260822E-1,8.430305028E-1
1.153896594E2,-1.490863204E-1,-1.077357670E0,1.106593091E0
1.154096524E2,-4.242142165E-1,-1.480700945E0,8.243965960E-1
1.154296464E2,-7.113471863E-1,-1.827622681E0,9.032316810E-1
1.154496394E2,-5.296904586E-1,-2.017073638E0,1.724227536E0
1.154696324E2,-1.460156460E-1,-1.902423772E0,2.135051300E0
1.154896264E2,-5.594862616E-1,-1.137871090E0,7.028290357E-1
1.155096194E2,-1.838895528E0,6.115012282E-1,-2.016746194E0
1.155296134E2,-1.867861758E0,3.090546418E0,-3.797033325E0
1.155496064E2,4.352130119E-1,5.985368401E0,-3.757801432E0
1.155695994E2,1.109775876E0,7.477522872E0,-3.402460290E0
1.155895934E2,-1.193369060E0,6.347951905E0,-2.377944638E0
1.156095864E2,-2.201295137E0,4.804800358E0,4.026538879E-2
1.156295804E2,-6.810497653E-1,2.882143466E0,2.128442631E0
1.156495734E2,7.871178187E-1,9.412315661E-1,2.388225505E0
1.156695664E2,1.386088171E0,-2.360146737E-1,1.458998858E0
1.156895604E2,1.122690110E0,-1.713982045E0,5.468549967E-2
1.157095534E2,1.856052428E-2,-2.865294714E0,-1.095708864E0
1.157295464E2,-4.213423200E-1,-3.127103210E0,-1.415001045E0
1.157495404E2,-6.229996316E-1,-2.800274845E0,-1.608507776E0
1.157695334E2,-3.009858643E-1,-2.218718963E0,-1.605315781E0
1.157895274E2,-2.431273730E-1,-1.473215339E0,-1.973393767E0
1.158095204E2,-9.996506591E-1,-6.950830829E-1,-2.336724253E0
1.158295144E2,-1.874996238E0,-2.799699479E-1,-1.341320573E0
1.158495074E2,-2.212755680E0,-5.365755916E-1,4.457849970E-1
1.158695004E2,-2.018903963E0,-1.050556372E0,1.381229135E0
1.158894944E2,-1.651387601E0,-1.322106915E0,9.407921478E-2
1.159094874E2,-1.543257235E0,-1.133288627E0,-1.621395624E0
1.159294814E2,-1.660689206E0,-6.592688870E-1,-2.333379938E0
1.159494744E2,-1.548371064E0,-3.967961472E-1,-1.776035914E0
1.159694679E2,-1.082341691E0,-5.581120563E-1,-6.507117793E-1
1.159894619E2,-7.001567119E-1,-9.819416356E-1,-9.258552893E-1
1.160094549E2,-1.227323987E0,-1.495369270E0,-2.202384912E0
1.160294489E2,-2.001662862E0,-1.750579768E0,-2.132020834E0
1.160494419E2,-1.255761921E0,-1.052922741E0,-3.353158906E-2
1.160694359E2,-2.363291077E-1,9.444305778E-2,1.805242756E0
1.160894289E2,-3.822530986E-1,1.323346524E0,2.046638037E0
1.161094219E2,-1.075250626E0,1.387638415E0,2.895444712E0
1.161294159E2,-8.778376620E-1,3.477309912E-1,5.202311620E0
1.161494089E2,2.831446937E-1,-7.817762411E-1,7.233593992E0
1.161694029E2,1.976828276E0,1.861297381E-1,5.954713204E0
1.161893959E2,2.887127048E0,2.276359060E0,1.856120841E0
1.162093899E2,2.651176109E0,3.468208137E0,-4.611263368E-1
1.162293829E2,2.115215790E0,2.866047835E0,4.504329488E-1
1.162493759E2,9.180504258E-1,1.078798424E0,2.160621905E0
1.162693699E2,-1.946994174E-1,-6.515716124E-1,2.072415780E0
1.162893629E2,-5.107257821E-1,-1.728486063E0,8.591591701E-1
1.163093569E2,-2.416896889E-1,-2.146200625E0,-2.629393476E-1
1.163293499E2,1.559588362E-1,-2.172126594E0,-1.198638863E0
1.163493439E2,9.450740638E-1,-1.714801825E0,-1.349100586E0
1.163693369E2,1.154454524E0,-1.445167415E0,-1.421098229E0
1.163893299E2,1.001551297E0,-1.344040405E0,-1.317981412E0
1.164093239E2,5.915264086E-1,-1.233381849E0,-8.735900983E-1
1.164293169E2,4.445186363E-1,-9.422770482E-1,-1.345096412E-1
1.164493109E2,1.035093411E0,-9.377805394E-1,7.226760936E-1
1.164693039E2,1.931575358E0,-8.657130218E-1,7.550310767E-1
1.164892979E2,2.103859328E0,-8.004785603E-1,-5.497692490E-1
1.165092909E2,1.948925509E0,-5.026132089E-1,-1.610763778E0
1.165292839E2,1.593343461E0,-3.214027333E-1,-1.413607069E0
1.165492779E2,1.424893510E0,-9.856242120E-2,-5.706025860E-1
1.165692709E2,1.463936100E0,3.501546621E-2,-7.076154202E-2
1.165892649E2,1.220442838E0,2.525301343E-1,-6.957885495E-1
1.166092579E2,6.001700552E-1,9.746560049E-1,-8.927518626E-1
1.166292519E2,9.585597897E-1,2.371870404E0,-1.217672427E-1
1.166492449E2,1.940972857E0,4.652865722E0,-3.795901304E-1
1.166692389E2,2.979464816E-1,5.382434514E0,-1.157703091E0
1.166892319E2,-4.186278086E0,3.677127982E0,-4.498263001E-3
1.167092249E2,-6.988300956E0,7.965603411E-1,4.137370512E0
1.167292189E2,-5.483799505E0,-1.249945841E0,7.532426473E0
1.167492119E2,-3.270229016E0,-5.467433149E-1,3.710873433E0
1.167692059E2,-2.537751527E0,1.176807699E0,-2.938956183E0
1.167891989E2,-1.792014307E0,3.043886806E0,-6.037021535E0
1.168091929E2,-2.713888666E-1,2.564665968E0,-2.596005875E0
1.168291859E2,6.111401626E-1,6.853971702E-1,2.353718308E0
1.168491799E2,9.508011192E-1,-1.219029858E0,4.560928781E0
1.168691729E2,4.790945381E-1,-2.315552947E0,1.928103574E0
1.168891669E2,3.771977422E-1,-2.797614362E0,-1.845718644E0
1.169091599E2,2.254902703E-1,-3.186926073E0,-3.980500826E0
1.169291529E2,-3.926338068E-1,-3.813976218E0,-4.353820403E0
1.169491469E2,-9.971134061E-1,-4.097174413E0,-3.032558995E0
1.169691399E2,-6.050725070E-1,-3.377775684E0,-1.340026292E0
1.169891339E2,-2.149310759E-1,-2.273584557E0,-9.340631720E-1
1.170091269E2,4.227197778E-1,-1.036862778E0,-9.445603859E-1
1.170291209E2,1.021791872E0,-3.628659242E-1,-1.013697864E0
1.170491139E2,1.237161489E0,-5.305769330E-1,-1.172626355E0
1.170691079E2,6.059234230E-1,-1.349463113E0,-1.799374782E0
1.170891009E2,-1.402976538E-1,-1.154781822E0,-2.542227278E0
1.171090949E2,-1.066669983E0,-9.718130887E-2,-2.517112902E0
1.171290879E2,-1.212517522E0,1.267686294E0,-1.652926004E0
1.171490819E2,-3.741221067E-1,2.340943896E0,-5.918838197E-1
1.171690749E2,4.177617775E-1,2.926363034E0,-5.384396839E-1
1.171890679E2,2.739793293E-1,3.055926223E0,-1.739202402E0
1.172090619E2,3.903169937E-1,3.588768368E0,-2.724904528E0
1.172290549E2,6.226123998E-1,4.601718957E0,-3.089654133E0
1.172490489E2,2.646914658E-1,5.242780200E0,-2.599882579E0
1.172690419E2,-1.037708139E0,4.280822008E0,2.942298451E-1
1.172890359E2,-2.286655130E0,2.308760237E0,3.615131124E0
1.173090289E2,-3.121596302E0,4.048290521E-1,5.635477449E0
1.173290229E2,-2.429238168E0,-1.047912846E0,6.284406704E0
1.173490159E2,2.206072605E-1,-6.676982331E-1,5.106300924E0
1.173690099E2,3.623935862E0,6.885622680E-1,2.195623046E0
1.173890029E2,5.121579698E0,1.342631226E0,-8.459698981E-1
1.174089969E2,3.265264730E0,-2.956451637E-1,-1.894697846E0
1.174289899E2,1.386505078E0,-1.585814586E0,-1.640310051E0
1.174489839E2,-8.327388185E-1,-2.673258703E0,-1.142509978E0
1.174689769E2,-2.159925063E0,-3.391280998E0,-2.431263497E-1
1.174889709E2,-2.157784544E0,-3.708442161E0,3.906276271E-1
1.175089639E2,-5.458963457E-1,-3.261940003E0,2.650981396E-1
1.175289569E2,1.061180179E0,-3.056550121E0,-5.800446698E-1
1.175489509E2,2.555333812E0,-2.925137458E0,-1.521455453E0
1.175689439E2,3.435862801E0,-2.668785583E0,-2.272538782E0
1.175889379E2,3.240179882E0,-2.476546674E0,-2.031201680E0
1.176089309E2,2.132348132E0,-2.579287516E0,-7.906871054E-1
1.176289249E2,1.164625025E0,-1.909424059E0,-5.085914022E-1
1.176489179E2,7.722541966E-1,-6.166169572E-1,-1.388770143E0
1.176689119E2,3.629597721E-1,4.751038134E-1,-2.008303691E0
1.176889049E2,7.683801238E-1,1.636449135E0,-1.596536187E0
1.177088989E2,1.242903601E0,2.377476130E0,-1.034198933E0
1.177288919E2,4.921846998E-1,2.906459697E0,-1.738859024E0
1.177488859E2,-7.622442019E-1,3.097465428E0,-1.365873324E0
1.177688789E2,-2.917414163E-1,4.133010244E0,5.194207379E-1
1.177888729E2,-7.471012290E-1,4.939981552E0,1.385428459E0
1.178088659E2,-3.333449989E0,4.843318892E0,2.551497162E0
1.178288599E2,-5.417641768E0,2.943795923E0,5.176400853E0
1.178488529E2,-5.177841023E0,1.210885271E0,5.951648678E0
1.178688469E2,-4.521559478E0,1.059209082E0,3.025231265E0
1.178888399E2,-2.346669636E0,2.528096897E0,-1.163354571E0
1.179088339E2,6.009638147E-1,3.788237359E0,-2.788476918E0
1.179288269E2,2.404174371E0,2.910956206E0,-1.226939387E0
1.179488209E2,1.338982271E0,1.825851560E-2,8.760061678E-1
1.179688135E2,-1.080080134E-1,-2.044229861E0,1.657676867E0
1.179888075E2,-8.346170904E-1,-3.303529494E0,8.354624516E-1
1.180088005E2,-7.767400342E-1,-4.335140887E0,-5.158472121E-1
1.180287935E2,-1.699727118E-1,-5.415547296E0,-1.527173738E0
1.180487875E2,3.984721054E-1,-5.912293409E0,-2.448178323E0
1.180687805E2,6.563071261E-1,-5.656682961E0,-2.783476964E0
1.180887745E2,7.012432708E-1,-4.643796691E0,-2.558680758E0
1.181087675E2,5.247474052E-1,-3.586122503E0,-1.984708276E0
1.181287615E2,3.230270898E-1,-2.605360250E0,-1.597724780E0
1.181487545E2,5.019603673E-1,-1.698404478E0,-8.775257130E-1
1.181687485E2,4.825448339E-1,-1.145149704E0,-2.261072977E-1
1.181887415E2,1.995850584E-1,-6.859672737E-1,-3.569176979E-1
1.182087355E2,-2.532662988E-2,8.534806466E-1,-1.489963080E0
1.182287285E2,-4.995321648E-1,2.621129022E0,-2.411475935E0
1.182487225E2,-6.827568600E-1,4.085419756E0,-1.549207654E0
1.182687155E2,-4.388684718E-1,4.948865227E0,-5.579737696E-1
1.182887095E2,-2.115839835E-1,4.443245965E0,-5.261850893E-2
1.183087025E2,6.234585650E-1,4.290353554E0,-7.118536283E-1
1.183286965E2,-3.038983624E-1,3.626213352E0,-2.008801582E0
1.183486895E2,-1.643789729E0,2.063149112E0,-1.997981894E-1
1.183686835E2,-2.484892990E0,7.680972648E-1,3.722068512E0
1.183886765E2,-3.558210819E0,-1.775010020E-1,7.097547995E0
1.184086705E2,-2.378506410E0,9.628457987E-1,8.866347102E0
1.184286635E2,1.502166658E0,3.526271573E0,6.475199597E0
1.184486575E2,4.101765939E0,4.216407911E0,1.857941664E0
1.184686505E2,3.287668337E0,1.761676614E0,-1.516635008E0
1.184886445E2,1.514421691E0,-5.666565925E-1,-3.157526858E0
1.185086375E2,-2.224101032E-1,-2.380090420E0,-2.675109932E0
1.185286315E2,-1.438039659E0,-3.956485142E0,-7.036989552E-1
1.185486245E2,-1.686915576E0,-4.817166050E0,5.876105283E-1
1.185686185E2,-8.512531498E-1,-5.005270978E0,3.437083992E-1
1.185886115E2,4.044980997E-1,-4.758985085E0,-6.809135252E-1
1.186086055E2,1.454474428E0,-4.263731766E0,-1.501887746E0
1.186285985E2,2.220618284E0,-3.885369551E0,-1.807517907E0
1.186485925E2,2.382722544E0,-3.482809219E0,-1.602061221E0
1.186685855E2,2.195142989E0,-2.721174297E0,-1.442238252E0
1.186885795E2,1.600198883E0,-1.753437302E0,-9.858212632E-1
1.187085725E2,1.219739564E0,-7.347441620E-1,-1.617316461E-1
1.187285665E2,8.845214680E-1,7.517882109E-2,4.877805769E-2
1.187485595E2,5.965481436E-1,8.108105904E-1,-3.683184528E-1
1.187685535E2,6.052860765E-1,1.617341604E0,-1.123755326E0
1.187885465E2,7.423528513E-1,3.115093614E0,-1.699028376E0
1.188085405E2,9.391677913E-1,4.308978106E0,-1.610076438E0
1.188285335E2,1.680276940E0,4.278850912E0,1.977528334E-3
1.188485275E2,1.583663396E0,4.582881567E0,4.843774974E-2
1.188685205E2,-2.180556525E0,3.436357183E0,-5.842720605E-1
1.188885135E2,-5.281064844E0,1.638078754E0,2.089257515E0
1.189085075E2,-4.844999966E0,4.163568377E-2,5.383996305E0
1.189285005E2,-4.166124780E0,-2.451486093E-1,4.056541527E0
1.189484945E2,-3.336156080E0,1.830639260E0,-7.604185550E-1
1.189684877E2,-2.275653594E0,3.947476922E0,-3.039144130E0
1.189884817E2,-1.540915279E-1,4.462989673E0,2.328244328E-1
1.190084747E2,1.869680534E0,2.466725691E0,4.410508574E0
1.190284687E2,2.138362724E0,-2.879075432E-1,4.941680169E0
1.190484617E2,1.605601710E0,-1.503713247E0,9.526663810E-1
1.190684557E2,7.910990417E-1,-2.384331990E0,-2.675098822E0
1.190884487E2,2.187048689E-2,-3.796479594E0,-3.960614446E0
1.191084427E2,-1.017388919E0,-5.363769616E0,-2.869824552E0
1.191284357E2,-1.474478484E0,-6.462711698E0,-9.706196719E-1
1.191484297E2,-1.187722111E0,-6.285925226E0,-3.452934332E-1
1.191684227E2,1.030070360E-1,-5.029631647E0,-9.393915935E-1
1.191884167E2,1.219046084E0,-3.322086802E0,-1.944419060E0
1.192084097E2,2.069644200E0,-1.556511850E0,-2.381265126E0
1.192284037E2,2.168820140E0,-5.325649863E-1,-1.570917050E0
1.192483967E2,1.120453842E0,-5.642551410E-1,-4.538164401E-1
1.192683907E2,-5.642782375E-1,-2.057231730E-1,-5.225061674E-1
1.192883837E2,-1.767718688E0,9.923204434E-1,-1.445382154E0
1.193083777E2,-1.589358438E0,2.719757516E0,-1.886040459E0
1.193283707E2,-1.827633499E-1,4.684954072E0,-1.916258431E0
1.193483647E2,8.667441782E-1,5.321059214E0,-1.774689446E0
1.193683577E2,7.346954839E-1,4.914762511E0,-1.396541385E0
1.193883517E2,-5.973714316E-1,4.497582386E0,-1.017602196E0
1.194083447E2,-2.323471393E0,3.540100822E0,1.202909669E0
1.194283387E2,-2.150361357E0,2.158413119E0,5.269052324E0
1.194483317E2,-1.218440313E0,6.299088478E-1,8.417953954E0
1.194683257E2,-3.828135543E-1,2.912474728E-1,7.491125250E0
1.194883187E2,1.460530097E0,1.694659921E0,2.886330072E0
1.195083127E2,3.859210278E0,3.528562512E0,-1.236322998E0
1.195283057E2,4.390080741E0,2.219010154E0,-1.249792644E0
1.195482997E2,2.326862924E0,-8.061819345E-1,4.550367540E-1
1.195682927E2,2.428114772E-1,-2.612852288E0,1.010678946E0
1.195882867E2,-1.144527706E0,-3.569079039E0,3.808999068E-1
1.196082797E2,-1.627483892E0,-4.270228608E0,-5.045053679E-1
1.196282737E2,-9.622321334E-1,-4.710068448E0,-9.953554407E-1
1.196482667E2,4.645288315E-1,-4.818441328E0,-1.360188661E0
1.196682607E2,1.380299866E0,-4.557581250E0,-1.579452377E0
1.196882537E2,2.188487396E0,-4.316615739E0,-1.324244364E0
1.197082477E2,2.255703333E0,-3.929437677E0,-1.359255737E0
1.197282407E2,2.009866214E0,-3.187310236E0,-1.362972666E0
1.197482347E2,1.783057250E0,-2.270439924E0,-1.198132056E0
1.197682277E2,1.529862141E0,-9.550216395E-1,-7.715696338E-1
1.197882217E2,1.117743073E0,6.814485455E-1,-4.191760728E-1
1.198082147E2,3.821984272E-1,2.264522542E0,-3.150497335E-1
1.198282087E2,2.963544309E-2,3.286265005E0,2.668610752E-2
1.198482017E2,2.359557630E-1,3.373187959E0,4.839740396E-3
1.198681957E2,1.083819282E0,3.144296948E0,-8.264040913E-1
1.198881887E2,2.138470898E0,4.034330878E0,-1.507321710E0
1.199081827E2,6.619780482E-1,5.195461607E0,-1.719236938E0
1.199281757E2,-3.546999952E0,4.423765381E0,1.128226254E0
1.199481697E2,-5.319573437E0,1.941821142E0,5.735515122E0
1.199681632E2,-4.178264769E0,4.210375339E-1,7.115663254E0
1.199881572E2,-3.945907237E0,7.986559832E-1,2.716957285E0
1.200081502E2,-3.063938663E0,2.617596134E0,-2.066955650E0
1.200281442E2,-7.298848334E-1,4.035886822E0,-2.502541641E0
1.200481372E2,2.131925086E0,3.216112450E0,1.533501302E0
1.200681312E2,2.288651808E0,2.913188088E-1,3.456436522E0
1.200881242E2,1.204842905E0,-1.596204504E0,1.945977781E0
1.201081172E2,3.601786901E-1,-2.312725818E0,-8.687810558E-1
1.201281112E2,-2.210433166E-1,-3.667159064E0,-2.300105188E0
1.201481042E2,-8.955741674E-1,-5.187345672E0,-2.484042220E0
1.201680982E2,-1.163016017E0,-6.217247339E0,-1.867353342E0
1.201880912E2,-5.424323089E-1,-5.799654400E0,-1.015064066E0
1.202080852E2,8.546794720E-1,-4.393544632E0,-2.002685979E-1
1.202280782E2,1.997033476E0,-3.076942871E0,-5.491203542E-1
1.202480722E2,2.247476739E0,-2.195604334E0,-1.820790210E0
1.202680652E2,1.204073850E0,-2.066573242E0,-2.304577869E0
1.202880592E2,1.700629051E-1,-1.652538918E0,-1.314855782E0
1.203080522E2,-5.920118737E-1,-5.436571544E-1,-3.192443798E-1
1.203280462E2,-6.924081279E-1,1.234486388E0,-7.583195508E-1
1.203480392E2,-1.164652799E-1,2.746758204E0,-1.836848272E0
1.203680332E2,3.316667895E-1,3.696461216E0,-2.425947209E0
1.203880262E2,2.031843120E-1,4.320635115E0,-2.371894963E0
1.204080202E2,2.191504267E-1,4.277925882E0,-9.456432903E-1
1.204280132E2,1.103992176E0,4.795903235E0,-4.909322262E-3
1.204480072E2,-5.757411191E-1,3.907208902E0,2.237649031E-1
1.204680002E2,-1.965505143E0,1.699189759E0,2.368161808E0
1.204879942E2,-2.600947357E0,1.966658360E-1,4.065409707E0
1.205079872E2,-3.111670946E0,-2.856119263E-1,4.820733436E0
1.205279812E2,-1.339082843E0,1.285919666E0,5.202895757E0
1.205479742E2,2.936593907E0,4.209284248E0,4.570659133E0
1.205679682E2,6.025049361E0,4.810825914E0,2.436420742E0
1.205879612E2,3.824497990E0,1.885743420E0,-4.326369479E-2
1.206079552E2,1.191772478E0,-4.601624233E-1,-1.964184549E0
1.206279482E2,-7.450674212E-1,-2.411175388E0,-1.768510839E0
1.206479422E2,-1.540591490E0,-3.978913307E0,-3.655562282E-1
1.206679352E2,-1.655944483E0,-4.982544605E0,4.438738346E-1
1.206879292E2,-9.444975284E-1,-5.232340581E0,-2.025797099E-2
1.207079222E2,6.061998501E-2,-5.052373223E0,-1.404655274E0
1.207279162E2,6.700207472E-1,-4.801899555E0,-2.081220810E0
1.207479092E2,1.647369980E0,-4.306643313E0,-1.728200281E0
1.207679032E2,2.302541138E0,-3.511796790E0,-1.666861088E0
1.207878962E2,2.176021717E0,-2.497632903E0,-1.720944032E0
1.208078902E2,2.260146339E0,-1.439038364E0,-8.637887031E-1
1.208278832E2,2.433688630E0,-5.050661159E-1,5.385928810E-2
1.208478772E2,1.789803914E0,3.186703295E-1,-3.027157630E-1
1.208678702E2,3.990113649E-1,9.491083503E-1,-1.330848502E0
1.208878642E2,-7.490651625E-1,1.838656377E0,-1.708492240E0
1.209078572E2,-5.423206271E-1,3.489495510E0,-1.407932784E0
1.209278512E2,7.302665104E-1,4.488458390E0,-2.609689821E-1
1.209478442E2,1.608591538E0,4.930713131E0,1.701323408E-1
1.209678383E2,-5.463842958E-2,4.639477937E0,-1.274494353E0
1.209878313E2,-4.066347600E0,3.552312148E0,-3.229985847E-1
1.210078253E2,-5.051638228E0,1.623406920E0,4.129600148E0
1.210278183E2,-4.269465254E0,9.380185211E-1,6.209749455E0
1.210478113E2,-4.084514899E0,1.542948064E0,3.556560150E0
1.210678053E2,-3.286930418E0,3.088723841E0,-1.748048508E-1
1.210877983E2,-7.938915257E-1,4.206785733E0,-6.783068365E-1
1.211077923E2,1.156536864E0,3.027007064E0,1.364427892E0
1.211277853E2,1.750800062E0,4.449169779E-1,2.752688158E0
1.211477793E2,1.324249627E0,-1.428803982E0,1.192596204E0
1.211677723E2,6.411445650E-1,-2.437837522E0,-1.249543114E0
1.211877663E2,3.632538870E-2,-3.667423943E0,-2.302627677E0
1.212077593E2,-4.194019215E-1,-4.607380232E0,-1.850862586E0
1.212277533E2,-1.277340193E0,-5.579257640E0,-1.138952386E0
1.212477463E2,-1.690466298E0,-5.912292239E0,-6.409100917E-1
1.212677403E2,-8.001018535E-1,-5.017395764E0,-5.204812767E-1
1.212877333E2,3.997717953E-1,-4.071278265E0,-4.739830483E-1
1.213077273E2,1.486393501E0,-2.912964724E0,-1.141042766E0
1.213277203E2,2.263648091E0,-1.657271655E0,-1.961673755E0
1.213477143E2,1.738312309E0,-8.648341852E-1,-2.186459435E0
1.213677073E2,1.081318282E-1,-4.766387075E-1,-1.495237707E0
1.213877013E2,-1.326509283E0,7.149144995E-1,-8.216666771E-1
1.214076943E2,-1.500129927E0,2.247751558E0,-1.452923454E-1
1.214276883E2,-6.193423444E-1,3.006863991E0,5.859448028E-1
1.214476813E2,2.304529484E-1,3.326522500E0,-6.391464253E-1
1.214676753E2,3.154295102E-1,3.435330412E0,-2.480541492E0
1.214876683E2,7.163322300E-1,3.836911336E0,-2.762399506E0
1.215076613E2,-2.346524186E-2,4.023029965E0,-1.859536930E0
1.215276553E2,-1.219851173E0,3.101434518E0,2.059597514E0
1.215476483E2,-2.076235473E0,1.763100995E0,5.884975217E0
1.215676423E2,-2.524098571E0,7.985957569E-1,7.709728085E0
1.215876353E2,-1.568229378E0,1.082987954E0,6.926958987E0
1.216076293E2,1.423708426E0,2.671510971E0,4.138653392E0
1.216276223E2,4.787734967E0,3.491597584E0,1.025074207E0
1.216476163E2,4.551345487E0,1.249328960E0,-6.241809154E-1
1.216676093E2,2.165876652E0,-9.709997410E-1,-1.910409899E0
1.216876033E2,-3.046886136E-1,-2.330010772E0,-2.188699358E0
1.217075963E2,-1.813412632E0,-3.264677669E0,-9.587737978E-1
1.217275903E2,-2.363920384E0,-3.761642468E0,4.620417184E-1
1.217475833E2,-1.654128484E0,-3.498260486E0,1.037001357E0
1.217675773E2,-4.797859713E-2,-3.258577269E0,9.550827429E-1
1.217875703E2,1.176100916E0,-3.512484423E0,5.384525478E-2
1.218075633E2,2.156154194E0,-3.635171871E0,-1.274677809E0
1.218275573E2,2.676671138E0,-3.653912782E0,-2.086901818E0
1.218475503E2,2.638507824E0,-3.575529687E0,-2.183413475E0
1.218675443E2,1.786199544E0,-3.329937274E0,-1.597871545E0
1.218875373E2,8.632044201E-1,-2.180788075E0,-5.070759501E-1
1.219075313E2,4.094514222E-1,-4.136419755E-1,1.072822277E-1
1.219275243E2,1.812373728E-1,1.093250402E0,1.264624107E-1
1.219475183E2,5.820695606E-1,2.145939839E0,-2.311100292E-1
1.219675110E2,1.468278096E0,3.136019629E0,-1.053310411E0
1.219875050E2,2.195697159E0,3.883966219E0,-2.025525642E0
1.220074980E2,2.191592267E0,4.009291347E0,-2.211342700E0
1.220274910E2,1.441998078E0,4.513571597E0,-1.555442979E0
1.220474850E2,-1.544669630E0,4.490287399E0,-1.200500616E0
1.220674780E2,-3.866804641E0,3.379365542E0,1.637748971E0
1.220874720E2,-4.005339214E0,1.148037643E0,5.903478731E0
1.221074650E2,-3.634985053E0,-5.311838740E-1,6.263749076E0
1.221274590E2,-4.481152294E0,-2.262895846E-1,1.192056652E0
1.221474520E2,-3.775665845E0,2.094146372E0,-2.551917869E0
1.221674460E2,-1.204404071E0,4.068892016E0,-1.017886663E0
1.221874390E2,2.500378756E0,3.838876585E0,3.406884293E0
1.222074330E2,3.900353041E0,7.208160943E-1,4.928415760E0
1.222274260E2,2.451513136E0,-1.466349539E0,1.094066089E0
1.222474190E2,6.947413132E-1,-2.276466649E0,-2.789714774E0
1.222674130E2,-1.020059488E0,-3.248030062E0,-4.018751557E0
1.222874060E2,-1.712262964E0,-4.594190667E0,-1.737921715E0
1.223074000E2,-1.775958584E0,-5.341190009E0,4.693992698E-1
1.223273930E2,-8.433368969E-1,-5.110236685E0,8.595097107E-1
1.223473870E2,1.084107696E0,-4.301800649E0,-5.247836579E-1
1.223673800E2,2.591525738E0,-3.503258686E0,-2.220664331E0
1.223873730E2,2.886704294E0,-3.138947915E0,-2.804801760E0
1.224073670E2,1.609500487E0,-2.927275785E0,-2.546183797E0
1.224273600E2,1.023740749E-1,-2.140558062E0,-1.244717261E0
1.224473540E2,-6.756026454E-1,-8.115871006E-1,2.930992860E-1
1.224673470E2,-8.405552302E-1,7.896185267E-1,6.833880669E-1
1.224873410E2,-4.056448849E-1,1.991867461E0,-4.528218287E-1
1.225073340E2,-2.206593007E-2,2.976108806E0,-2.386722332E0
1.225273280E2,-1.265056801E-1,4.092986053E0,-3.341408342E0
1.225473210E2,-3.440278034E-1,5.340107104E0,-2.805400515E0
1.225673140E2,7.380340979E-1,6.207114115E0,-5.805163939E-1
1.225873080E2,3.704904011E-1,5.877484349E0,7.276965129E-1
1.226073010E2,-8.235449490E-1,4.123224344E0,2.687946324E0
1.226272950E2,-1.556910045E0,1.679838983E0,4.668633324E0
1.226472880E2,-1.553892151E0,-2.453403980E-1,5.523372291E0
1.226672820E2,-9.424899600E-1,-8.992292619E-1,4.568512620E0
1.226872750E2,1.082192952E0,4.564997274E-1,1.784865502E0
1.227072680E2,3.327050796E0,2.786707551E0,-9.846418798E-1
1.227272620E2,3.443330573E0,2.430467691E0,-4.829490227E-1
1.227472550E2,1.845156142E0,-6.388352072E-1,1.514400495E0
1.227672490E2,3.683490045E-1,-2.724075685E0,1.497987361E0
1.227872420E2,-6.189232452E-1,-3.866447377E0,-7.495721161E-2
1.228072360E2,-8.440205826E-1,-4.550351168E0,-1.150737303E0
1.228272290E2,-2.638556063E-1,-4.840673611E0,-1.626165052E0
1.228472220E2,4.434958121E-1,-4.683491099E0,-1.824371629E0
1.228672160E2,8.559630820E-1,-4.125493648E0,-2.160019496E0
1.228872090E2,1.050474950E0,-3.493082192E0,-2.035684594E0
1.229072030E2,1.619604622E0,-2.760717847E0,-1.015532574E0
1.229271960E2,2.135548898E0,-2.406653152E0,-4.101763308E-2
1.229471890E2,2.263761234E0,-1.950731129E0,-7.005490601E-2
1.229671824E2,2.156122911E0,-1.199053431E0,-7.830094188E-1
1.229871754E2,1.936537305E0,2.975472629E-2,-1.628411406E0
1.230071694E2,1.095448517E0,1.526884593E0,-1.959517301E0
1.230271624E2,2.058003563E-1,2.600564364E0,-1.185021867E0
1.230471554E2,6.543684818E-1,4.034170080E0,-7.697666448E-1
1.230671494E2,8.502496214E-1,4.634441146E0,-8.422341120E-1
1.230871424E2,1.551412639E0,5.404147564E0,-7.182311864E-1
1.231071364E2,1.570540197E-1,5.623134561E0,-5.594067760E-1
1.231271294E2,-3.533133280E0,4.854464269E0,1.372388291E0
1.231471234E2,-5.540170172E0,2.520411317E0,5.257385960E0
1.231671164E2,-5.318415688E0,5.855951393E-1,6.575645406E0
1.231871094E2,-4.122583781E0,9.953434539E-1,2.613399587E0
1.232071034E2,-2.358444466E0,3.107245481E0,-2.592738451E0
1.232270964E2,-4.954141170E-2,4.263704869E0,-3.459925556E0
1.232470904E2,1.963163479E0,2.495696890E0,7.585357516E-1
1.232670834E2,2.355777990E0,-9.002355677E-1,3.257447587E0
1.232870764E2,1.683074248E0,-2.645951622E0,1.002112775E0
1.233070704E2,7.381007561E-1,-3.421601735E0,-2.570006230E0
1.233270634E2,-1.130111834E-1,-5.003018045E0,-3.460038407E0
1.233470564E2,-8.268882407E-1,-6.017825711E0,-2.769713788E0
1.233670504E2,-1.663999461E0,-6.556556001E0,-1.117302924E0
1.233870434E2,-2.060487314E0,-6.278398106E0,2.942245826E-2
1.234070374E2,-3.987264593E-1,-4.596790339E0,1.443928975E-1
1.234270304E2,1.391945327E0,-2.999618706E0,-5.463379566E-1
1.234470234E2,2.954951241E0,-1.626980154E0,-1.301651600E0
1.234670174E2,2.996219135E0,-9.142718089E-1,-1.900901303E0
1.234870104E2,1.077297298E0,-6.389866501E-1,-1.696058575E0
1.235070044E2,-3.510704823E-1,7.757050771E-1,-1.376176118E0
1.235269974E2,-7.592920889E-1,3.082367917E0,-1.971809172E0
1.235469904E2,-1.803575130E-1,5.285143277E0,-1.965687137E0
1.235669844E2,-1.473907650E-2,5.793468631E0,-1.219890057E0
1.235869774E2,-6.632692596E-1,5.109219269E0,-1.076722662E0
1.236069714E2,6.446686819E-2,5.566165139E0,-1.365801988E0
1.236269644E2,-6.423903874E-1,4.678457816E0,6.049358283E-1
1.236469574E2,-4.174212503E-1,1.881596575E0,5.138882194E0
1.236669514E2,-1.199999729E0,1.905590039E-1,6.544473900E0
1.236869444E2,-2.259806324E0,-1.329773784E-1,5.297256369E0
1.237069374E2,-7.968493398E-1,1.557655565E0,3.178932930E0
1.237269314E2,3.358117637E0,3.942693899E0,9.498619102E-1
1.237469244E2,4.991993120E0,1.877236891E0,3.384236857E-2
1.237669184E2,2.913736557E0,-1.676865674E0,-7.047159322E-1
1.237869114E2,1.112770601E0,-3.871614561E0,-1.456126413E0
1.238069044E2,-4.564739996E-1,-4.885000184E0,-1.868062171E0
1.238268984E2,-1.349070180E0,-5.283374494E0,-1.265090861E0
1.238468914E2,-1.389107966E0,-5.113904058E0,2.398761749E-2
1.238668844E2,-5.965975526E-1,-4.724838515E0,5.965719710E-1
1.238868784E2,6.170948209E-1,-4.319693713E0,3.261649981E-2
1.239068714E2,1.970242995E0,-3.778876551E0,-1.112621643E0
1.239268654E2,3.060299356E0,-3.273107600E0,-1.498079016E0
1.239468584E2,2.468113820E0,-3.016150539E0,-1.620443552E0
1.239668514E2,1.182527445E0,-2.123747317E0,-1.806679270E0
1.239868461E2,6.895858231E-1,-9.370864749E-2,-1.415309193E0
1.240068391E2,7.068415412E-1,2.494720405E0,-8.523171969E-1
1.240268321E2,9.333742239E-1,4.836292292E0,-2.878993571E-1
1.240468261E2,1.170681717E0,5.343430077E0,2.539124161E-1
1.240668191E2,1.202344536E0,3.920474480E0,-3.913256384E-2
1.240868121E2,1.231093833E0,3.561156061E0,-6.297176439E-1
1.241068061E2,-1.807043113E0,5.149197852E0,-1.922324186E0
1.241267991E2,-4.989403389E0,4.423629726E0,1.463446981E0
1.241467931E2,-5.334032432E0,2.574754754E0,6.093539552E0
1.241667861E2,-5.292031882E0,1.502690569E0,5.379173521E0
1.241867791E2,-5.231119097E0,2.095261436E0,1.016428002E0
1.242067731E2,-3.053764800E0,3.717411790E0,-8.770596168E-1
1.242267661E2,5.747311588E-1,3.844125631E0,1.293602177E-1
1.242467591E2,3.015880982E0,1.807550359E0,9.641982597E-1
1.242667531E2,3.596881964E0,-1.428484139E0,1.012431942E0
1.242867461E2,3.213999851E0,-3.500609313E0,3.599831007E-2
1.243067391E2,1.655449077E0,-5.022214454E0,-1.741002029E0
1.243267331E2,-3.527449787E-1,-6.341628726E0,-2.863943422E0
1.243467261E2,-2.351323289E0,-7.282519400E0,-2.120515561E0
1.243667191E2,-2.655025623E0,-7.029969969E0,-4.868223645E-2
1.243867131E2,-1.057608407E0,-5.357238277E0,8.191470388E-1
1.244067061E2,1.007848602E0,-3.647322385E0,-2.007724086E-1
1.244266991E2,2.563247434E0,-2.340888932E0,-1.744860021E0
1.244466931E2,2.993656008E0,-1.030127955E0,-2.313588867E0
1.244666861E2,1.904135983E0,-3.394068950E-1,-1.837556516E0
1.244866791E2,-1.494722275E-1,2.860656703E-1,-1.433706434E0
1.245066731E2,-1.711530161E0,1.736506104E0,-1.501704728E0
1.245266661E2,-1.876686083E0,3.964473608E0,-1.721991561E0
1.245466591E2,-1.105417727E0,5.313354923E0,-1.333100265E0
1.245666531E2,-5.116554163E-1,5.503713952E0,-1.190612975E0
1.245866461E2,3.522666033E-1,5.061555106E0,-1.006960775E0
1.246066391E2,7.494024007E-1,4.453620679E0,1.231580029E-1
1.246266331E2,-1.174210804E-1,1.527407919E0,3.648585092E0
1.246466261E2,-1.500387789E0,4.529019356E-2,4.920785143E0
1.246666191E2,-3.167877599E0,5.054596335E-1,4.204301251E0
1.246866131E2,-2.232276025E0,2.912709786E0,3.755570719E0
1.247066061E2,2.290771862E0,5.112100192E0,3.875436886E0
1.247265991E2,5.263041387E0,3.735993657E0,2.220772797E0
1.247465931E2,3.362779330E0,-3.637570399E-1,-4.946775140E-1
1.247665861E2,1.181019594E0,-2.714407899E0,-2.642918671E0
1.247865791E2,-5.113714609E-1,-3.829717507E0,-2.467139674E0
1.248065731E2,-1.259474903E0,-4.628900324E0,-5.663145304E-1
1.248265661E2,-1.373085279E0,-4.948761731E0,4.998351967E-1
1.248465591E2,-6.000064793E-1,-4.798169031E0,4.043213676E-1
1.248665531E2,7.139836228E-1,-4.839736302E0,-3.000394924E-1
1.248865461E2,1.945902937E0,-4.547080820E0,-1.458895070E0
1.249065391E2,2.510726573E0,-3.790689681E0,-2.172574052E0
1.249265331E2,2.245093852E0,-2.856453139E0,-1.745566511E0
1.249465261E2,1.809468392E0,-1.683237970E0,-4.726545610E-1
1.249665191E2,1.655873732E0,-6.231792873E-1,6.879740381E-1
1.249865124E2,1.277086716E0,2.665634519E-1,2.693027262E-1
1.250065054E2,6.021361814E-1,1.394160984E0,-1.027325969E0
1.250264984E2,4.179202370E-1,3.323579012E0,-1.699992582E0
1.250464924E2,9.543256746E-1,5.389886205E0,-1.402175616E0
1.250664854E2,1.958576192E0,5.428846203E0,1.063619491E-1
1.250864784E2,1.588672998E0,4.208980193E0,1.088910526E0
1.251064714E2,-2.295498751E0,3.727864857E0,3.021594735E-1
1.251264654E2,-4.821936501E0,2.771363288E0,2.543530623E0
1.251464584E2,-5.063098186E0,1.349910425E0,4.628703858E0
1.251664514E2,-4.862105995E0,1.567540868E0,2.528532515E0
1.251864454E2,-3.892511340E0,2.897802894E0,-2.932443335E-1
1.252064384E2,-1.461593121E0,3.412862486E0,-3.279148505E-1
1.252264314E2,1.512313478E0,2.472244878E0,1.105641237E0
1.252464254E2,3.106014642E0,3.787680119E-1,1.036185670E0
1.252664184E2,3.342248586E0,-1.093170880E0,-1.638021451E-1
1.252864114E2,2.076456937E0,-1.797787848E0,-1.322119194E0
1.253064054E2,7.260933526E-1,-2.767526345E0,-1.438266093E0
1.253263984E2,-2.639194871E-1,-4.196110471E0,-4.181601921E-1
1.253463914E2,-1.954613242E0,-5.837825024E0,1.315126508E-1
1.253663844E2,-2.745730848E0,-6.571935933E0,2.413783246E-1
1.253863784E2,-8.850306143E-1,-5.364151440E0,-5.337455392E-2
1.254063714E2,1.147955198E0,-4.022141188E0,-8.713870136E-1
1.254263644E2,2.874453500E0,-2.827853823E0,-1.876888397E0
1.254463584E2,3.425361787E0,-1.717886816E0,-1.696058575E0
1.254663514E2,2.128495694E0,-1.090596936E0,-1.041047630E0
1.254863444E2,-7.044067606E-2,-1.547576720E-1,-9.032469568E-1
1.255063374E2,-1.167033201E0,1.510649799E0,-1.140767362E0
1.255263314E2,-1.377544366E0,3.319012921E0,-1.577786359E0
1.255463244E2,-9.574131507E-1,4.660881670E0,-1.714074431E0
1.255663174E2,-4.573561983E-1,4.913448642E0,-1.610192213E0
1.255863114E2,7.837504072E-1,4.551249300E0,-1.124737512E0
1.256063044E2,1.769187362E0,4.531338362E0,-4.136443144E-1
1.256262974E2,-1.183605087E-1,2.366742396E0,1.809868196E0
1.256462904E2,-1.045335686E0,1.475655967E-1,4.973151637E0
1.256662844E2,-2.779674228E0,-3.447372168E-1,5.201629835E0
1.256862774E2,-4.004498092E0,9.047121960E-1,3.883733500E0
1.257062704E2,4.695264468E-1,5.006960238E0,3.079798066E0
1.257262644E2,6.196626549E0,6.240684734E0,3.232415072E0
1.257462574E2,5.660363783E0,1.703274039E0,2.391715708E0
1.257662504E2,2.472746861E0,-1.660964756E0,-7.970456600E-1
1.257862434E2,-5.034930687E-1,-3.449112300E0,-3.382027779E0
1.258062374E2,-1.796239505E0,-4.392586858E0,-2.977432616E0
1.258262304E2,-2.156770198E0,-5.111544707E0,-4.904270267E-1
1.258462234E2,-1.709230744E0,-5.507252687E0,1.088748046E0
1.258662174E2,-7.808788396E-1,-5.270691884E0,5.409304516E-1
1.258862104E2,8.145729813E-1,-4.631158519E0,-9.758605313E-1
1.259062034E2,2.314398853E0,-4.041705971E0,-1.753804653E0
1.259261964E2,3.100251042E0,-3.264205214E0,-1.860778879E0
1.259461904E2,2.721195054E0,-2.178919305E0,-1.478524611E0
1.259661834E2,1.812653809E0,-1.351202075E0,7.458108947E-2
1.259861770E2,8.523440941E-1,-2.406333894E-1,9.910369796E-1
1.260061700E2,4.513421908E-1,9.274438316E-1,7.084587349E-1
1.260261640E2,1.447893387E-1,1.935037202E0,-5.117255098E-1
1.260461570E2,7.839112057E-1,3.472144482E0,-1.256432158E0
1.260661500E2,2.329091736E0,4.507302212E0,-1.382525609E0
1.260861430E2,3.551501139E0,3.972624627E0,-1.381568420E0
1.261061370E2,2.265888305E0,4.611679105E0,-2.054409279E0
1.261261300E2,-3.851900381E0,4.627314559E0,-2.128850766E0
1.261461230E2,-7.061273038E0,2.849398474E0,3.390939521E0
1.261661160E2,-6.504069055E0,1.317844879E0,8.108673084E0
1.261861100E2,-6.427418489E0,7.180263877E-1,5.708219735E0
1.262061030E2,-5.349671395E0,2.326169152E0,-4.073638932E-1
1.262260960E2,-1.521685687E0,4.807936805E0,-3.062639412E0
1.262460890E2,3.052113839E0,5.234916864E0,-4.760761323E-1
1.262660830E2,4.675672787E0,1.460921568E0,3.050583622E0
1.262860760E2,3.313284111E0,-1.940302620E0,2.986684080E0
1.263060690E2,1.066059680E0,-3.360059205E0,-5.789720712E-1
1.263260620E2,-7.309991665E-1,-4.855583426E0,-2.604141106E0
1.263460560E2,-9.872738577E-1,-6.142438647E0,-2.031814469E0
1.263660490E2,-1.459879448E0,-6.719578713E0,-9.506045066E-1
1.263860420E2,-1.118920995E0,-6.064396445E0,-4.731392220E-1
1.264060350E2,-6.749060959E-2,-4.469371324E0,-3.617487406E-1
1.264260290E2,1.066596893E0,-2.949637876E0,-5.699183156E-1
1.264460220E2,2.090049520E0,-2.083911991E0,-8.290036172E-1
1.264660150E2,2.223904858E0,-2.156323324E0,-9.958288459E-1
1.264860080E2,1.412974546E0,-2.085591311E0,-1.216808062E0
1.265060020E2,-1.422444843E-1,-1.060083826E0,-1.526589893E0
1.265259950E2,-1.176078697E0,9.379635572E-1,-1.814792136E0
1.265459880E2,-1.518005888E0,3.049700108E0,-1.566012406E0
1.265659810E2,-9.716455659E-1,4.658313573E0,-1.088046965E0
1.265859750E2,-1.385315023E-1,5.143287486E0,-1.193711999E0
1.266059680E2,1.234035129E0,4.853407093E0,-1.797330742E0
1.266259610E2,1.601841658E0,4.974012347E0,-1.761329874E0
1.266459540E2,-7.415028854E-1,4.128793232E0,1.842619912E-1
1.266659480E2,-2.349982961E0,2.537358887E0,4.527773899E0
1.266859410E2,-3.358878360E0,1.454222998E0,7.100144159E0
1.267059340E2,-3.072842218E0,1.411600889E0,6.983309188E0
1.267259270E2,1.081525273E0,3.256243061E0,4.387699170E0
1.267459200E2,4.912785568E0,3.793576452E0,3.736553527E-1
1.267659140E2,3.709789652E0,5.711150944E-1,-1.583228509E0
1.267859070E2,1.651296385E0,-2.233611236E0,-1.098044681E0
1.268059000E2,-4.438120003E-1,-3.641321973E0,-1.389099634E-1
1.268258930E2,-1.740484842E0,-4.058479879E0,2.675042689E-2
1.268458870E2,-1.963561528E0,-4.166234708E0,-1.611820078E-1
1.268658800E2,-1.034950885E0,-4.051296574E0,-2.946884130E-1
1.268858730E2,5.419224317E-1,-4.023422897E0,-4.989617689E-1
1.269058660E2,1.586735523E0,-3.905237221E0,-1.093899443E0
1.269258590E2,1.930064292E0,-3.885464861E0,-1.336587690E0
1.269458530E2,1.581510158E0,-3.750548546E0,-1.281507357E0
1.269658460E2,8.852922772E-1,-3.359596691E0,-1.042310044E0
1.269858390E2,8.074480028E-1,-2.268619101E0,-6.390715809E-1
1.270058320E2,1.231657213E0,-1.184265237E0,-4.058043677E-1
1.270258260E2,1.382582035E0,-1.316266716E-2,-6.336200756E-1
1.270458190E2,9.947800747E-1,9.414789033E-1,-9.115931994E-1
1.270658120E2,2.752725872E-1,1.732472110E0,-9.368145794E-1
1.270858050E2,3.557362680E-1,3.206339999E0,-8.640945856E-1
1.271057980E2,1.394006179E0,4.611986083E0,-8.568532475E-1
1.271257920E2,2.741822569E0,5.454743521E0,-1.056776056E0
1.271457850E2,1.387731970E0,5.759227336E0,-1.481347062E0
1.271657780E2,-4.367587380E0,4.467924723E0,-1.062354299E0
1.271857710E2,-7.101916450E0,1.918480811E0,3.738350084E0
1.272057640E2,-5.573863583E0,-2.150728709E-1,7.788935053E0
1.272257580E2,-3.620854379E0,2.331770200E-1,4.031186246E0
1.272457510E2,-1.435809824E0,2.747197330E0,-2.831656852E0
1.272657440E2,1.081137456E0,4.361580243E0,-4.984810401E0
1.272857370E2,1.952971490E0,3.100821145E0,-1.474160249E0
1.273057310E2,9.611413354E-1,6.294960344E-1,2.309435005E0
1.273257240E2,-3.802007259E-1,-1.162131187E0,3.117322572E0
1.273457170E2,-9.277633819E-1,-2.611206881E0,1.368986381E0
1.273657100E2,-5.039009120E-1,-3.967303661E0,-7.564719037E-1
1.273857030E2,1.706093274E-1,-5.055569896E0,-2.218242415E0
1.274056960E2,2.898681146E-1,-5.702617518E0,-2.421938358E0
1.274256900E2,-1.551589371E-1,-5.568596996E0,-1.776978777E0
1.274456830E2,-1.350836916E-1,-4.459766688E0,-5.912821412E-1
1.274656760E2,3.828721726E-1,-3.364037066E0,1.352519453E-1
1.274856690E2,1.093839948E0,-2.626445895E0,-2.594222474E-1
1.275056630E2,1.258601475E0,-2.514824302E0,-1.195871376E0
1.275256560E2,8.076826224E-1,-2.204354108E0,-1.756704726E0
1.275456490E2,6.051963218E-1,-9.335541719E-1,-1.353057396E0
1.275656420E2,-1.605608142E-1,1.404888870E0,-1.927275023E0
1.275856350E2,-9.805173270E-1,3.847816393E0,-2.081521064E0
1.276056280E2,-9.531095269E-1,5.455099032E0,-1.442185920E0
1.276256220E2,-1.228636103E0,5.514722505E0,-1.147417912E0
1.276456150E2,-4.412588867E-1,4.840922118E0,-8.899294116E-1
1.276656080E2,1.110557137E0,5.082454224E0,-1.163536858E0
1.276856010E2,5.765744935E-1,3.673013297E0,1.576034387E-1
1.277055940E2,-6.422722006E-1,1.699238876E0,3.518457938E0
1.277255880E2,-2.715747496E0,2.232390922E-1,5.291027330E0
1.277455810E2,-3.092880626E0,2.789121866E-3,5.871100359E0
1.277655740E2,-5.360988973E-1,1.578166428E0,4.769620001E0
1.277855670E2,3.114541344E0,3.533919731E0,1.565390701E0
1.278055600E2,3.578868447E0,1.753682885E0,-6.160614717E-1
1.278255530E2,1.609514521E0,-1.200878347E0,-1.384852070E0
1.278455470E2,2.691113761E-1,-2.804263816E0,-1.139258049E0
1.278655400E2,-6.685981927E-1,-3.444473704E0,-4.171415341E-1
1.278855330E2,-1.032502071E0,-3.596466227E0,-2.466457888E-2
1.279055260E2,-8.620905255E-1,-3.677995124E0,-1.366229711E-1
1.279255190E2,-2.842157574E-1,-3.805933372E0,-2.578475922E-1
1.279455130E2,4.608012316E-1,-3.945957230E0,-6.157346123E-1
1.279655060E2,1.020511770E0,-3.963697098E0,-7.961305708E-1
1.279854992E2,1.361642425E0,-3.821841892E0,-9.938664472E-1
1.280054922E2,1.187919893E0,-3.243201431E0,-1.362113564E0
1.280254852E2,9.828976554E-1,-2.632764981E0,-1.339279017E0
1.280454782E2,1.466128221E0,-1.660244379E0,-8.512961268E-1
1.280654722E2,1.731566815E0,-4.904556781E-1,-9.143830521E-1
1.280854652E2,7.454721947E-1,3.807344306E-1,-1.839814126E0
1.281054582E2,-4.338746573E-1,1.572694604E0,-2.392082475E0
1.281254512E2,-7.649795294E-2,3.648342140E0,-1.169492320E0
1.281454442E2,9.777281320E-1,5.136000686E0,6.518655080E-1
1.281654372E2,2.560844521E0,4.791978584E0,1.722834876E0
1.281854312E2,1.971601157E0,4.557386538E0,-4.323016101E-1
1.282054242E2,-2.653060666E0,3.575761821E0,-3.413396922E0
1.282254172E2,-5.738127074E0,2.376884392E0,-3.866079587E-1
1.282454102E2,-4.988280723E0,9.181426656E-1,5.853482113E0
1.282654032E2,-4.173160150E0,1.177477790E0,6.673838283E0
1.282853962E2,-4.167605003E0,2.730688886E0,1.853625834E0
1.283053892E2,-2.410824263E0,5.016124579E0,-1.326399940E0
1.283253832E2,1.421264875E0,4.422868418E0,7.263398127E-1
1.283453762E2,3.397752112E0,9.013260734E-1,2.812974998E0
1.283653692E2,3.428535655E0,-1.604903991E0,1.569717055E0
1.283853622E2,1.485654413E0,-2.273057138E0,-1.904216090E0
1.284053552E2,-2.961407152E-1,-3.290719414E0,-3.032592909E0
1.284253482E2,-1.067230000E0,-4.437106388E0,-1.446080896E0
1.284453422E2,-1.547692348E0,-5.406889324E0,2.091262525E-1
1.284653352E2,-1.604522314E0,-5.639735976E0,8.872300445E-1
1.284853282E2,-4.893600561E-1,-4.862194288E0,6.526192872E-1
1.285053212E2,7.323631757E-1,-3.670947475E0,-8.224529815E-1
1.285253142E2,1.894312953E0,-2.778255401E0,-2.158985123E0
1.285453072E2,2.699661806E0,-2.164386050E0,-2.589455239E0
1.285653002E2,1.756665258E0,-1.701571330E0,-2.199634382E0
1.285852942E2,2.308539212E-2,-1.381503516E0,-7.160085867E-1
1.286052872E2,-6.987396392E-1,-3.269879937E-1,3.267646301E-1
1.286252802E2,-1.038425300E0,1.297691281E0,-3.355389619E-1
1.286452732E2,-6.502092111E-1,3.060740236E0,-1.435603563E0
1.286652662E2,1.858702679E-1,4.874548870E0,-2.261548063E0
1.286852592E2,5.703471357E-1,5.442645632E0,-2.124582884E0
1.287052522E2,1.330787106E0,5.290512775E0,-1.321761929E0
1.287252462E2,5.851548439E-1,4.593981922E0,-6.584165092E-1
1.287452392E2,-1.394826981E0,2.694604549E0,1.472134774E0
1.287652322E2,-1.814755006E0,4.942183614E-1,4.881623124E0
1.287852252E2,-2.287380477E0,-6.054686558E-1,6.439217586E0
1.288052182E2,-1.365459341E0,-8.426831782E-2,5.951149326E0
1.288252112E2,2.008113949E0,3.209157772E0,2.959910849E0
1.288452042E2,4.673372200E0,5.141457893E0,7.743070078E-1
1.288651982E2,3.359637913E0,1.968538240E0,1.102347500E0
1.288851912E2,1.166844189E0,-8.517036778E-1,7.385710184E-1
1.289051842E2,-9.861082153E-1,-2.410402386E0,-6.588889642E-1
1.289251772E2,-2.047029801E0,-3.373027745E0,-1.397936531E0
1.289451702E2,-1.545120158E0,-4.036997793E0,-8.080302393E-1
1.289651632E2,-2.757557134E-1,-4.546636432E0,-2.158024572E-1
1.289851554E2,6.150149663E-1,-5.024826990E0,-3.746235055E-1
1.290051484E2,1.400937468E0,-5.122656171E0,-1.030775388E0
1.290251424E2,1.780930033E0,-4.582604409E0,-1.708246511E0
1.290451354E2,1.680222707E0,-3.763302492E0,-1.786999151E0
1.290651284E2,1.254190920E0,-2.612789138E0,-1.086954705E0
1.290851214E2,1.294252095E0,-1.535524439E0,1.712624614E-1
1.291051144E2,1.409943788E0,-6.525709015E-1,9.733209394E-1
1.291251074E2,1.479373919E0,3.068969607E-1,1.136007290E-1
1.291451004E2,1.101156715E0,1.033143949E0,-1.373912660E0
1.291650934E2,2.489905223E-2,1.479082435E0,-1.992014664E0
1.291850874E2,-7.834679867E-1,2.124691057E0,-1.526003271E0
1.292050804E2,-2.662178814E-1,2.770565727E0,-2.383522443E-1
1.292250734E2,1.483608619E0,3.867733179E0,2.872853994E-1
1.292450664E2,2.274145889E0,5.589950443E0,-1.460271358E0
1.292650594E2,-2.004142228E0,5.908880389E0,-2.331140454E0
1.292850524E2,-8.137898052E0,3.729440682E0,1.530252443E0
1.293050454E2,-8.566066850E0,5.053134531E-1,8.023943421E0
1.293250384E2,-5.935923761E0,-1.212814268E0,9.085003147E0
1.293450324E2,-2.628072298E0,1.096145943E0,1.791195697E0
1.293650254E2,1.874187860E0,4.575590674E0,-4.501183686E0
1.293850184E2,3.962670034E0,4.724600533E0,-4.688469418E0
1.294050114E2,1.873119720E0,1.487795371E0,-2.355435343E-1
1.294250044E2,-4.203016618E-1,-8.731021482E-1,2.434282853E0
1.294449974E2,-2.608271872E0,-2.297392080E0,2.432004924E0
1.294649904E2,-3.267661504E0,-3.503099642E0,1.056422299E0
1.294849834E2,-2.120660133E0,-4.365541731E0,-5.751857798E-1
1.295049764E2,-3.379241873E-1,-4.728319947E0,-1.697402850E0
1.295249704E2,8.101940015E-1,-4.629790270E0,-2.075377395E0
1.295449634E2,8.377339487E-1,-4.015378298E0,-1.589766719E0
1.295649564E2,5.674743256E-1,-3.391425424E0,-5.350171624E-1
1.295849494E2,3.806560779E-1,-3.027892333E0,5.885003284E-2
1.296049424E2,-2.352466419E-2,-2.934329281E0,-3.550727552E-1
1.296249354E2,-2.282868473E-1,-3.082432821E0,-5.849450751E-1
1.296449284E2,-2.428274108E-1,-2.748411797E0,-7.177200667E-1
1.296649214E2,-3.795714194E-1,-1.445419430E0,-1.446805220E0
1.296849144E2,-8.619107236E-1,4.278378457E-1,-2.192034025E0
1.297049084E2,-2.088043341E0,2.059298136E0,-2.288684845E0
1.297249014E2,-1.943406468E0,3.600780303E0,-1.371389587E0
1.297448944E2,-8.332195327E-1,4.290555868E0,-3.178529618E-1
1.297648874E2,8.347667791E-1,3.593936137E0,-3.796597123E-1
1.297848804E2,1.736856060E0,2.974634723E0,-1.670422627E0
1.298048734E2,5.271055873E-1,3.410796080E0,-2.468969268E0
1.298248664E2,-1.994216433E0,3.606545073E0,-7.019178933E-1
1.298448594E2,-4.546880553E0,2.393593980E0,3.134464270E0
1.298648524E2,-5.376139401E0,4.626398885E-1,6.747182833E0
1.298848454E2,-3.828021230E0,-4.378096873E-1,7.908192524E0
1.299048394E2,-5.520389188E-1,1.085405193E0,4.783293715E0
1.299248324E2,1.969758700E0,3.144900965E0,-7.096205766E-1
1.299448254E2,1.285612103E0,2.972323903E0,-4.218948526E0
1.299648184E2,-9.134322949E-1,8.856169438E-1,-2.929617010E0
1.299848118E2,-1.575835728E0,-9.567851597E-1,8.592740679E-1
1.300048048E2,-1.721597166E0,-2.316076857E0,2.937353461E0
1.300247978E2,-1.408346913E0,-2.956332938E0,2.512038689E0
1.300447908E2,-8.790588529E-1,-3.118266898E0,3.611199456E-1
1.300647838E2,-5.210464101E-1,-3.204825570E0,-1.709803625E0
1.300847768E2,-2.709635182E-1,-3.233605565E0,-2.367227277E0
1.301047708E2,-7.698122531E-2,-3.225470334E0,-1.912000781E0
1.301247638E2,-9.767057464E-2,-2.921523294E0,-1.270181301E0
1.301447568E2,-7.463320278E-2,-2.365418587E0,-4.380874300E-1
1.301647498E2,-2.069984873E-1,-1.868802867E0,2.215678118E-1
1.301847428E2,7.917784151E-2,-1.511995828E0,1.429743630E-1
1.302047358E2,1.105893764E0,-1.290813201E0,-1.502781200E-1
1.302247288E2,1.752804487E0,-1.303259000E0,-8.502724256E-1
1.302447218E2,1.242116420E0,-8.597202104E-1,-1.902899736E0
1.302647148E2,-2.346804853E-1,1.200012374E-1,-2.323115297E0
1.302847078E2,-1.751068010E0,8.606271136E-1,-1.158083891E0
1.303047018E2,-2.175432318E0,1.104202237E0,9.962690681E-1
1.303246948E2,-9.683650587E-1,1.197600397E0,1.973206072E0
1.303446878E2,6.442288251E-1,1.584677303E0,3.070712078E-1
1.303646808E2,1.374944109E0,3.533746653E0,-2.783587477E0
1.303846738E2,-5.337477319E-1,4.719028721E0,-4.442864141E0
1.304046668E2,-4.079492141E0,4.421231782E0,-2.426520236E0
1.304246598E2,-6.725873825E0,1.557508215E0,2.864378455E0
1.304446528E2,-6.081201927E0,-2.828918016E-1,5.997927636E0
1.304646458E2,-5.449135457E0,-4.416138858E-1,2.444996268E0
1.304846388E2,-4.690657446E0,1.066396480E0,-3.085016121E0
1.305046318E2,-2.911473684E0,2.532523824E0,-5.332826736E0
1.305246248E2,-1.265651755E0,2.064451872E0,-2.476580588E0
1.305446188E2,-3.305029012E-2,3.109461576E-1,1.317611575E0
1.305646118E2,9.407512173E-2,-1.537005538E0,2.249414360E0
1.305846048E2,-6.297943155E-1,-2.463144271E0,2.625312120E-1
1.306045978E2,-1.778860119E0,-2.395067478E0,-2.591887096E0
1.306245908E2,-2.918979755E0,-2.572686009E0,-3.373099081E0
1.306445838E2,-3.715762290E0,-3.092567216E0,-1.959713622E0
1.306645768E2,-3.197284416E0,-3.052293933E0,-1.995450050E-1
1.306845698E2,-2.106295132E0,-2.446351653E0,-5.346957117E-2
1.307045628E2,-1.148694140E0,-1.621864425E0,-1.331184424E0
1.307245558E2,-8.851085284E-1,-1.125346938E0,-2.500551249E0
1.307445488E2,-9.191776228E-1,-1.188349518E0,-2.337366716E0
1.307645418E2,-6.888236386E-1,-1.335416347E0,-9.892338444E-1
1.307845358E2,-1.551289701E-1,-1.421751071E0,-1.590442657E-3
1.308045288E2,2.322856119E-1,-9.995300603E-1,-2.335459793E-1
1.308245218E2,5.414319965E-1,5.319855273E-2,-1.379774056E0
1.308445148E2,8.859474577E-1,1.258156502E0,-2.566879724E0
1.308645078E2,5.533366352E-3,2.257623997E0,-2.919325325E0
1.308845008E2,-7.921559259E-1,2.680326233E0,-1.426779091E0
1.309044938E2,-2.335646904E-1,2.646626975E0,3.309231699E-1
1.309244868E2,-2.088653205E-1,2.795541524E0,1.746563315E-1
1.309444798E2,-1.303773116E0,3.632851696E0,-1.504432454E0
1.309644728E2,-2.966920491E0,3.298712558E0,-5.098772049E-3
1.309844655E2,-3.017862019E0,2.529397318E0,3.684106050E0
1.310044585E2,-2.903596900E0,2.116175757E0,5.418044642E0
1.310244515E2,-2.369868610E0,1.953609129E0,4.440572910E0
1.310444455E2,-1.557558501E0,1.463977323E0,1.244946472E0
1.310644385E2,-1.430185387E0,5.942572045E-1,-1.669705466E0
1.310844315E2,-1.474055730E0,-6.678900218E-1,-2.338589953E0
1.311044245E2,-1.150686140E0,-1.756560885E0,-1.113659816E0
1.311244175E2,-6.886644481E-1,-2.108307744E0,1.026699440E-1
1.311444105E2,-5.335117967E-1,-1.882913368E0,3.100690752E-2
1.311644035E2,-6.365942618E-1,-1.715285389E0,-5.713251556E-1
1.311843965E2,-5.252919272E-1,-1.862396073E0,-9.196667424E-1
1.312043895E2,-1.843967696E-1,-2.504050223E0,-8.894500861E-1
1.312243825E2,-8.332720846E-3,-2.994959645E0,-1.040644757E0
1.312443755E2,5.822718742E-1,-2.982398071E0,-1.290744496E0
1.312643685E2,1.405756012E0,-2.275359771E0,-1.112076098E0
1.312843615E2,1.412962705E0,-1.731450602E0,-1.042238270E0
1.313043545E2,1.420614957E0,-8.113192981E-1,-1.033841083E0
1.313243485E2,1.511509339E0,-8.901801109E-2,-4.622196199E-1
1.313443415E2,1.706196039E0,-4.895581305E-2,-1.962793350E-1
1.313643345E2,1.477540378E0,-5.675950706E-1,-9.342448743E-1
1.313843275E2,1.035475380E0,-9.610501188E-1,-1.854760194E0
1.314043205E2,6.513874251E-1,-1.141577640E0,-2.216674191E0
1.314243135E2,2.288275686E-1,-5.684780002E-1,-1.956157345E0
1.314443065E2,3.016783208E-2,5.540055567E-1,-1.295409259E0
1.314642995E2,-1.563389052E-1,1.109020343E0,-3.291789454E-1
1.314842925E2,-7.152466214E-1,1.069708343E0,8.225877598E-2
1.315042855E2,-8.614106405E-1,7.456199831E-1,-8.419054985E-2
1.315242785E2,2.268243125E-1,9.097378778E-1,-3.233913714E-1
1.315442715E2,2.594709547E0,2.779005014E0,-7.336304136E-1
1.315642645E2,2.265517592E0,4.941481363E0,-2.209841135E0
1.315842575E2,-2.665109439E0,4.388960999E0,-2.925410523E0
1.316042505E2,-6.859943463E0,1.726807913E0,-2.034526992E-1
1.316242435E2,-7.394975975E0,-6.296229190E-1,2.842091793E0
1.316442365E2,-6.704650186E0,-1.944184002E0,2.180417946E0
1.316642305E2,-5.606666463E0,-5.335291922E-1,-2.359125667E0
1.316842235E2,-2.190316405E0,3.015083422E0,-5.049882894E0
1.317042165E2,1.409086732E0,5.796547775E0,-4.189272738E0
1.317242095E2,3.149668785E0,3.749789577E0,5.453566477E-2
1.317442025E2,1.738424722E0,-4.216760498E-1,2.407468253E0
1.317641955E2,-2.314841048E-1,-3.216336399E0,1.530093399E0
1.317841885E2,-2.115973443E0,-4.605065904E0,-1.340837447E0
1.318041815E2,-3.050885924E0,-5.546836583E0,-2.872869782E0
1.318241745E2,-2.959093993E0,-5.821109589E0,-2.758444449E0
1.318441675E2,-1.610828975E0,-4.653322390E0,-1.949772186E0
1.318641605E2,-1.685655794E-1,-2.752508941E0,-1.646304617E0
1.318841535E2,4.873902753E-1,-6.942340672E-1,-2.125832434E0
1.319041465E2,7.364696753E-1,7.890074927E-1,-2.172152322E0
1.319241395E2,1.454152831E-1,4.840781200E-1,-1.615937102E0
1.319441325E2,-5.309942780E-1,-7.545352328E-1,-1.251028892E0
1.319641255E2,-8.374681927E-1,-1.813754255E0,-1.151432537E0
1.319841195E2,-6.285232039E-1,-1.795324416E0,-1.417631707E0
1.320041125E2,-2.829875498E-1,-9.108681446E-1,-2.020722885E0
1.320241055E2,5.064074671E-1,6.366810930E-1,-2.419337224E0
1.320440985E2,1.148020102E0,2.201212984E0,-2.823632718E0
1.320640915E2,5.743785717E-1,3.196252967E0,-3.461979390E0
1.320840855E2,-1.140087184E0,3.548990929E0,-3.661493112E0
1.321040785E2,-1.739723681E0,3.935357398E0,-2.887741005E0
1.321240715E2,-1.694919391E0,4.873596359E0,-1.926973892E0
1.321440645E2,-1.650323993E0,5.331209981E0,-7.213964304E-1
1.321640575E2,-2.384706212E0,4.596016753E0,8.908370456E-1
1.321840505E2,-2.616179061E0,2.460531151E0,3.777613553E0
1.322040435E2,-7.423888848E-1,5.406452537E-1,6.015188032E0
1.322240365E2,9.653831249E-1,-3.472836792E-1,4.653586392E0
1.322440295E2,1.236990020E0,-1.569421917E-1,7.790105081E-1
1.322640225E2,9.675737111E-1,4.774649191E-1,-1.595269242E0
1.322840155E2,5.085662591E-1,7.219527930E-1,-8.473890173E-1
1.323040085E2,3.145321088E-1,-1.941778457E-1,2.192502971E0
1.323240015E2,-5.813871905E-1,-1.061542121E0,3.413401307E0
1.323439945E2,-1.432776142E0,-1.752536831E0,2.299305289E0
1.323639875E2,-1.212798042E0,-2.015434663E0,-1.416140082E-1
1.323839805E2,5.714220732E-2,-2.138165966E0,-1.888860863E0
1.324039735E2,1.081025921E0,-2.601376542E0,-2.592539353E0
1.324239665E2,1.969827551E0,-3.171188877E0,-2.320223118E0
1.324439595E2,2.060160016E0,-3.643636885E0,-1.942457319E0
1.324639525E2,1.660992092E0,-3.767404314E0,-1.689081970E0
1.324839455E2,1.412250953E0,-3.401577360E0,-1.326620380E0
1.325039385E2,1.428433269E0,-2.463233734E0,-1.319215759E0
1.325239315E2,1.147400735E0,-1.544746667E0,-1.644013093E0
1.325439245E2,8.006761962E-1,-7.859897447E-1,-1.431006044E0
1.325639175E2,7.691041553E-1,-3.146720034E-1,-5.492055774E-1
1.325839105E2,1.400695978E0,4.165293306E-1,-3.749323846E-1
1.326039035E2,1.369024242E0,9.919415438E-1,-1.270084822E0
1.326238965E2,7.273984511E-1,1.761004184E0,-2.033732209E0
1.326438895E2,3.265997386E-1,2.607679841E0,-1.757310205E0
1.326638825E2,-1.574858366E-1,3.625523381E0,-8.616550541E-1
1.326838755E2,5.105176212E-1,4.463077966E0,4.833350851E-1
1.327038685E2,9.535170047E-1,5.202847225E0,1.288213237E-1
1.327238615E2,-7.493988924E-1,5.271004710E0,-1.735949450E0
1.327438545E2,-4.355083694E0,3.516287452E0,-5.271557271E-1
1.327638475E2,-5.385997222E0,7.833655143E-1,4.345760016E0
1.327838405E2,-5.024884878E0,-9.733649397E-1,6.367993237E0
1.328038335E2,-5.519547043E0,-9.072604126E-1,2.160449558E0
1.328238265E2,-4.444945750E0,1.064590275E0,-3.254992341E0
1.328438195E2,-9.339185996E-1,3.056523224E0,-3.789534856E0
1.328638125E2,2.440307971E0,2.787383489E0,1.247079536E-2
1.328838055E2,3.527252735E0,4.674123859E-1,3.094923643E0
1.329037985E2,1.774479385E0,-2.160205291E0,1.816672601E0
1.329237915E2,-1.085101430E-1,-3.790579169E0,-1.503165509E0
1.329437845E2,-8.300224945E-1,-4.984004654E0,-2.750605087E0
1.329637775E2,-6.096798205E-1,-5.513002839E0,-2.498417600E0
1.329837702E2,-1.497850536E-1,-5.368712853E0,-1.518681534E0
1.330037632E2,-5.280547366E-2,-4.773697264E0,-6.153025031E-1
1.330237562E2,2.803036778E-1,-3.816724409E0,-6.561667930E-1
1.330437492E2,5.151227421E-1,-2.934911079E0,-1.393579770E0
1.330637422E2,9.085349594E-1,-2.137154397E0,-2.386748645E0
1.330837352E2,1.223338671E0,-1.320165639E0,-2.827760852E0
1.331037282E2,6.174390757E-1,-6.665586108E-1,-2.609036980E0
1.331237212E2,-1.386447921E-2,-8.790996373E-2,-1.518358475E0
1.331437142E2,-3.810982735E-1,1.158495973E0,-8.290103415E-1
1.331637072E2,-4.771199334E-1,2.987774586E0,-6.599986196E-1
1.331837002E2,-4.914039503E-1,4.606820653E0,-1.152431972E0
1.332036932E2,-6.513153581E-1,5.876380395E0,-2.429341225E0
1.332236862E2,-9.695550402E-1,6.932758255E0,-2.733887313E0
1.332436792E2,-1.507280340E0,7.373317303E0,-8.119996217E-1
1.332636722E2,-3.351053616E0,5.419434525E0,2.176906985E0
1.332836652E2,-4.323107902E0,1.943921462E0,6.625103495E0
1.333036582E2,-3.184791255E0,-1.117116982E0,9.628274969E0
1.333236512E2,-6.503112450E-2,-9.532797539E-1,6.685323969E0
1.333436442E2,3.597574859E0,1.959800161E0,-3.518632185E-1
1.333636372E2,5.356247758E0,3.189088374E0,-4.905016372E0
1.333836302E2,2.890238351E0,4.968841070E-1,-4.685363377E0
1.334036232E2,5.967121580E-1,-2.203117422E0,-8.349350327E-1
1.334236162E2,-1.522605016E0,-3.818830576E0,1.545990662E0
1.334436092E2,-2.603557554E0,-4.577599193E0,2.135223647E0
1.334636022E2,-2.164923555E0,-4.736879686E0,8.528257585E-1
1.334835952E2,-5.012807746E-1,-4.394474924E0,-1.159565721E0
1.335035882E2,7.359751470E-1,-4.269529281E0,-2.636800729E0
1.335235812E2,1.298801667E0,-4.121182496E0,-3.080416994E0
1.335435742E2,1.587192336E0,-3.808598533E0,-2.368934518E0
1.335635672E2,1.563473252E0,-3.154143659E0,-1.516121915E0
1.335835602E2,1.722325876E0,-2.243173188E0,-6.206728783E-1
1.336035532E2,1.772174997E0,-1.418032826E0,-8.891407683E-2
1.336235462E2,1.890693234E0,-2.759862399E-1,-6.599584199E-1
1.336435392E2,1.923138411E0,1.064016663E0,-1.508486036E0
1.336635322E2,1.801186981E0,2.328329113E0,-1.798365845E0
1.336835252E2,9.530185296E-1,3.659889221E0,-1.898710498E0
1.337035182E2,4.392223746E-2,5.065655758E0,-1.511329245E0
1.337235112E2,1.537886421E-1,5.653352387E0,1.330443290E-1
1.337435042E2,7.346614239E-1,4.708665701E0,1.795580963E0
1.337634972E2,-9.479935786E-1,4.139928669E0,1.072590874E0
1.337834902E2,-4.427072859E0,2.919094360E0,1.100990654E0
1.338034832E2,-5.299894048E0,1.513642988E0,3.034216096E0
1.338234762E2,-4.532167789E0,1.344235117E0,4.788259170E0
1.338434692E2,-3.303307592E0,1.826531591E0,1.725125376E0
1.338634622E2,-2.163291451E0,2.468809054E0,3.720592090E-1
1.338834542E2,-1.259105505E0,1.001528639E0,4.863304675E-1
1.339034472E2,9.077188343E-2,-4.075532699E-1,1.599792063E0
1.339234402E2,2.047737606E0,-1.189609593E0,2.441375965E0
1.339434332E2,2.549923384E0,-1.407490296E0,2.214621234E-1
1.339634262E2,7.595945361E-1,-2.483896624E0,-1.944961243E0
1.339834183E2,-1.199611840E0,-4.211092207E0,-2.322778497E0
1.340034113E2,-1.593223301E0,-5.560296289E0,-1.372862208E0
1.340234043E2,-2.805606629E-1,-5.756538786E0,-1.352099769E0
1.340433973E2,1.247530941E0,-4.877416930E0,-1.749743031E0
1.340633903E2,2.731450778E0,-3.964290590E0,-1.545909386E0
1.340833833E2,2.619495894E0,-3.307935371E0,-1.891695301E0
1.341033763E2,1.685812499E0,-2.506313095E0,-2.045645472E0
1.341233693E2,7.420436798E-1,-1.270221062E0,-1.825347091E0
1.341433623E2,6.906731129E-2,-9.973303378E-2,-1.457086380E0
1.341633553E2,-7.570178144E-1,1.361767409E0,-5.534079713E-1
1.341833483E2,-1.337682728E0,2.545130421E0,-1.602923539E-1
1.342033413E2,-1.459268853E0,3.643155659E0,-8.573494568E-1
1.342233343E2,-1.369430770E0,4.106543992E0,-1.312754878E0
1.342433273E2,-1.244794883E0,4.146873407E0,-1.395945261E0
1.342633203E2,-3.140422583E-2,4.470764131E0,-7.438725427E-1
1.342833133E2,1.463794890E0,4.993203494E0,-4.820422657E-1
1.343033053E2,4.202657014E-1,2.911216407E0,1.185383225E0
1.343232983E2,-9.154693186E-2,7.671628797E-1,3.333580089E0
1.343432913E2,-1.484642260E0,-9.435464787E-1,4.057149053E0
1.343632843E2,-2.432652504E0,-1.607960916E0,4.497416032E0
1.343832773E2,-1.330932263E0,5.572805822E-2,3.722781580E0
1.344032703E2,1.602424333E0,2.076883053E0,3.250428882E0
1.344232633E2,4.478331013E0,3.155520093E0,2.540345060E0
1.344432563E2,4.265232747E0,2.270667381E0,9.586135840E-1
1.344632493E2,1.628837961E0,-6.201732337E-1,-9.560829091E-1
1.344832423E2,-5.742967106E-1,-2.646156274E0,-1.978090543E0
1.345032353E2,-1.072710011E0,-4.637315637E0,-1.736816592E0
1.345232283E2,-1.901372735E-1,-5.536975254E0,-1.159198224E0
1.345432213E2,9.595288195E-1,-5.540666016E0,-1.189356116E0
1.345632143E2,1.518816751E0,-4.870292097E0,-1.520315831E0
1.345832073E2,1.637459826E0,-4.062975218E0,-2.170794306E0
1.346031993E2,1.875007201E0,-3.281855035E0,-1.867653597E0
1.346231923E2,1.780035263E0,-2.848381058E0,-7.122107470E-1
1.346431853E2,1.212189493E0,-1.798868998E0,-2.077419242E-1
1.346631783E2,9.181827191E-1,-5.309686965E-1,-2.548418310E-1
1.346831713E2,1.088383180E0,6.834383529E-1,-6.172227287E-1
1.347031643E2,9.886861065E-1,1.585072575E0,-1.046426776E0
1.347231573E2,1.197040527E-1,2.123103538E0,-1.391366014E0
1.347431503E2,-4.999097487E-1,3.259012302E0,-1.703438053E0
1.347631433E2,5.491088060E-1,4.370979642E0,-2.058788551E-1
1.347831363E2,1.083535546E0,5.815917846E0,7.887350124E-1
1.348031293E2,-1.528195977E0,5.743795364E0,6.970198269E-1
1.348231223E2,-5.127487140E0,4.210405744E0,2.309603990E0
1.348431143E2,-5.458167651E0,1.569409638E0,5.959339521E0
1.348631073E2,-4.809672258E0,-3.009211063E-1,6.605340491E0
1.348831003E2,-4.299491291E0,4.061791742E-1,2.429775527E0
1.349030933E2,-1.633666006E0,2.740287675E0,-1.017642980E0
1.349230863E2,2.138209235E0,4.506022841E0,-1.501872982E0
1.349430793E2,4.202285131E0,4.093621060E0,-1.448062956E-2
1.349630723E2,1.956781828E0,1.286478075E0,6.044072400E-1
1.349830660E2,-8.725478321E-1,-2.146628641E0,4.199405962E-1
1.350030590E2,-2.510524260E0,-4.956317503E0,-1.452157469E-1
1.350230520E2,-2.295891684E0,-6.692041835E0,-8.945225456E-1
1.350430440E2,-5.341878811E-1,-6.926040389E0,-1.812155919E0
1.350630370E2,1.148739894E0,-5.839219585E0,-2.753526941E0
1.350830300E2,1.932587950E0,-4.540779276E0,-3.119127023E0
1.351030230E2,2.365473112E0,-3.113493816E0,-2.691156153E0
1.351230160E2,2.557893723E0,-1.818589903E0,-1.549964138E0
1.351430090E2,1.832558901E0,-1.293929767E0,-6.123011273E-1
1.351630020E2,5.795881484E-1,-1.348092526E0,-2.449460033E-1
1.351829950E2,-5.624572684E-1,-1.354939030E0,-2.632616754E-1
1.352029880E2,-1.271987359E0,-7.321760648E-1,-6.468301052E-1
1.352229810E2,-1.121397875E0,8.646622771E-1,-1.430298530E0
1.352429730E2,-3.293426675E-1,3.209377043E0,-1.784647400E0
1.352629660E2,4.245477636E-1,5.116928823E0,-1.610149090E0
1.352829590E2,3.057801425E-1,6.154886785E0,-1.896582989E0
1.353029520E2,-5.532825485E-2,5.563804618E0,-1.371474372E0
1.353229450E2,5.463882427E-1,5.142360118E0,-9.337091231E-1
1.353429380E2,-3.354772738E-1,4.248844755E0,-1.426828208E0
1.353629310E2,-1.687063657E0,2.038839313E0,6.679239357E-1
1.353829240E2,-1.784245404E0,4.442246675E-2,4.250864384E0
1.354029170E2,-2.318862910E0,-1.678054413E0,6.544768599E0
1.354229090E2,-1.874701977E0,-1.258849981E0,6.301672947E0
1.354429020E2,1.375942814E0,1.827261323E0,4.600538697E0
1.354628950E2,4.898766283E0,4.226476232E0,2.337291141E0
1.354828880E2,5.618485440E0,2.832001837E0,8.069599065E-1
1.355028810E2,2.755482835E0,-2.068779981E-1,-5.466246164E-1
1.355228740E2,-2.683186398E-1,-2.440938300E0,-2.306626588E0
1.355428670E2,-1.973449170E0,-4.174919577E0,-2.603644093E0
1.355628600E2,-1.994932717E0,-5.366290936E0,-1.580331652E0
1.355828530E2,-1.136137098E0,-5.929031063E0,-4.897990358E-1
1.356028450E2,-1.728928113E-1,-6.078261362E0,-3.077322355E-1
1.356228380E2,5.259025227E-1,-5.548659160E0,-1.138679321E0
1.356428310E2,1.304276415E0,-4.428379419E0,-1.870624275E0
1.356628240E2,2.021793510E0,-2.914784378E0,-1.981404599E0
1.356828170E2,2.921870911E0,-1.600542553E0,-1.176392254E0
1.357028100E2,3.382771545E0,-4.313186932E-1,-2.494077212E-1
1.357228030E2,2.651839475E0,3.345238853E-1,-8.718607843E-2
1.357427950E2,1.197358030E0,1.121846795E0,-9.815605433E-1
1.357627880E2,-5.805568859E-1,2.092622003E0,-1.301058692E0
1.357827810E2,-1.065934403E0,3.497412055E0,-5.582488811E-1
1.358027740E2,-4.377254874E-2,4.489261798E0,2.401090403E-1
1.358227670E2,1.747629994E0,4.476842312E0,4.909361731E-1
1.358427600E2,3.302832213E0,3.558960432E0,1.946619952E-1
1.358627530E2,1.786127915E0,3.436149607E0,-1.795171219E0
1.358827450E2,-3.568123603E0,1.979716362E0,-1.880608395E0
1.359027380E2,-4.839267063E0,8.823541975E-1,2.529468654E0
1.359227310E2,-5.014840531E0,5.976743174E-1,5.422188563E0
1.359427240E2,-5.453281717E0,1.528633495E0,3.631823756E0
1.359627170E2,-4.487300057E0,3.414356450E0,1.360623840E0
1.359827095E2,-6.955436973E-1,3.594369416E0,3.232443139E0
1.360027025E2,4.067599781E0,2.538779760E0,4.193809007E0
1.360226945E2,6.321885018E0,1.010006517E0,1.923828821E0
1.360426875E2,3.841104959E0,-1.203479773E-1,-2.343520033E0
1.360626805E2,6.240534461E-1,-2.153551744E0,-3.536141088E0
1.360826735E2,-1.292056611E0,-4.479761242E0,-1.864921485E0
1.361026665E2,-1.718157542E0,-6.170828049E0,7.701893985E-2
1.361226595E2,-1.423160980E0,-6.749307711E0,4.973062760E-1
1.361426525E2,-3.730158135E-2,-5.782737236E0,-1.519722046E-1
1.361626445E2,1.858606200E0,-4.379884366E0,-1.096655821E0
1.361826375E2,3.447947534E0,-3.090072793E0,-2.227446078E0
1.362026305E2,3.229227170E0,-2.080049320E0,-2.946937047E0
1.362226235E2,1.507154041E0,-1.619263583E0,-2.583727307E0
1.362426165E2,-9.970935255E-2,-8.778828317E-1,-8.553657889E-1
1.362626095E2,-8.520176733E-1,9.080608964E-2,1.036794366E0
1.362826015E2,-1.322506864E0,1.198131325E0,6.499915485E-1
1.363025945E2,-9.294679914E-1,2.747804856E0,-1.191672929E0
1.363225875E2,-1.809118290E-1,4.622138019E0,-3.085492669E0
1.363425805E2,6.370259325E-1,5.697598853E0,-3.636926036E0
1.363625735E2,2.355813658E0,6.190399264E0,-1.856285294E0
1.363825665E2,1.890231889E0,5.935437273E0,9.573763132E-2
1.364025585E2,-9.928594105E-1,4.016048389E0,2.026450671E0
1.364225515E2,-2.764203372E0,1.255928712E0,5.009491498E0
1.364425445E2,-2.891356339E0,-1.023985455E0,7.312151334E0
1.364625375E2,-1.687435686E0,-1.101644665E0,6.971476763E0
1.364825305E2,1.755125393E0,1.520591235E0,3.735370636E0
1.365025235E2,4.674978430E0,4.135839127E0,2.488937509E-1
1.365225155E2,4.780167793E0,2.689443212E0,-4.504493210E-1
1.365425085E2,2.662554498E0,-4.514746302E-1,2.617450538E-1
1.365625015E2,2.685496049E-1,-2.334809582E0,6.947661638E-2
1.365824945E2,-1.340079209E0,-3.553500887E0,-1.761394778E-1
1.366024875E2,-1.442018982E0,-4.538080201E0,-4.243701544E-1
1.366224805E2,-5.157041015E-1,-5.017451897E0,-1.078911568E0
1.366424725E2,7.064680503E-1,-5.223835806E0,-1.685602292E0
1.366624655E2,1.752024907E0,-4.767736613E0,-2.242377090E0
1.366824585E2,2.624246757E0,-4.106322382E0,-2.304399091E0
1.367024515E2,2.779201480E0,-3.284506162E0,-1.869276491E0
1.367224445E2,2.137030290E0,-2.183832135E0,-1.435239720E0
1.367424375E2,1.573163843E0,-1.005469077E0,-6.623161635E-1
1.367624295E2,1.431289487E0,3.579285353E-1,1.993155017E-1
1.367824225E2,9.888306789E-1,1.173537351E0,8.088780856E-1
1.368024155E2,6.284189773E-1,1.684924892E0,5.086608379E-1
1.368224085E2,4.251593824E-1,2.333077637E0,-3.582170954E-1
1.368424015E2,3.681651096E-1,3.514587082E0,-1.734108892E0
1.368623935E2,6.227293441E-1,4.174365846E0,-1.653278299E0
1.368823865E2,2.456532240E0,4.885265647E0,4.851829514E-1
1.369023795E2,1.585949365E0,5.139700804E0,8.036753793E-1
1.369223725E2,-3.221631345E0,2.842297030E0,1.664964836E0
1.369423655E2,-5.241242967E0,3.122179270E-2,4.099046692E0
1.369623575E2,-6.260438383E0,-1.946104227E0,4.481653985E0
1.369823508E2,-5.752523503E0,-4.912526536E-1,1.735290322E0
1.370023438E2,-1.945704278E0,3.683847018E0,-3.696750069E-1
1.370223368E2,3.741800234E0,6.735177330E0,8.512983195E-1
1.370423298E2,6.152922120E0,5.112604222E0,3.330735126E0
1.370623218E2,3.094651163E0,1.111259242E0,3.043631575E0
1.370823148E2,-6.543614651E-1,-1.551797240E0,-9.818673760E-2
1.371023078E2,-2.486465599E0,-3.748433608E0,-1.986449431E0
1.371223008E2,-2.256675871E0,-5.473693762E0,-2.457197653E0
1.371422938E2,-7.027974607E-1,-6.280338796E0,-2.277878752E0
1.371622858E2,1.012350812E0,-6.134870011E0,-2.105995901E0
1.371822788E2,1.856733191E0,-5.228981940E0,-2.448497289E0
1.372022718E2,2.288822547E0,-3.956935378E0,-2.227030487E0
1.372222648E2,2.322641819E0,-2.851833254E0,-1.438726415E0
1.372422578E2,1.896580650E0,-2.136245155E0,-3.513094872E-1
1.372622498E2,1.349080413E0,-1.194493772E0,3.702363396E-1
1.372822428E2,6.357424687E-1,1.079898870E-1,6.801247358E-2
1.373022358E2,-3.301421280E-1,1.215977027E0,-8.444912834E-1
1.373222288E2,-7.890282503E-1,2.558015930E0,-1.672142001E0
1.373422208E2,-5.702314340E-1,4.145569478E0,-1.918177633E0
1.373622138E2,-4.854615712E-1,5.720320548E0,-1.835973675E0
1.373822068E2,-3.759863453E-1,5.790804055E0,-6.665162185E-1
1.374021998E2,2.077105685E0,5.909236484E0,6.028721997E-1
1.374221928E2,1.301231916E0,4.846396866E0,7.042620420E-2
1.374421848E2,-6.545120309E-1,1.630008427E0,1.941414614E0
1.374621778E2,-8.703972262E-1,-1.008879173E0,4.655812134E0
1.374821708E2,-1.904527600E0,-2.369337975E0,5.472493329E0
1.375021638E2,-1.582156714E0,-1.373876408E0,3.746711310E0
1.375221558E2,1.425946155E0,2.041545990E0,1.195635148E0
1.375421488E2,4.698151823E0,4.488437340E0,7.007428953E-1
1.375621418E2,4.456510958E0,2.649616072E0,1.594806435E0
1.375821348E2,1.835121004E0,-6.622229004E-1,1.970319009E0
1.376021278E2,-1.032282800E0,-2.639610316E0,-2.965415418E-3
1.376221198E2,-2.054712019E0,-4.045922983E0,-1.420281665E0
1.376421128E2,-1.451418235E0,-5.062716948E0,-1.798174057E0
1.376621058E2,-3.232372972E-1,-5.568781768E0,-1.666652343E0
1.376820988E2,1.044811044E0,-4.948068252E0,-1.749597143E0
1.377020908E2,1.781231165E0,-4.127017432E0,-1.650715464E0
1.377220838E2,2.212992638E0,-3.589858873E0,-9.090534613E-1
1.377420768E2,2.670752002E0,-3.003478453E0,-4.823944142E-1
1.377620698E2,2.942713896E0,-1.845251452E0,-9.858633631E-1
1.377820618E2,2.369746696E0,-7.041842741E-1,-1.535831564E0
1.378020548E2,1.014877393E0,2.099401850E-1,-1.252870034E0
1.378220478E2,-3.633917351E-1,1.095921410E0,-5.399780864E-1
1.378420408E2,-4.786508806E-1,2.456349807E0,5.505545300E-1
1.378620328E2,1.664627744E-1,4.153510582E0,8.959483892E-1
1.378820258E2,1.101750792E0,5.026711548E0,1.897857097E-1
1.379020188E2,1.870557178E0,4.836077115E0,-1.332564367E-1
1.379220118E2,1.383771505E0,5.633622127E0,-6.587402987E-1
1.379420038E2,-2.251912583E0,4.259268002E0,8.346976358E-1
1.379619968E2,-3.872408028E0,1.995988578E0,4.400080649E0
1.379819898E2,-4.333569741E0,2.618242836E-1,5.298807051E0
1.380019828E2,-4.962711434E0,-2.401229274E-1,2.344157964E0
1.380219748E2,-3.527873710E0,1.160085831E0,-6.292446041E-1
1.380419678E2,-5.353421214E-1,2.353202584E0,-5.523497714E-1
1.380619608E2,3.458343299E0,2.664023026E0,1.630065730E0
1.380819538E2,4.510196876E0,1.536302118E0,2.292861803E0
1.381019458E2,1.132476010E0,-7.161979634E-1,2.345025837E-1
1.381219388E2,-1.181621711E0,-2.676168863E0,-1.971194630E0
1.381419318E2,-1.699944488E0,-4.355927739E0,-2.200347450E0
1.381619248E2,-9.385345379E-1,-5.494716257E0,-1.337573969E0
1.381819168E2,3.634658486E-1,-5.673731103E0,-9.099822915E-1
1.382019098E2,1.561162433E0,-5.300386384E0,-9.190694493E-1
1.382219028E2,2.114948865E0,-4.619102145E0,-1.426502810E0
1.382418958E2,2.143423928E0,-3.421683011E0,-1.869318007E0
1.382618878E2,1.919606692E0,-2.433969004E0,-1.560007023E0
1.382818808E2,1.135285743E0,-1.737294894E0,-7.865447916E-1
1.383018738E2,-2.095934451E-3,-1.234624967E0,-1.931692010E-1
1.383218668E2,-4.831634693E-1,1.748095286E-1,-2.687339383E-1
1.383418588E2,-6.828232259E-2,2.255901407E0,-1.298664404E0
1.383618518E2,4.261028306E-1,4.354184099E0,-2.261805048E0
1.383818448E2,3.035181472E-1,5.987887967E0,-2.378649082E0
1.384018368E2,1.026632197E-1,5.802642328E0,-7.482537152E-1
1.384218298E2,5.691343501E-1,5.388072399E0,1.524192242E-1
1.384418228E2,1.093097498E-1,5.208872781E0,1.593950987E-1
1.384618158E2,-1.091756439E0,2.798018990E0,2.249111913E0
1.384818078E2,-1.067892344E0,4.437744319E-1,4.825750347E0
1.385018008E2,-1.607715040E0,-1.074971421E0,5.743986568E0
1.385217938E2,-1.614287749E0,-8.701066196E-1,4.975467135E0
1.385417858E2,1.603870057E0,1.898430124E0,3.280295290E0
1.385617788E2,4.865498842E0,4.325198282E0,1.530067525E0
1.385817718E2,4.928470139E0,2.161781116E0,1.132280859E0
1.386017648E2,2.513863020E0,-1.025122154E0,1.609451956E-1
1.386217568E2,4.521454521E-1,-3.264106396E0,-1.002076230E0
1.386417498E2,-1.109253793E0,-4.966478795E0,-1.760690773E0
1.386617428E2,-1.488852256E0,-5.985204679E0,-1.858789510E0
1.386817348E2,-8.313638458E-1,-6.200274627E0,-1.578218761E0
1.387017278E2,3.406602457E-2,-5.469972010E0,-1.532457574E0
1.387217208E2,8.042067450E-1,-4.432102926E0,-1.354020140E0
1.387417138E2,2.116781529E0,-2.911017601E0,-1.046364504E0
1.387617058E2,3.054771106E0,-1.356753421E0,-1.008303223E0
1.387816988E2,3.284144220E0,-4.105096221E-1,-1.118003128E0
1.388016918E2,2.088590494E0,-4.637719095E-1,-6.162906826E-1
1.388216838E2,5.486848828E-1,-5.701210678E-2,-2.882550140E-1
1.388416768E2,-1.388215242E-1,1.209656187E0,5.083788559E-2
1.388616698E2,-2.883481309E-2,2.687476208E0,5.789386690E-2
1.388816628E2,5.767788537E-1,4.151319045E0,-3.248528829E-1
1.389016548E2,1.881302898E0,4.731022530E0,-4.370112500E-1
1.389216478E2,2.515685597E0,4.196546089E0,-5.390273291E-1
1.389416408E2,8.333524838E-2,4.567066603E0,-1.829921953E0
1.389616328E2,-4.480046001E0,3.802844288E0,-3.632758141E-1
1.389816258E2,-5.417775085E0,1.784784810E0,5.481208604E0
1.390016183E2,-4.461519683E0,8.927528858E-3,8.384769836E0
1.390216103E2,-4.627542016E0,6.751370609E-1,3.697160543E0
1.390416033E2,-2.690270885E0,3.171976497E0,-1.528641096E0
1.390615963E2,1.682855270E0,4.514238179E0,-1.440430001E0
1.390815893E2,4.702822871E0,2.594171019E0,2.311480361E0
1.391015813E2,2.408611969E0,1.953496277E-2,2.912716218E0
1.391215743E2,-3.982889414E-1,-2.149875600E0,1.339507936E-1
1.391415673E2,-1.744409201E0,-4.358043262E0,-1.813733498E0
1.391615593E2,-1.371277028E0,-5.889223804E0,-2.580177462E0
1.391815523E2,2.265307823E-1,-6.223605602E0,-2.476471245E0
1.392015453E2,1.674446974E0,-5.370979818E0,-2.068445667E0
1.392215373E2,1.960695954E0,-4.356485564E0,-1.625546709E0
1.392415303E2,1.706532108E0,-3.475390272E0,-1.036956918E0
1.392615233E2,1.111559350E0,-2.447270250E0,-6.057645249E-1
1.392815153E2,1.077158280E0,-1.322537270E0,-1.303972945E-1
1.393015083E2,9.388697295E-1,-8.295035541E-1,-1.254246761E-1
1.393215013E2,-4.414457783E-2,-7.299365813E-1,-1.269897418E0
1.393414933E2,-2.641614157E-1,-2.197985905E-1,-2.012456092E0
1.393614863E2,1.240280686E-1,1.311336928E0,-2.307089102E0
1.393814793E2,1.895535752E-1,3.368240045E0,-2.350717371E0
1.394014713E2,2.780789584E-3,5.281074200E0,-1.967113858E0
1.394214643E2,-6.286019951E-2,5.914975526E0,-1.104876421E0
1.394414573E2,7.652603419E-1,5.772885262E0,3.914634866E-1
1.394614493E2,-6.565984637E-2,4.688707985E0,1.705071765E0
1.394814423E2,-1.251295086E0,1.527924228E0,3.679090893E0
1.395014353E2,-2.133164404E0,-1.098043365E0,4.967369910E0
1.395214273E2,-3.198267918E0,-1.663074431E0,4.439689688E0
1.395414203E2,-1.561355391E0,5.979046977E-1,3.451483930E0
1.395614133E2,2.678011905E0,4.262705580E0,2.559256709E0
1.395814053E2,5.825179836E0,5.368455575E0,2.384840406E0
1.396013983E2,3.771742948E0,1.163296537E0,1.828068239E0
1.396213913E2,8.565486807E-1,-1.730319750E0,-5.140322363E-1
1.396413833E2,-1.628144335E0,-3.111863612E0,-2.199140438E0
1.396613763E2,-2.368695074E0,-4.060021790E0,-1.550757897E0
1.396813693E2,-1.310784366E0,-4.565306007E0,-2.970838711E-1
1.397013613E2,2.167717794E-1,-4.617753777E0,-5.239087683E-1
1.397213543E2,1.653514088E0,-4.488433247E0,-1.636193612E0
1.397413473E2,2.717977039E0,-4.192707977E0,-2.313663419E0
1.397613393E2,3.114239336E0,-3.875774855E0,-2.164174966E0
1.397813323E2,2.183141433E0,-3.592119407E0,-1.583259061E0
1.398013253E2,9.222781089E-1,-2.387775416E0,-8.331944628E-1
1.398213173E2,8.082766995E-1,-1.004317760E0,4.197248340E-1
1.398413103E2,9.434546775E-1,9.329232574E-2,8.564937168E-1
1.398613033E2,1.042450524E0,8.350174785E-1,6.138100013E-2
1.398812953E2,7.350466092E-1,1.784750311E0,-1.607161309E0
1.399012883E2,4.400515097E-1,3.157566034E0,-2.400303952E0
1.399212813E2,6.311145437E-1,4.803339139E0,-9.571710759E-1
1.399412733E2,2.844843493E0,6.168973312E0,1.774467836E0
1.399612663E2,1.499628820E0,6.453669564E0,1.019062099E0
1.399812593E2,-4.385070847E0,4.594243877E0,4.582204168E-1
1.400012519E2,-6.402683598E0,1.781515632E0,4.647067038E0
1.400212449E2,-5.177134094E0,-4.192950636E-1,7.545883840E0
1.400412369E2,-3.841644657E0,-2.117329413E-1,4.492057936E0
1.400612299E2,-1.270542512E0,2.608622997E0,-8.748997284E-1
1.400812229E2,1.740934639E0,4.688492222E0,-3.021804212E0
1.401012149E2,2.619345036E0,2.915175557E0,-8.301859242E-1
1.401212079E2,2.667466159E-1,-1.538566160E-1,1.125135269E0
1.401412009E2,-1.556765619E0,-2.038582621E0,9.639133541E-1
1.401611929E2,-2.086841446E0,-3.613469346E0,1.123308599E-2
1.401811859E2,-9.687102637E-1,-4.618323880E0,-9.478355576E-1
1.402011789E2,5.346055184E-1,-5.109851938E0,-1.732691381E0
1.402211709E2,1.248476582E0,-5.446372647E0,-2.264340255E0
1.402411639E2,1.384535443E0,-5.366061725E0,-1.906344184E0
1.402611569E2,1.286716203E0,-4.802112978E0,-1.439243747E0
1.402811489E2,1.210419833E0,-3.757422532E0,-1.141453679E0
1.403011419E2,8.738611168E-1,-2.201255668E0,-1.541041871E0
1.403211339E2,6.923999418E-1,-9.169895947E-1,-1.054930090E0
1.403411269E2,2.457286531E-1,-4.741115409E-1,-2.255887958E-1
1.403611199E2,9.933615401E-2,1.197281724E-1,-3.427640739E-1
1.403811119E2,-7.515404351E-1,1.423798181E0,-1.723504967E0
1.404011049E2,-1.155019511E0,2.746879826E0,-1.754477668E0
1.404210979E2,-7.115128818E-1,4.197976903E0,-1.234617219E0
1.404410899E2,-6.864389978E-1,5.280328680E0,-1.328367674E0
1.404610829E2,-3.543634880E-1,5.146171918E0,-7.584006809E-1
1.404810749E2,1.700893784E0,5.064857029E0,2.456859684E-1
1.405010679E2,5.325824549E-1,3.658274805E0,7.263996005E-3
1.405210609E2,-1.030420462E0,1.527406749E0,1.336400141E0
1.405410529E2,-1.958626332E0,-4.348504114E-1,4.521858855E0
1.405610459E2,-2.642659347E0,-1.165458838E0,6.139465338E0
1.405810389E2,-4.441139359E-1,5.620945948E-1,6.137785433E0
1.406010309E2,4.223628638E0,3.240074340E0,4.513307595E0
1.406210239E2,5.880491572E0,3.459978765E0,1.260828679E0
1.406410159E2,2.637874570E0,3.866342711E-1,-7.670608458E-1
1.406610089E2,4.751888173E-1,-1.508365291E0,-1.748945471E0
1.406810019E2,-1.414973124E0,-2.819410443E0,-1.255343991E0
1.407009939E2,-2.371063050E0,-3.973725657E0,3.653486520E-2
1.407209869E2,-2.142119414E0,-4.504845797E0,3.303133053E-1
1.407409799E2,-8.765008423E-1,-4.417356833E0,-6.625183310E-1
1.407609719E2,5.298327287E-1,-4.443057100E0,-1.663272652E0
1.407809649E2,1.914979791E0,-4.266750099E0,-2.045824982E0
1.408009569E2,2.570753797E0,-3.951857071E0,-1.825539465E0
1.408209499E2,2.333740857E0,-3.323163275E0,-1.554990989E0
1.408409429E2,1.442586600E0,-2.213312627E0,-1.286930065E0
1.408609349E2,9.974997608E-1,-1.320839238E0,-3.422270072E-1
1.408809279E2,9.515842076E-1,-5.269580913E-1,5.065542322E-1
1.409009199E2,7.430105169E-1,3.463697594E-1,-6.848668277E-2
1.409209129E2,2.659788765E-1,1.344920996E0,-1.519567387E0
1.409409059E2,2.303146617E-1,2.888086576E0,-2.102624104E0
1.409608979E2,1.224130969E0,4.391587569E0,-1.118241840E0
1.409808909E2,2.288992555E0,5.149957990E0,-1.818975234E-1
1.410008823E2,2.442874752E0,4.930725995E0,6.072801232E-2
1.410208753E2,-2.183056502E-1,4.895340984E0,-1.691550372E0
1.410408683E2,-5.598340613E0,2.652501673E0,-6.541082807E-1
1.410608603E2,-6.684415897E0,3.001305628E-1,4.643921236E0
1.410808533E2,-6.083139110E0,-1.030288169E0,7.192095718E0
1.411008453E2,-3.954989424E0,3.391677439E-1,5.023157026E0
1.411208383E2,-5.222807573E-1,3.868631896E0,1.918569396E-1
1.411408313E2,2.603462829E0,5.682580864E0,-2.119225811E0
1.411608233E2,3.374914349E0,3.305240389E0,-1.158359733E0
1.411808163E2,2.105450502E0,5.786463082E-2,6.922604857E-1
1.412008083E2,1.374798806E-1,-1.528354583E0,4.505057466E-1
1.412208013E2,-1.309803057E0,-2.753254461E0,-3.854279906E-1
1.412407943E2,-1.585128854E0,-4.147693772E0,-8.012872303E-1
1.412607863E2,-1.706855897E0,-5.467562372E0,-1.324593882E0
1.412807793E2,-1.565065742E0,-6.170373135E0,-1.872391888E0
1.413007713E2,-5.047762401E-1,-5.792461740E0,-1.850095724E0
1.413207643E2,9.576458699E-1,-4.597275074E0,-1.083563905E0
1.413407563E2,2.022459654E0,-3.353043716E0,-1.046603070E0
1.413607493E2,2.369870657E0,-2.312287277E0,-1.561013036E0
1.413807423E2,1.360093205E0,-1.711628541E0,-1.938106844E0
1.414007343E2,-4.424646556E-2,-1.128644183E0,-1.396099189E0
1.414207273E2,-7.100088318E-1,7.075399911E-1,-8.703399235E-1
1.414407193E2,-7.440108293E-1,2.925894088E0,-3.876777068E-2
1.414607123E2,-3.020621905E-1,4.103878831E0,1.038526749E0
1.414807053E2,2.181878288E-1,4.439696120E0,5.212563251E-1
1.415006973E2,2.886253620E-1,4.177304072E0,-1.199622365E0
1.415206903E2,1.129356082E0,4.103098812E0,-3.209468844E0
1.415406823E2,1.599910177E0,4.966297531E0,-3.690249719E0
1.415606753E2,-6.365953582E-1,3.669201497E0,-6.832155740E-1
1.415806673E2,-1.484457342E0,9.344172210E-1,5.127098300E0
1.416006603E2,-1.447374301E0,-1.903620697E0,9.229751555E0
1.416206533E2,-8.845267305E-1,-2.460008410E0,8.328038980E0
1.416406453E2,2.507765836E0,5.117132306E-1,3.204143200E0
1.416606383E2,4.873916202E0,4.778210145E0,-1.512428522E0
1.416806303E2,4.038767161E0,4.325901117E0,-1.407879282E0
1.417006233E2,2.190147128E0,2.737280452E-1,2.622596088E0
1.417206153E2,4.227423627E-1,-2.067659070E0,3.873929766E0
1.417406083E2,-1.218598845E0,-3.312480412E0,1.647108317E0
1.417606013E2,-1.840128414E0,-4.196025102E0,-9.554993570E-1
1.417805933E2,-1.145416483E0,-4.801877335E0,-2.343607449E0
1.418005863E2,1.547510938E-1,-5.097794394E0,-2.922012998E0
1.418205783E2,1.542334398E0,-4.906182892E0,-2.700012639E0
1.418405713E2,2.066666505E0,-4.563029686E0,-2.037819267E0
1.418605633E2,1.742399075E0,-3.915204384E0,-1.257529826E0
1.418805563E2,1.634384191E0,-2.817881396E0,-5.309985173E-1
1.419005493E2,1.718183708E0,-1.914683629E0,-8.672005534E-2
1.419205413E2,1.625881462E0,-1.116436366E0,-3.883749872E-2
1.419405343E2,1.218965100E0,-1.490999061E-1,-3.687409142E-1
1.419605263E2,5.902128316E-1,1.021500973E0,-7.823019058E-1
1.419805193E2,6.151191929E-1,2.383597580E0,-7.301938587E-1
1.420005120E2,1.478563056E0,4.133465742E0,-8.030612755E-1
1.420205050E2,2.359187063E0,5.694876389E0,-8.460318786E-1
1.420404970E2,2.732526958E0,5.607237151E0,2.405157141E-1
1.420604900E2,3.139454284E0,5.801219700E0,1.387275302E-1
1.420804830E2,-7.823321651E-1,4.934338405E0,-1.884304859E0
1.421004750E2,-6.397623417E0,2.516242252E0,-1.868877127E0
1.421204680E2,-9.027969405E0,-8.118888170E-1,3.210126656E0
1.421404600E2,-6.416299424E0,-2.424867228E0,7.423122717E0
1.421604530E2,-1.832617811E0,-7.145139652E-1,7.568210848E0
1.421804450E2,3.334882264E0,3.310654911E0,2.610418677E0
1.422004380E2,5.924435737E0,5.360503947E0,-1.710839313E0
1.422204300E2,2.875546637E0,2.531399404E0,-3.837239950E0
1.422404230E2,-1.354639068E-2,-7.907996643E-1,-1.533885026E0
1.422604150E2,-1.317921331E0,-2.521137541E0,1.458827534E0
1.422804080E2,-1.684799761E0,-3.523759024E0,3.136516350E0
1.423004010E2,-1.257285413E0,-4.109289259E0,1.963002096E0
1.423203930E2,-3.749784315E-1,-4.264515293E0,-9.759956020E-1
1.423403860E2,5.890498205E-1,-4.617500592E0,-3.157591762E0
1.423603780E2,8.466519758E-1,-5.087039026E0,-4.049457040E0
1.423803710E2,1.864306650E0,-4.689549399E0,-3.538837824E0
1.424003630E2,2.441355938E0,-3.480831690E0,-2.382836127E0
1.424203560E2,2.541607473E0,-2.080993645E0,-1.496547484E0
1.424403480E2,1.602430034E0,-1.030875814E0,-3.639448817E-1
1.424603410E2,2.412935400E-1,-2.335325307E-1,3.406903589E-1
1.424803330E2,-2.316782324E-1,4.976068228E-1,2.030678062E-1
1.425003260E2,1.637351945E-1,1.476134269E0,-8.596640772E-1
1.425203190E2,3.283033249E-1,2.803855096E0,-1.885450621E0
1.425403110E2,-4.855747148E-2,4.390548518E0,-2.501086854E0
1.425603040E2,-3.179091682E-1,5.858058729E0,-2.680039719E0
1.425802960E2,-5.235959423E-1,4.933063712E0,-2.925063783E-1
1.426002890E2,1.515552104E0,4.081089308E0,1.683049251E0
1.426202810E2,-5.796286404E-2,2.098843440E0,1.852177332E0
1.426402740E2,-8.845300195E-1,-2.055588663E-1,2.692915873E0
1.426602660E2,-1.757418087E0,-1.551304320E0,3.697772454E0
1.426802590E2,-2.120926474E0,-9.362526619E-1,3.881734337E0
1.427002510E2,5.741572545E-1,3.128426435E0,3.574618691E0
1.427202440E2,4.875142947E0,5.603002013E0,4.112683568E0
1.427402360E2,4.677523723E0,3.421402345E0,3.664878650E0
1.427602290E2,1.776481618E0,3.353822565E-1,1.181017109E0
1.427802210E2,-8.874695610E-1,-1.701795863E0,-1.373479967E0
1.428002140E2,-2.664509515E0,-3.501731393E0,-2.764299851E0
1.428202070E2,-2.717212808E0,-4.865062348E0,-2.184739623E0
1.428401990E2,-1.125289636E0,-5.491377497E0,-7.699112172E-1
1.428601920E2,4.123782460E-1,-5.437288998E0,-5.045635477E-1
1.428801840E2,1.378523921E0,-4.977694924E0,-1.216554147E0
1.429001770E2,2.244485596E0,-4.274971284E0,-2.006088766E0
1.429201690E2,2.849328892E0,-3.526813610E0,-2.319577585E0
1.429401620E2,2.461145985E0,-2.811657035E0,-2.088533922E0
1.429601540E2,1.227806967E0,-1.806472718E0,-1.632023962E0
1.429801470E2,4.046141669E-1,-7.678844261E-1,-6.411683924E-1
1.430001392E2,-2.874885902E-2,9.900148863E-1,6.013615716E-1
1.430201322E2,1.775144506E-1,2.607569329E0,8.798434031E-1
1.430401242E2,2.654735309E-1,3.829028120E0,1.880359304E-1
1.430601172E2,8.377130449E-1,4.418751978E0,-9.676475322E-1
1.430801092E2,1.532870680E0,4.081899732E0,-1.217819484E0
1.431001022E2,2.010028182E0,4.477987196E0,-1.617272606E0
1.431200942E2,-1.179471398E0,4.323346469E0,-2.617987897E0
1.431400872E2,-5.541727871E0,2.237862162E0,-5.114778802E-2
1.431600792E2,-6.222385873E0,-1.289246732E-1,5.554587652E0
1.431800722E2,-6.095153968E0,-3.195532590E-1,7.297904593E0
1.432000642E2,-4.529801129E0,2.622918270E0,4.080764202E0
1.432200572E2,-1.840920858E0,5.476516213E0,3.284974524E-1
1.432400492E2,1.856827038E0,5.417535934E0,-2.859186128E-2
1.432600422E2,3.718361085E0,2.367256367E0,9.575213242E-1
1.432800342E2,2.260053369E0,-7.251892269E-1,7.706045508E-1
1.433000272E2,5.867037714E-1,-2.795630402E0,-5.123043841E-1
1.433200192E2,-5.901255620E-1,-4.566418732E0,-1.325157553E0
1.433400122E2,-1.145796990E0,-6.048162820E0,-1.513827906E0
1.433600042E2,-1.032994991E0,-6.973315127E0,-1.376422285E0
1.433799972E2,-4.502825291E-1,-6.722373097E0,-1.480620838E0
1.433999892E2,4.589491260E-1,-5.484167880E0,-1.648951798E0
1.434199822E2,1.360097736E0,-4.260413471E0,-1.743630498E0
1.434399752E2,1.938625638E0,-2.914468628E0,-2.042865121E0
1.434599672E2,1.848472098E0,-1.727762763E0,-2.129502000E0
1.434799592E2,1.139389465E0,-1.143397878E0,-1.084027004E0
1.434999522E2,-1.385680474E-1,-6.282347900E-1,7.837783277E-2
1.435199452E2,-1.226151621E0,8.104030395E-1,-1.515845342E-1
1.435399372E2,-1.335207601E0,2.715674406E0,-1.004479290E0
1.435599302E2,-4.061394131E-1,4.482044579E0,-1.082017316E0
1.435799222E2,5.573652937E-1,5.668923522E0,-1.372011731E0
1.435999152E2,1.558588635E0,5.520076801E0,-1.409891163E0
1.436199072E2,2.612046249E0,5.460041683E0,-1.470638033E0
1.436398992E2,-3.225687412E-1,3.649610401E0,-8.444040138E-1
1.436598922E2,-2.137968915E0,1.556879055E0,2.647885880E0
1.436798842E2,-2.769801789E0,-1.595839638E-1,6.395001526E0
1.436998772E2,-2.017734373E0,-5.884287000E-2,7.254469721E0
1.437198692E2,1.641668652E0,2.576000796E0,5.765528880E0
1.437398622E2,4.399614041E0,5.218023673E0,2.673679703E0
1.437598542E2,3.969031220E0,3.742551894E0,1.004382080E0
1.437798472E2,2.175895709E0,-1.834154606E-1,1.378129088E0
1.437998392E2,3.351245405E-1,-2.534653380E0,7.911785638E-1
1.438198322E2,-1.860021518E0,-3.969088231E0,-9.893547356E-1
1.438398242E2,-2.654015224E0,-4.939276378E0,-2.145907679E0
1.438598172E2,-1.718117196E0,-5.426238345E0,-2.328124753E0
1.438798092E2,-7.582362279E-2,-5.371106118E0,-2.107079828E0
1.438998022E2,9.443574876E-1,-4.879728334E0,-2.114332130E0
1.439197942E2,1.755210616E0,-4.322823143E0,-1.821378001E0
1.439397872E2,2.421592203E0,-3.627828353E0,-1.324352538E0
1.439597792E2,2.760566989E0,-2.713206296E0,-6.821028489E-1
1.439797722E2,2.413820961E0,-2.085856190E0,1.063509125E-1
1.439997640E2,1.726132413E0,-1.311157418E0,4.075497615E-1
1.440197570E2,9.387517619E-1,3.466229439E-3,-2.189712095E-1
1.440397490E2,3.372501495E-1,1.580435733E0,-1.334303622E0
1.440597420E2,4.557571310E-1,3.315937870E0,-1.580094255E0
1.440797340E2,8.314742120E-1,4.725848914E0,-1.157124363E0
1.440997270E2,9.606858373E-1,5.212798601E0,-2.481207490E-1
1.441197190E2,1.410406157E0,4.567239096E0,8.141744936E-1
1.441397120E2,2.281640558E0,4.987484332E0,-2.835912748E-1
1.441597040E2,-2.018947086E0,3.681415746E0,-2.291822607E0
1.441796970E2,-5.638039699E0,1.876563292E0,-5.888016061E-1
1.441996890E2,-6.911759734E0,1.281540102E-1,4.489992700E0
1.442196820E2,-5.818238606E0,-3.815267283E-1,7.635698826E0
1.442396740E2,-3.133766112E0,1.381677763E0,6.185510407E0
1.442596670E2,-4.536462861E-1,4.168346137E0,1.287538176E0
1.442796590E2,2.098913315E0,4.519191940E0,-1.593465083E0
1.442996520E2,3.006614900E0,1.749057153E0,-1.567106420E0
1.443196440E2,1.925406692E0,-7.106723446E-1,-3.636688931E-1
1.443396370E2,8.496650460E-1,-2.479721128E0,4.938334684E-1
1.443596290E2,-3.417703396E-1,-4.279660167E0,4.584812026E-1
1.443796210E2,-1.116883825E0,-5.581991798E0,-4.077118756E-1
1.443996140E2,-8.941589950E-1,-6.080527743E0,-1.446525139E0
1.444196060E2,1.438700102E-1,-5.511806499E0,-2.109486542E0
1.444395990E2,1.063181534E0,-4.557291228E0,-2.136443961E0
1.444595910E2,1.165279328E0,-3.715865786E0,-2.266020014E0
1.444795840E2,1.279831692E0,-2.843988045E0,-1.904275585E0
1.444995760E2,1.141931250E0,-2.102642961E0,-1.213200915E0
1.445195690E2,8.178205249E-1,-1.410675859E0,-6.194867706E-1
1.445395610E2,4.728111202E-1,-5.753613424E-1,-4.316660178E-1
1.445595540E2,1.795333479E-1,1.027258142E0,-9.327895023E-1
1.445795460E2,-2.837741464E-1,2.719221327E0,-1.574061829E0
1.445995390E2,-6.955716178E-1,4.397815438E0,-1.824456414E0
1.446195310E2,-3.989112313E-1,5.683754400E0,-1.636765031E0
1.446395240E2,-9.714710265E-3,5.775210115E0,-1.031934160E0
1.446595160E2,1.734461479E0,5.262442632E0,1.341421437E-1
1.446795090E2,1.059641849E0,3.967334066E0,3.171456680E-2
1.446995010E2,-1.134739686E0,1.383258265E0,1.303190441E0
1.447194940E2,-1.358920984E0,-1.149435128E0,3.959676552E0
1.447394860E2,-1.807256829E0,-2.341066103E0,5.411139665E0
1.447594780E2,-1.685986892E-1,2.183531588E-1,4.735797659E0
1.447794710E2,2.919576171E0,3.909363016E0,3.170252153E0
1.447994630E2,4.515972756E0,4.960197716E0,1.868006476E0
1.448194560E2,1.876922895E0,1.550037813E0,1.205971125E0
1.448394480E2,-5.248969477E-1,-8.509558189E-1,3.172266519E-1
1.448594410E2,-2.314551904E0,-2.737603219E0,-1.960091937E-1
1.448794330E2,-2.874848480E0,-4.369431299E0,-2.357725990E-1
1.448994260E2,-1.617720942E0,-5.082129119E0,-4.265812790E-1
1.449194180E2,-6.148405731E-2,-5.167633538E0,-1.279070969E0
1.449394110E2,1.115294405E0,-4.893488002E0,-2.369731201E0
1.449594030E2,1.931248791E0,-4.322655328E0,-2.822809430E0
1.449793960E2,2.487597912E0,-3.973507556E0,-2.262970106E0
1.449993888E2,2.241626892E0,-3.462118846E0,-1.619982791E0
1.450193808E2,1.583106010E0,-2.693977727E0,-1.040953490E0
1.450393738E2,1.151710133E0,-1.542258677E0,-2.807713088E-1
1.450593658E2,1.087729169E0,-1.869167733E-1,2.740502268E-2
1.450793588E2,9.944124310E-1,1.227341675E0,-4.966528496E-1
1.450993508E2,2.335522650E-1,2.230518644E0,-1.001486100E0
1.451193438E2,1.918600094E-1,3.435145640E0,-1.033402396E0
1.451393358E2,8.326443860E-1,4.637551280E0,-7.296624930E-1
1.451593288E2,1.548244910E0,5.083937078E0,2.226045232E-1
1.451793208E2,2.581467943E0,6.183153979E0,-3.852269925E-1
1.451993138E2,-7.596363437E-1,6.087744377E0,-3.049894820E0
1.452193058E2,-6.599627177E0,3.414391533E0,-1.370305367E0
1.452392988E2,-6.625432693E0,9.049688888E-1,5.591537962E0
1.452592908E2,-3.921476108E0,-8.302531672E-1,9.748571491E0
1.452792838E2,-2.596510490E0,-5.560175836E-2,6.118753331E0
1.452992758E2,-1.543825438E0,2.379817355E0,-7.166126771E-1
1.453192678E2,6.371381991E-1,3.641807876E0,-3.592523450E0
1.453392608E2,2.598269917E0,1.864235022E0,-1.485434120E0
1.453592528E2,2.043518255E0,-7.981279796E-1,1.405191171E0
1.453792458E2,6.566736004E-1,-2.567102503E0,1.564773819E0
1.453992378E2,-7.093249999E-1,-3.880639738E0,-1.085037111E-1
1.454192308E2,-6.741439113E-1,-4.611541695E0,-1.906892361E0
1.454392228E2,-7.788345069E-2,-4.595234980E0,-2.807150002E0
1.454592158E2,3.959252045E-1,-4.407324765E0,-2.335021690E0
1.454792078E2,4.140185362E-1,-4.186032211E0,-1.377717882E0
1.454992008E2,2.143828994E-1,-3.826605034E0,-8.317709582E-1
1.455191928E2,3.776305823E-1,-3.463572464E0,-8.270202416E-1
1.455391848E2,4.974031936E-1,-3.133771960E0,-1.295389963E0
1.455591778E2,6.506294797E-1,-2.721866607E0,-1.550268193E0
1.455791698E2,7.975926670E-1,-1.640433428E0,-1.813395090E0
1.455991628E2,9.691657618E-2,3.587851524E-3,-2.127941524E0
1.456191548E2,-5.284754437E-1,2.337206356E0,-1.872722256E0
1.456391478E2,-1.699227181E-1,4.043153742E0,-4.725270917E-1
1.456591398E2,-1.444755625E-1,4.771717397E0,8.372379586E-2
1.456791328E2,-9.637076052E-1,4.460697564E0,-9.085848069E-1
1.456991248E2,-2.164334448E-1,4.800843548E0,-1.304471274E0
1.457191178E2,9.911023222E-1,5.635062881E0,-8.538406889E-1
1.457391098E2,-4.146520820E-1,3.993737168E0,1.769189555E0
1.457591018E2,-1.584480252E0,1.768399742E0,5.493580143E0
1.457790948E2,-1.717186027E0,-7.243647695E-2,8.189491544E0
1.457990868E2,5.017840006E-1,1.382322711E-1,7.477895340E0
1.458190798E2,4.210089410E0,2.831597795E0,2.377370296E0
1.458390718E2,5.176823607E0,4.316181875E0,-2.191899685E0
1.458590648E2,3.052176989E0,1.541537715E0,-2.232250151E0
1.458790568E2,1.129214652E0,-1.539964814E0,5.126979017E-1
1.458990498E2,-9.791053706E-1,-3.447553432E0,1.591029718E0
1.459190418E2,-2.233680818E0,-4.687111695E0,9.348089844E-1
1.459390348E2,-2.049089482E0,-5.497776690E0,-2.813642165E-1
1.459590268E2,-8.633761820E-1,-5.807535278E0,-1.554029122E0
1.459790188E2,3.686128601E-2,-5.556068167E0,-2.610674200E0
1.459990113E2,6.516221908E-1,-5.255055259E0,-2.633447936E0
1.460190033E2,1.347090020E0,-4.167353865E0,-1.655401130E0
1.460389963E2,2.108919509E0,-2.684513424E0,-8.149284920E-1
1.460589883E2,2.441952792E0,-1.303587028E0,-6.625304639E-1
1.460789813E2,2.118130043E0,-3.093276483E-1,-6.861815742E-1
1.460989733E2,1.530139884E0,1.754825431E-1,-6.947065222E-1
1.461189663E2,9.021533082E-1,1.066946703E0,-8.208235087E-1
1.461389583E2,5.250095066E-1,2.221815063E0,-8.368326004E-1
1.461589513E2,3.545451902E-1,3.755847293E0,-1.319713357E0
1.461789433E2,6.627155283E-1,5.184486968E0,-1.203889663E0
1.461989353E2,1.481942309E0,5.212710893E0,-2.667631343E-2
1.462189283E2,1.894421273E0,5.207282338E0,5.271058796E-1
1.462389203E2,-2.506671529E0,3.867311595E0,8.617582574E-2
1.462589133E2,-5.639199786E0,1.613027528E0,2.539072706E0
1.462789053E2,-5.167067528E0,-4.506858408E-2,5.329416640E0
1.462988983E2,-4.345450698E0,-9.809288979E-2,3.789633674E0
1.463188903E2,-3.089132561E0,2.056467499E0,-1.078569359E0
1.463388833E2,-3.868386313E-1,4.577092239E0,-3.279851194E0
1.463588753E2,1.618586330E0,3.973860728E0,-7.729327659E-1
1.463788673E2,1.808692467E0,8.399905354E-1,2.393612691E0
1.463988603E2,1.024151224E0,-1.808210510E0,2.501489727E0
1.464188523E2,-4.610207945E-2,-3.074066041E0,-4.757689342E-2
1.464388453E2,-3.956147173E-1,-4.165618411E0,-1.764482254E0
1.464588373E2,-4.043894877E-1,-5.520589601E0,-1.959686140E0
1.464788303E2,-4.390387720E-1,-6.495413421E0,-1.591389176E0
1.464988223E2,-4.179015259E-1,-6.360073183E0,-1.268003944E0
1.465188153E2,1.302554995E-2,-5.370851179E0,-1.121882463E0
1.465388073E2,5.979697479E-1,-3.856128210E0,-1.399244114E0
1.465587993E2,8.484916560E-1,-2.311111987E0,-2.048703128E0
1.465787923E2,6.006407560E-1,-7.539440793E-1,-2.326647454E0
1.465987843E2,4.946224040E-1,2.721884733E-1,-1.568145470E0
1.466187773E2,3.177581638E-1,8.111579150E-1,-6.282700194E-1
1.466387693E2,5.597972969E-1,1.439723073E0,-3.717706490E-1
1.466587623E2,4.272431108E-1,2.808739275E0,-1.044366364E0
1.466787543E2,1.613154705E-1,4.214066686E0,-1.388606860E0
1.466987473E2,-2.025766401E-1,5.156948921E0,-1.709285415E0
1.467187393E2,9.052600801E-1,6.141172725E0,-1.517569978E0
1.467387313E2,1.120638907E0,6.750977091E0,-6.757486796E-1
1.467587243E2,-5.633310617E-1,3.412307585E0,2.647960725E0
1.467787163E2,-2.357854044E0,2.594760418E-1,5.810776389E0
1.467987093E2,-4.355289516E0,-1.873292944E0,7.203041705E0
1.468187013E2,-3.487927579E0,-1.339130498E0,6.271353380E0
1.468386943E2,2.097858477E0,2.155639200E0,3.562080214E0
1.468586863E2,6.082892357E0,5.708220320E0,-4.921712512E-1
1.468786783E2,4.789984976E0,4.118958800E0,-1.650026516E0
1.468986713E2,1.943254733E0,-4.904135782E-1,7.289782226E-2
1.469186633E2,-8.637185365E-2,-3.201007338E0,1.077891521E0
1.469386563E2,-1.109720839E0,-4.433234947E0,5.883322209E-1
1.469586483E2,-1.014634149E0,-4.979379507E0,-5.178671327E-1
1.469786413E2,-4.156200886E-1,-5.032182203E0,-1.814960682E0
1.469986328E2,4.207611068E-1,-4.702188740E0,-2.500072362E0
1.470186248E2,9.399061485E-1,-4.653308356E0,-2.112459852E0
1.470386178E2,7.134560578E-1,-4.973252209E0,-1.350455093E0
1.470586098E2,1.866669510E-1,-4.853498309E0,-9.628814667E-1
1.470786028E2,2.986572106E-1,-3.423954070E0,-6.471243663E-1
1.470985948E2,1.217593197E0,-1.604454340E0,-4.013413341E-1
1.471185878E2,2.267488980E0,3.729757601E-1,-6.610870788E-1
1.471385798E2,2.734353336E0,1.975811591E0,-1.104353095E0
1.471585728E2,1.953065484E0,2.798124824E0,-1.344722337E0
1.471785648E2,7.990125172E-1,3.180264341E0,-8.852542703E-1
1.471985568E2,3.813118431E-1,4.039274114E0,-2.786930622E-1
1.472185498E2,1.329788986E0,4.858015283E0,8.544594705E-1
1.472385418E2,2.888333328E0,5.565740631E0,1.357974905E0
1.472585348E2,1.369117213E0,6.195999727E0,-5.273545325E-1
1.472785268E2,-3.577455760E0,4.361636376E0,-6.315482609E-1
1.472985198E2,-4.797447485E0,1.558950139E0,3.248552218E0
1.473185118E2,-4.297137786E0,-4.985195732E-1,5.571583169E0
1.473385038E2,-4.571637372E0,-1.120952171E0,3.762279230E0
1.473584968E2,-4.781703272E0,-3.710923719E-1,-3.083787183E-1
1.473784888E2,-2.106009057E0,1.915301095E0,-2.232727576E0
1.473984818E2,1.613660343E0,3.084386376E0,-9.163538562E-1
1.474184738E2,3.427139048E0,1.678813382E0,1.646431502E0
1.474384658E2,2.715862101E0,-1.123051322E0,2.333749336E0
1.474584588E2,1.471138262E0,-2.824394610E0,3.897951297E-1
1.474784508E2,1.106378863E0,-3.931183655E0,-1.548608899E0
1.474984438E2,8.126580182E-1,-5.289577805E0,-2.416210425E0
1.475184358E2,1.711523876E-2,-6.267860253E0,-2.729841624E0
1.475384288E2,-1.023151642E0,-5.921998617E0,-2.435774040E0
1.475584208E2,-1.077301098E0,-4.634097329E0,-1.181563824E0
1.475784128E2,1.338638163E-1,-3.035258070E0,1.251801163E-1
1.475984058E2,1.365190369E0,-1.467090381E0,2.544427586E-1
1.476183978E2,1.875670568E0,-6.495543230E-1,-8.535907204E-1
1.476383908E2,9.543367843E-1,-1.126448554E-1,-2.510829484E0
1.476583828E2,-1.852593800E-1,4.287272072E-1,-2.546795123E0
1.476783758E2,-6.513057102E-1,1.237286620E0,-1.333049540E0
1.476983678E2,-1.453861202E0,2.598555261E0,-7.551288714E-1
1.477183598E2,-1.420871942E0,4.381108189E0,-6.983557695E-1
1.477383528E2,-7.890308815E-1,5.380768642E0,-5.151035924E-1
1.477583448E2,1.092010500E0,6.187980271E0,1.647757065E-1
1.477783378E2,1.202758519E0,5.797698507E0,1.315886647E-1
1.477983298E2,-9.074148522E-1,3.319997592E0,1.237497119E0
1.478183218E2,-2.285425461E0,8.742470330E-1,3.726671733E0
1.478383148E2,-2.893888183E0,-1.167721710E0,5.972567092E0
1.478583068E2,-1.494967274E0,-1.001075479E0,6.868793224E0
1.478782998E2,2.664820294E0,1.739416848E0,4.756587434E0
1.478982918E2,5.767305849E0,4.200685918E0,4.194424134E-1
1.479182838E2,4.466557936E0,2.597094042E0,-2.098571253E0
1.479382768E2,1.647633543E0,-8.430848819E-1,-1.727160207E0
1.479582688E2,1.219534765E-1,-3.095125372E0,-4.403054251E-1
1.479782618E2,-1.264613582E0,-4.479956539E0,9.998197898E-2
1.479982540E2,-2.171378881E0,-5.416054834E0,-1.180511910E-1
1.480182460E2,-1.584934873E0,-5.577279527E0,-6.120590526E-1
1.480382390E2,-3.142353626E-1,-5.169374254E0,-1.311481647E0
1.480582310E2,8.499910283E-1,-4.770675423E0,-1.719359875E0
1.480782240E2,1.647205673E0,-4.058257100E0,-1.938648443E0
1.480982160E2,2.467783160E0,-2.931631376E0,-1.945704570E0
1.481182080E2,3.320283228E0,-1.746738147E0,-1.638380178E0
1.481382010E2,2.938270889E0,-6.929277992E-1,-1.247028666E0
1.481581930E2,2.151301443E0,-1.731506735E-1,-5.576910567E-1
1.481781860E2,1.316051684E0,7.297740287E-1,-7.381356932E-1
1.481981780E2,1.036317379E0,1.755803086E0,-1.154578924E0
1.482181700E2,2.164191923E-1,3.598847798E0,-1.149109877E0
1.482381630E2,-6.290419981E-1,5.433976550E0,7.696046770E-2
1.482581550E2,6.421869774E-1,6.053961504E0,2.472855035E0
1.482781480E2,8.779443736E-1,5.897123977E0,2.849407829E0
1.482981400E2,-1.727770657E0,4.798401166E0,6.623113395E-1
1.483181320E2,-4.477931063E0,2.781028150E0,6.519356015E-1
1.483381250E2,-4.282740480E0,3.189340389E-1,3.855598453E0
1.483581170E2,-3.975808436E0,-8.987392652E-1,3.850278656E0
1.483781100E2,-3.589790461E0,2.135648739E-1,2.235238516E-1
1.483981020E2,-1.309394337E0,2.796897494E0,-2.445483487E0
1.484180940E2,9.747568694E-1,4.098203523E0,-8.451588893E-1
1.484380870E2,2.576395483E0,2.502536963E0,3.100680812E0
1.484580790E2,1.698282856E0,-7.201354784E-1,4.355078139E0
1.484780720E2,2.813987151E-2,-2.565430784E0,1.535184131E0
1.484980640E2,-8.602126922E-1,-4.105566337E0,-1.452921408E0
1.485180560E2,-7.276199144E-1,-5.409208329E0,-2.856176566E0
1.485380490E2,-3.773342746E-1,-6.163421965E0,-3.237360063E0
1.485580410E2,4.393668008E-1,-6.166210502E0,-2.767414663E0
1.485780340E2,5.780455068E-1,-5.251131193E0,-2.022937957E0
1.485980260E2,1.927631119E-1,-4.055931078E0,-1.430527303E0
1.486180180E2,6.175843790E-2,-2.490516842E0,-1.031981522E0
1.486380110E2,6.406370267E-1,-7.184444636E-1,-7.031569183E-1
1.486580030E2,1.161414319E0,1.622818691E-1,-3.207180244E-1
1.486779950E2,4.956002046E-1,1.111538154E-1,-9.514128841E-1
1.486979880E2,-1.078811288E-3,4.442831397E-2,-1.455032253E0
1.487179800E2,-2.749831501E-1,8.939363623E-1,-1.927499557E0
1.487379730E2,-5.070350195E-1,3.151893066E0,-2.232113180E0
1.487579650E2,-3.532572678E-1,5.657172373E0,-1.903842453E0
1.487779570E2,1.126546495E-2,6.897324713E0,-9.677669616E-1
1.487979500E2,1.699619822E0,6.170195380E0,6.159484743E-1
1.488179420E2,7.968350872E-1,4.886466081E0,5.616231631E-1
1.488379340E2,-1.769412480E0,1.533097844E0,1.714425118E0
1.488579270E2,-2.188311102E0,-5.538055819E-1,3.867318027E0
1.488779190E2,-2.786244451E0,-1.485966947E0,4.725091699E0
1.488979120E2,-1.358435812E0,-7.515098834E-1,3.940609952E0
1.489179040E2,1.702000662E0,1.758097533E0,2.150036983E0
1.489378960E2,4.649251851E0,3.420046375E0,4.101545499E-1
1.489578890E2,4.722132716E0,1.798650312E0,2.679134278E-1
1.489778810E2,2.192925140E0,-1.171590228E0,7.956329727E-1
1.489978729E2,-2.346670367E-1,-2.716786546E0,-3.190201391E-1
1.490178659E2,-1.611641884E0,-3.815962517E0,-1.408714411E0
1.490378579E2,-2.078236975E0,-4.812384197E0,-2.056085091E0
1.490578509E2,-1.689068521E0,-5.408471580E0,-2.039217336E0
1.490778429E2,-8.871747883E-1,-5.340346255E0,-1.744868938E0
1.490978349E2,-6.272118196E-2,-4.493245506E0,-1.454821753E0
1.491178279E2,6.402807851E-1,-3.535188577E0,-7.395771781E-1
1.491378199E2,1.533849942E0,-2.605518710E0,2.061301392E-1
1.491578119E2,2.583946577E0,-1.540192271E0,5.066372627E-1
1.491778049E2,3.349306468E0,-4.088191921E-1,-1.788078547E-2
1.491977969E2,3.073169078E0,6.852270162E-1,-1.401376740E0
1.492177889E2,1.407614842E0,1.743207014E0,-2.877545215E0
1.492377819E2,-1.020047648E0,3.095304882E0,-3.006450593E0
1.492577739E2,-1.728944193E0,4.740699087E0,-5.948967437E-1
1.492777669E2,-8.766806442E-1,5.470438617E0,2.207745493E0
1.492977589E2,1.221091586E0,4.416064598E0,3.462292508E0
1.493177509E2,2.655823768E0,4.021747670E0,-3.309075285E-1
1.493377439E2,-2.123449693E0,2.174337426E0,-3.718825647E0
1.493577359E2,-5.591420433E0,-3.275604361E-1,-4.938686979E-1
1.493777279E2,-5.168600668E0,-1.111896588E0,4.811276150E0
1.493977209E2,-3.476877803E0,6.585327226E-1,4.985389275E0
1.494177129E2,-2.442222495E0,4.547691270E0,9.620125705E-1
1.494377049E2,-6.811908294E-1,6.755986401E0,-1.907214104E-1
1.494576979E2,9.800303270E-1,4.096732948E0,2.604698930E0
1.494776899E2,1.603782203E0,1.156023771E-1,3.423624287E0
1.494976819E2,1.854608020E0,-1.683743169E0,1.184589612E0
1.495176749E2,1.602512480E0,-2.598023164E0,-1.221117460E0
1.495376669E2,5.658445604E-1,-4.019386564E0,-2.293802474E0
1.495576589E2,-4.463260107E-1,-5.583771105E0,-2.197041580E0
1.495776519E2,-7.920006824E-1,-6.606264351E0,-1.882863666E0
1.495976439E2,-8.969276516E-1,-6.415735753E0,-1.759054284E0
1.496176359E2,-3.253379095E-1,-4.983459109E0,-1.571176228E0
1.496376289E2,4.631753473E-1,-3.285838158E0,-1.333977201E0
1.496576209E2,8.986524341E-1,-2.012807509E0,-1.304947091E0
1.496776139E2,1.145755914E0,-1.355347166E0,-1.251839901E0
1.496976059E2,1.174586488E0,-9.347721469E-1,-1.364003969E0
1.497175979E2,5.582111666E-1,-2.324753541E-1,-1.537865079E0
1.497375909E2,2.488466808E-1,1.238368939E0,-1.503172964E0
1.497575829E2,-1.366527189E-1,2.839881545E0,-1.512946439E0
1.497775749E2,-3.061513676E-1,4.725219753E0,-1.296018392E0
1.497975679E2,-6.027705313E-1,5.972287595E0,-7.946769530E-1
1.498175599E2,4.316268414E-2,5.464810672E0,3.189631288E-1
1.498375519E2,1.760254571E0,5.442442734E0,5.115652961E-1
1.498575449E2,-1.587322437E-1,3.435478932E0,9.802190459E-1
1.498775369E2,-1.028487153E0,5.670781767E-1,3.422514485E0
1.498975289E2,-1.653131534E0,-1.133405571E0,5.352154123E0
1.499175219E2,-2.196397509E0,-1.179650615E0,4.857215969E0
1.499375139E2,-9.486084133E-3,1.923126424E0,2.444619561E0
1.499575059E2,3.788692565E0,5.382513451E0,9.416782933E-1
1.499774989E2,5.780452144E0,4.547907032E0,1.949401472E0
1.499974911E2,3.332358021E0,1.882370746E-1,2.444996268E0
1.500174831E2,1.513849980E-1,-2.367534694E0,2.170082992E-1
1.500374761E2,-1.870565218E0,-3.810854974E0,-1.697490558E0
1.500574681E2,-2.413393676E0,-4.982091445E0,-2.113205956E0
1.500774601E2,-1.387261123E0,-5.624081810E0,-1.269180257E0
1.500974531E2,5.830039456E-2,-5.572632744E0,-8.452656010E-1
1.501174451E2,7.606404568E-1,-4.957057761E0,-1.431686367E0
1.501374371E2,7.322703512E-1,-4.515715771E0,-1.670777115E0
1.501574301E2,1.146762950E0,-3.831745321E0,-1.139656975E0
1.501774221E2,1.719870337E0,-2.819297592E0,-5.708904152E-1
1.501974141E2,2.024951738E0,-1.801554624E0,-5.447448827E-1
1.502174071E2,1.579964301E0,-4.562459582E-1,-7.527370678E-1
1.502373991E2,6.295471975E-1,1.074132346E0,-9.120318867E-1
1.502573911E2,-4.834110989E-1,2.540004752E0,-4.935459316E-1
1.502773831E2,-1.907917231E-1,4.171373241E0,3.158997725E-1
1.502973761E2,1.275340591E0,5.028925889E0,3.687353593E-1
1.503173681E2,2.825974528E0,5.289997635E0,-9.054530382E-1
1.503373601E2,2.762152753E0,5.932180958E0,-2.166779315E0
1.503573531E2,-1.719359583E0,4.712165844E0,-1.409681248E0
1.503773451E2,-4.795255364E0,2.674004808E0,3.042004003E0
1.503973371E2,-5.607292700E0,2.882998914E-1,7.211073441E0
1.504173301E2,-5.246044115E0,-5.952670187E-1,7.050101348E0
1.504373221E2,-3.495662568E0,1.485682188E0,1.676812903E0
1.504573141E2,-3.528699629E-1,4.188704388E0,-3.151544572E0
1.504773071E2,2.020300716E0,3.850335959E0,-3.060834376E0
1.504972991E2,2.788171694E0,4.241511762E-1,7.836375560E-1
1.505172911E2,1.997884099E0,-2.324734830E0,2.191228424E0
1.505372841E2,6.753202249E-1,-3.414479241E0,7.343214083E-1
1.505572761E2,-5.236805807E-1,-4.388711323E0,-1.374568864E0
1.505772681E2,-1.001907684E0,-5.328994471E0,-1.939335929E0
1.505972601E2,-8.619209562E-1,-5.739649689E0,-1.256080155E0
1.506172531E2,-3.241496091E-1,-5.295861808E0,-8.539203572E-1
1.506372451E2,4.903314248E-1,-4.359458873E0,-1.289607505E0
1.506572371E2,7.509677003E-1,-3.588764859E0,-2.076544060E0
1.506772301E2,6.962001935E-1,-2.709689196E0,-2.323022911E0
1.506972221E2,1.164589064E0,-1.955862061E0,-1.510613546E0
1.507172141E2,1.427278444E0,-1.227284372E0,-9.083199281E-1
1.507372071E2,6.142630143E-1,-4.091442972E-1,-1.105539495E0
1.507571991E2,-7.118321398E-1,8.575093782E-1,-1.540352631E0
1.507771911E2,-9.875321585E-1,2.521922237E0,-1.123740270E0
1.507971831E2,-4.393707477E-1,4.191543211E0,-5.073139317E-1
1.508171761E2,1.258602937E-1,5.375040125E0,-5.618495965E-1
1.508371681E2,3.751137214E-1,5.279012471E0,-1.056142218E0
1.508571601E2,1.604335350E0,5.244205166E0,-1.074740456E0
1.508771531E2,2.380248003E-1,4.075625085E0,-1.214661111E-1
1.508971451E2,-9.028076117E-1,1.644049931E0,2.811597978E0
1.509171371E2,-1.310912566E0,-5.486419058E-1,5.189715548E0
1.509371291E2,-1.367670758E0,-1.328186849E0,5.412422544E0
1.509571221E2,4.346862874E-1,4.108054912E-1,3.178118705E0
1.509771141E2,3.232438754E0,3.605627645E0,6.059789716E-1
1.509971056E2,4.634436468E0,4.223114083E0,3.883795188E-1
1.510170986E2,2.791035368E0,1.145219870E0,1.548932104E0
1.510370906E2,1.734574331E-1,-1.280783472E0,1.114082716E0
1.510570826E2,-1.531945504E0,-2.361513816E0,-4.238646626E-2
1.510770756E2,-1.710455589E0,-3.045353873E0,-6.459705645E-1
1.510970676E2,-9.629533875E-1,-3.776317225E0,-7.270945421E-1
1.511170596E2,-4.200951089E-1,-4.730398048E0,-1.076746344E0
1.511370516E2,1.132004870E-1,-5.327025713E0,-1.792015477E0
1.511570446E2,9.451338516E-1,-5.434080046E0,-2.321693400E0
1.511770366E2,1.475060867E0,-4.814665196E0,-2.613139386E0
1.511970286E2,1.873428015E0,-3.832837581E0,-2.563688314E0
1.512170206E2,1.531826513E0,-2.437039962E0,-2.204923773E0
1.512370136E2,1.457008027E0,-9.536761951E-1,-9.714061224E-1
1.512570056E2,1.239705905E0,6.611066669E-1,5.223063388E-1
1.512769976E2,1.124216818E0,2.066307194E0,1.343066844E0
1.512969906E2,3.149030415E-1,2.701146414E0,1.082203696E0
1.513169826E2,1.352304567E-1,3.208849624E0,-9.635772854E-3
1.513369746E2,1.148108175E0,3.595610780E0,-1.332309283E0
1.513569666E2,3.104204929E0,5.624497547E0,-2.028081606E0
1.513769596E2,1.114216179E0,6.876330285E0,-1.390157249E0
1.513969516E2,-4.358370121E0,4.869928985E0,2.489343306E0
1.514169436E2,-7.522858089E0,1.960674904E0,7.331088712E0
1.514369356E2,-6.352727911E0,-6.786658555E-1,9.062624098E0
1.514569286E2,-4.257435485E0,5.701239914E-1,4.112597029E0
1.514769206E2,-1.226788675E0,4.396415030E0,-2.875472378E0
1.514969126E2,2.374519778E0,5.971666036E0,-4.745394986E0
1.515169056E2,3.647325894E0,2.787285841E0,-1.065387104E0
1.515368976E2,2.066456882E0,-1.238291756E0,2.243985366E0
1.515568896E2,1.038522510E-1,-2.907156685E0,2.043348101E0
1.515768816E2,-1.113701624E0,-3.839227418E0,3.315768886E-1
1.515968746E2,-1.301535971E0,-4.980312138E0,-1.023772616E0
1.516168666E2,-1.007676547E0,-5.845548027E0,-1.976507264E0
1.516368586E2,-4.672232285E-1,-6.099698424E0,-2.433595513E0
1.516568506E2,4.959039675E-1,-5.654222453E0,-2.140727485E0
1.516768436E2,1.264786659E0,-4.639503080E0,-2.151400554E0
1.516968356E2,1.151990361E0,-3.980698462E0,-2.553710040E0
1.517168276E2,8.072592840E-1,-2.848882749E0,-2.711899443E0
1.517368196E2,4.311773367E-1,-1.377488233E0,-1.761771339E0
1.517568126E2,-1.336710043E-1,2.621131361E-1,-1.054001552E-1
1.517768046E2,-1.248922871E-1,1.377045599E0,1.645883033E0
1.517967966E2,2.618313003E-1,2.308263808E0,1.468020088E0
1.518167896E2,-2.599500317E-1,3.185929708E0,-1.126240978E0
1.518367816E2,-1.284161555E0,4.125211228E0,-3.520803841E0
1.518567736E2,-1.327156278E0,4.820395467E0,-3.580602731E0
1.518767656E2,6.103882838E-1,5.630896155E0,-7.794392551E-1
1.518967586E2,2.534886684E0,6.658986356E0,1.384639962E0
1.519167506E2,3.452840046E-1,4.275801589E0,3.122526594E0
1.519367426E2,-1.769056969E0,1.069722376E0,4.002814386E0
1.519567346E2,-3.112711166E0,-1.487819345E0,4.171329387E0
1.519767276E2,-2.900607219E0,-2.072517521E0,3.801573104E0
1.519967194E2,1.989465790E-1,-3.356693548E-1,2.678825837E0
1.520167114E2,4.996085587E0,2.796714476E0,1.579057982E0
1.520367034E2,6.864660997E0,3.189950253E0,6.604523635E-1
1.520566964E2,3.353817887E0,4.639397246E-1,-3.401664484E-1
1.520766884E2,-5.549557292E-1,-1.804348424E0,-1.361989895E0
1.520966804E2,-2.833128011E0,-3.333217562E0,-1.746558784E0
1.521166724E2,-3.383220611E0,-4.163761336E0,-1.031714451E0
1.521366654E2,-2.260985561E0,-4.479941336E0,1.723241696E-1
1.521566574E2,-3.384603039E-1,-4.430889044E0,4.486273286E-1
1.521766494E2,5.862510507E-1,-4.546824127E0,-5.432089654E-1
1.521966414E2,9.795237388E-1,-4.660710931E0,-1.847650857E0
1.522166334E2,1.448987401E0,-4.212590849E0,-2.440637461E0
1.522366264E2,1.826554395E0,-3.151024754E0,-2.291618539E0
1.522566184E2,1.788072992E0,-1.758882814E0,-1.615907282E0
1.522766104E2,1.120339237E0,7.827258289E-2,-9.262112385E-1
1.522966024E2,5.314153507E-1,1.792208435E0,-1.217798142E-1
1.523165954E2,5.486309423E-1,3.073569027E0,7.506105816E-1
1.523365874E2,8.114871863E-1,4.066375374E0,8.512119269E-1
1.523565794E2,1.116301369E0,4.002958227E0,1.851928680E-1
1.523765714E2,2.018400663E0,3.342405877E0,-5.986608888E-1
1.523965644E2,2.780399867E0,3.699405874E0,-1.858468644E0
1.524165564E2,4.234433708E-1,4.646349000E0,-2.973182859E0
1.524365484E2,-4.447999459E0,3.081984340E0,2.927700877E-3
1.524565404E2,-5.600727446E0,1.122095302E0,5.158227122E0
1.524765334E2,-5.232056991E0,2.824158382E-1,6.709087638E0
1.524965254E2,-4.589683633E0,1.309119079E0,2.684729186E0
1.525165174E2,-2.504571210E0,3.732760731E0,-1.865066496E0
1.525365094E2,7.390519519E-1,4.572106318E0,-1.818075932E0
1.525565014E2,3.032038009E0,1.516405798E0,1.771270140E0
1.525764944E2,3.493735618E0,-1.644235872E0,3.233502070E0
1.525964864E2,2.315097303E0,-2.765893802E0,1.313392809E0
1.526164784E2,5.460375559E-1,-3.113332433E0,-1.508123363E0
1.526364704E2,-5.996765502E-1,-4.108505148E0,-2.358835353E0
1.526564634E2,-1.251014420E0,-5.095114616E0,-1.903273957E0
1.526764554E2,-1.816235083E0,-5.775013064E0,-6.880810422E-1
1.526964474E2,-1.463898532E0,-5.257722759E0,4.214088321E-3
1.527164394E2,-7.148191899E-2,-3.949943277E0,-3.336912417E-1
1.527364314E2,8.732178500E-1,-3.006682727E0,-1.599754495E0
1.527564244E2,1.681358090E0,-2.220863137E0,-2.376171470E0
1.527764164E2,2.024918701E0,-1.430451143E0,-2.503503508E0
1.527964084E2,1.122790609E0,-5.893584073E-1,-2.286250795E0
1.528164004E2,-5.369393615E-1,4.595046115E-1,-1.325453861E0
1.528363934E2,-1.573976021E0,1.848321240E0,1.612375563E-1
1.528563854E2,-1.520091298E0,3.335696197E0,6.839293729E-1
1.528763774E2,-7.813158459E-1,4.830848535E0,-5.063859786E-1
1.528963694E2,4.806720438E-1,5.640291461E0,-2.220252249E0
1.529163614E2,2.285255160E0,6.247087435E0,-2.526433949E0
1.529363544E2,9.106902431E-1,5.065180380E0,-1.784488210E0
1.529563464E2,-8.400225489E-1,2.303023533E0,2.199714927E0
1.529763384E2,-2.206723107E0,-2.288132429E-2,5.818946704E0
1.529963312E2,-3.015173469E0,-1.196081291E0,7.125866060E0
1.530163232E2,-1.746233825E0,-4.975273007E-1,6.383685994E0
1.530363162E2,1.837506522E0,2.130806075E0,3.253647482E0
1.530563082E2,5.107201980E0,4.019424571E0,1.792558976E-1
1.530763002E2,5.379468806E0,2.467624408E0,-7.668623328E-1
1.530962922E2,1.887177157E0,-1.097862686E0,-6.776588188E-1
1.531162842E2,-9.420297841E-1,-3.113044749E0,-1.003146563E0
1.531362772E2,-2.203183495E0,-3.984389809E0,-1.244991203E0
1.531562692E2,-2.471858962E0,-4.709152774E0,-7.335279411E-1
1.531762612E2,-1.559268520E0,-5.110952384E0,-2.557713921E-1
1.531962532E2,4.672495410E-2,-4.897729572E0,-6.174573483E-1
1.532162462E2,1.252402549E0,-4.401565257E0,-1.332053759E0
1.532362382E2,2.195650820E0,-3.596744555E0,-1.793925177E0
1.532562302E2,2.588789241E0,-2.913172300E0,-1.850614079E0
1.532762222E2,1.955667349E0,-2.351841352E0,-1.276678727E0
1.532962142E2,1.406926332E0,-1.724475458E0,-1.380032064E-1
1.533162072E2,1.175903646E0,-6.815555495E-1,5.770014864E-1
1.533361992E2,5.965038510E-1,7.542738622E-1,-2.831748068E-1
1.533561912E2,-1.888895508E-1,2.313823925E0,-1.224405203E0
1.533761832E2,-2.258683658E-1,3.690539156E0,-1.128023648E0
1.533961752E2,3.395261052E-1,4.652034248E0,-4.376861648E-1
1.534161672E2,1.633083039E0,4.921893191E0,3.657549604E-1
1.534361602E2,2.307402805E0,5.600860178E0,3.186352462E-1
1.534561522E2,-1.955401446E0,5.117493079E0,-8.995094166E-1
1.534761442E2,-5.736130250E0,3.051006961E0,1.660019846E0
1.534961362E2,-5.756710110E0,4.655909783E-1,6.128334578E0
1.535161282E2,-4.580889421E0,-1.202527261E0,6.697578564E0
1.535361212E2,-3.326431283E0,1.786341923E-1,1.012247097E0
1.535561132E2,-2.376241198E-1,3.029946460E0,-4.590931429E0
1.535761052E2,2.047112100E0,4.215243731E0,-4.908836358E0
1.535960972E2,1.586301806E0,1.813032709E0,-1.498699844E-2
1.536160892E2,5.458741263E-2,-7.297974175E-1,3.246220348E0
1.536360822E2,-9.484460069E-1,-1.763257116E0,3.164659292E0
1.536560742E2,-1.236149775E0,-2.834232550E0,9.901370931E-1
1.536760662E2,-4.014132549E-1,-4.124182702E0,-1.035197345E0
1.536960582E2,5.823076884E-1,-5.225014604E0,-2.299110430E0
1.537160502E2,9.473746508E-1,-5.839862779E0,-2.663234822E0
1.537360422E2,8.885656947E-1,-5.399308993E0,-2.263031940E0
1.537560352E2,5.059797433E-1,-4.118605043E0,-1.481052216E0
1.537760272E2,2.338294230E-1,-2.863542303E0,-7.962837678E-1
1.537960192E2,1.642151047E-1,-2.025304179E0,-2.404872090E-1
1.538160112E2,3.075663207E-1,-1.645572546E0,-4.808294070E-1
1.538360032E2,-1.374740334E-1,-1.317619177E0,-1.544842561E0
1.538559962E2,-7.695591418E-1,-3.881334972E-1,-2.197057952E0
1.538759882E2,-1.002226431E0,1.458995495E0,-2.103662277E0
1.538959802E2,-6.721994197E-1,3.112216784E0,-1.144193684E0
1.539159722E2,7.358076974E-1,4.662804235E0,-7.074926287E-1
1.539359642E2,8.633575440E-1,5.097710195E0,-1.860003392E0
1.539559562E2,7.304152489E-1,4.551321806E0,-2.642511705E0
1.539759492E2,1.171302618E0,4.883758820E0,-2.334109817E0
1.539959412E2,-3.334441969E-1,4.688286985E0,-7.003278892E-1
1.540159331E2,-1.429683403E0,2.901243396E0,2.983946414E0
1.540359251E2,-1.581566876E0,8.343152279E-1,5.897264895E0
1.540559171E2,-2.359832303E0,-6.859924167E-1,6.215715954E0
1.540759091E2,-7.933984593E-1,-5.356950009E-1,4.731800795E0
1.540959021E2,3.364705988E0,1.698381089E0,2.183171400E0
1.541158941E2,5.941955164E0,3.175441557E0,-1.814256531E-1
1.541358861E2,4.359164173E0,9.664149392E-1,-3.471857384E-2
1.541558781E2,1.582046056E0,-9.103208452E-1,3.421126941E-1
1.541758701E2,-1.326564247E0,-2.134493914E0,-1.793820512E-1
1.541958621E2,-2.507559721E0,-3.236961282E0,-3.549353456E-1
1.542158551E2,-2.426547133E0,-4.153702955E0,-5.636774361E-1
1.542358471E2,-1.434244232E0,-4.670022622E0,-9.611530298E-1
1.542558391E2,2.701267451E-3,-4.538084294E0,-1.468383931E0
1.542758311E2,1.131443465E0,-4.276835377E0,-1.437190790E0
1.542958231E2,2.029707717E0,-3.763304247E0,-1.459231723E0
1.543158151E2,2.498681017E0,-2.785564420E0,-1.706199401E0
1.543358071E2,2.147828928E0,-2.054443193E0,-1.085843880E0
1.543558001E2,1.185900850E0,-1.304866984E0,3.835611208E-1
1.543757921E2,1.121974118E0,-3.980883819E-1,1.387660049E0
1.543957841E2,1.357723767E0,8.260338163E-1,6.190587544E-1
1.544157761E2,1.140255950E0,1.805115579E0,-1.233406992E0
1.544357681E2,3.593454619E-1,2.308635106E0,-2.667936568E0
1.544557601E2,3.979632515E-1,3.124075522E0,-2.459850535E0
1.544757531E2,1.471014886E0,3.759594773E0,-5.283076286E-2
1.544957451E2,3.337171741E0,4.699076852E0,1.563285118E0
1.545157371E2,1.276658992E0,5.154888362E0,6.137237549E-2
1.545357291E2,-3.596390798E0,3.240651460E0,2.443275871E-1
1.545557211E2,-5.173767267E0,7.449025297E-1,3.883683214E0
1.545757131E2,-5.192734466E0,8.582718551E-2,4.760217678E0
1.545957051E2,-4.378938287E0,1.723900092E0,2.194082889E0
1.546156981E2,-1.853864547E0,4.103532091E0,-5.973177103E-1
1.546356901E2,1.604078657E0,4.612703537E0,2.257574149E-1
1.546556821E2,3.199775330E0,1.999868791E0,1.830473199E0
1.546756741E2,2.376641294E0,-6.020205528E-1,1.107087107E0
1.546956661E2,8.580017138E-1,-1.779783686E0,-1.343889693E0
1.547156581E2,1.377212244E-1,-3.084514430E0,-1.875631245E0
1.547356501E2,-3.097229201E-1,-4.392005644E0,-9.939711124E-1
1.547556431E2,-7.944111970E-1,-5.601434959E0,9.793340698E-2
1.547756351E2,-1.294379564E0,-6.179445090E0,3.137141564E-1
1.547956271E2,-5.337573798E-1,-5.520317706E0,-3.405816738E-1
1.548156191E2,5.856280299E-1,-4.408879539E0,-1.263251181E0
1.548356111E2,1.656684740E0,-3.557668197E0,-2.030607018E0
1.548556031E2,2.206420075E0,-2.883315833E0,-2.363593671E0
1.548755951E2,1.543150962E0,-2.251234159E0,-2.351019087E0
1.548955881E2,3.339360939E-1,-1.215812135E0,-1.606678621E0
1.549155801E2,-4.471612854E-1,3.779061323E-1,-4.272917888E-1
1.549355721E2,1.567365159E-1,2.182907690E0,3.478866734E-1
1.549555641E2,5.692669357E-1,3.567633022E0,-7.680552379E-1
1.549755561E2,2.248871300E-1,4.821229865E0,-2.870049670E0
1.549955481E2,-4.737215316E-1,5.676501514E0,-4.205766563E0
1.550155398E2,-9.412665032E-2,5.328998564E0,-2.356515616E0
1.550355318E2,9.547734252E-1,5.057561458E0,3.439753246E-1
1.550555248E2,-3.650501516E-1,3.297861203E0,2.308589936E0
1.550755168E2,-7.082375640E-1,1.081364767E0,4.789750795E0
1.550955088E2,-1.400551990E0,-9.795097786E-1,6.618265761E0
1.551155008E2,-9.723060820E-1,-4.102657932E-1,5.368362020E0
1.551354928E2,2.309141329E0,3.459235584E0,2.333202621E0
1.551554848E2,5.164784775E0,6.535125371E0,5.776199757E-1
1.551754768E2,4.311105908E0,3.440755459E0,2.493336954E0
1.551954688E2,1.946393664E0,-8.167256337E-1,3.247675720E0
1.552154618E2,-2.945370432E-1,-2.774319640E0,6.377563959E-1
1.552354538E2,-1.381921299E0,-3.841473334E0,-1.809399249E0
1.552554458E2,-1.602256811E0,-4.633902032E0,-2.588908817E0
1.552754378E2,-9.231569454E-1,-5.376829373E0,-1.552197336E0
1.552954298E2,-5.242989238E-1,-5.963486366E0,-9.329257424E-1
1.553154218E2,6.867459767E-2,-5.931233125E0,-9.541233610E-1
1.553354138E2,6.181150138E-1,-5.308349122E0,-1.437952536E0
1.553554058E2,1.533234961E0,-4.044272899E0,-2.124787536E0
1.553753988E2,2.503270789E0,-2.583023302E0,-2.320112606E0
1.553953908E2,2.599331186E0,-1.320068575E0,-1.584434205E0
1.554153828E2,1.946001316E0,-6.756071770E-1,-2.377495426E-1
1.554353748E2,7.219011913E-1,1.490946436E-1,4.251340932E-1
1.554553668E2,6.403138219E-1,1.675144839E0,3.033218269E-1
1.554753588E2,1.198646757E0,3.658727379E0,-8.161258556E-1
1.554953508E2,1.721736476E0,5.332817380E0,-1.749604014E0
1.555153428E2,1.925100883E0,5.733098468E0,-1.553170751E0
1.555353348E2,2.584075801E0,5.124359465E0,-5.176803142E-1
1.555553278E2,2.236899126E-1,4.828834754E0,6.022632122E-2
1.555753198E2,-4.616451602E0,3.482905698E0,2.005402742E0
1.555953118E2,-6.833846170E0,1.337948776E0,5.505818950E0
1.556153038E2,-6.233689710E0,-6.422055423E-2,6.839854184E0
1.556352958E2,-4.773569795E0,1.865893292E0,2.644464675E0
1.556552878E2,-1.587488059E0,5.411026813E0,-2.495036155E0
1.556752798E2,1.838907515E0,6.286902296E0,-2.653041955E0
1.556952718E2,2.682477424E0,2.090495955E0,1.056769624E0
1.557152638E2,2.375109323E0,-1.629542404E0,2.602806771E0
1.557352558E2,7.283850226E-1,-2.743897746E0,1.114251262E-1
1.557552488E2,-6.745380136E-1,-4.089532102E0,-1.693283486E0
1.557752408E2,-1.241102659E0,-5.922420201E0,-1.338697366E0
1.557952328E2,-1.234852131E0,-6.887127169E0,-9.117721242E-1
1.558152248E2,-6.331587303E-1,-6.564808761E0,-9.230641209E-1
1.558352168E2,9.361542825E-1,-5.239614517E0,-8.520742451E-1
1.558552088E2,2.021248696E0,-4.187296379E0,-1.152319706E0
1.558752008E2,2.299683019E0,-3.609680935E0,-1.777613785E0
1.558951928E2,1.626975038E0,-3.085606105E0,-2.156444216E0
1.559151848E2,6.550666393E-1,-2.284669123E0,-1.509096778E0
1.559351768E2,2.898822941E-1,-1.066128677E0,-2.009689482E-1
1.559551688E2,4.015098070E-1,6.178770322E-1,1.031787980E-1
1.559751618E2,2.606262622E-1,2.648523227E0,-1.307546178E0
1.559951538E2,1.023946863E-1,4.107547958E0,-2.377226893E0
1.560151463E2,-3.117023487E-1,5.118736197E0,-2.941175786E0
1.560351383E2,-8.082691712E-1,5.648595677E0,-3.183618888E0
1.560551303E2,3.376960728E-1,5.932340587E0,-1.163625736E0
1.560751223E2,5.624613249E-1,4.921531248E0,1.749354045E0
1.560951143E2,-2.679866642E-2,2.290125745E0,4.933371860E0
1.561151063E2,-1.653056835E0,5.126113629E-1,6.174594240E0
1.561350983E2,-3.631699795E0,-6.694062048E-1,5.653852909E0
1.561550903E2,-2.255141269E0,1.318803822E0,4.129448705E0
1.561750823E2,2.010312795E0,5.546895055E0,1.143080374E0
1.561950743E2,3.860269501E0,5.936712551E0,3.061730754E-1
1.562150663E2,1.633739974E0,1.526565335E0,1.513519027E0
1.562350593E2,-1.248924333E-1,-2.099844484E0,9.970641433E-1
1.562550513E2,-1.139263019E0,-4.266938964E0,-7.928220700E-1
1.562750433E2,-9.958276033E-1,-5.007173662E0,-2.112962127E0
1.562950353E2,-3.935335471E-1,-5.282147748E0,-2.422360088E0
1.563150273E2,-2.024684666E-1,-5.499770005E0,-1.842655288E0
1.563350193E2,-1.248984998E-1,-5.208245375E0,-1.255395300E0
1.563550113E2,1.651772641E-1,-4.776482878E0,-6.588106115E-1
1.563750033E2,4.657516305E-1,-4.055868512E0,-3.828153084E-1
1.563949953E2,6.699372051E-1,-3.108586248E0,-5.801151288E-1
1.564149873E2,1.167040656E0,-2.339344683E0,-9.321077169E-1
1.564349793E2,1.733335013E0,-1.795439606E0,-1.197813236E0
1.564549713E2,1.683603713E0,-1.293759028E0,-1.131413863E0
1.564749633E2,1.213943658E0,-2.037017906E-1,-1.382255468E0
1.564949553E2,6.484269798E-1,1.746925843E0,-2.031284857E0
1.565149483E2,2.687153003E-1,4.204705878E0,-1.725683054E0
1.565349403E2,9.257607836E-1,5.920964245E0,2.081725717E-2
1.565549323E2,1.973820907E0,5.673223565E0,1.199988400E0
1.565749243E2,1.859630047E0,4.962099230E0,-6.660072915E-1
1.565949163E2,-1.835356647E0,3.681958367E0,-2.376416030E0
1.566149083E2,-5.212760010E0,2.217160680E0,4.823589655E-1
1.566349003E2,-5.360085286E0,6.216408849E-1,5.228394880E0
1.566548923E2,-4.950281423E0,2.354053938E-1,6.340588506E0
1.566748843E2,-3.543894496E0,2.364376028E0,2.770980295E0
1.566948763E2,-9.410362691E-1,5.309070083E0,-1.479728991E0
1.567148683E2,2.345489229E-1,5.041954654E0,-1.380255135E0
1.567348603E2,5.778133723E-1,1.333278605E0,1.825881819E0
1.567548523E2,7.063179231E-1,-1.380361555E0,2.507614685E0
1.567748443E2,5.193625581E-1,-2.523971102E0,4.344579171E-1
1.567948363E2,3.942108008E-1,-3.431133866E0,-1.487479768E0
1.568148283E2,1.819184272E-1,-4.516079468E0,-2.075208849E0
1.568348203E2,-2.828508711E-1,-5.313485901E0,-2.032547856E0
1.568548133E2,-1.169563875E0,-5.575070449E0,-1.894865661E0
1.568748053E2,-1.237999687E0,-5.140176183E0,-1.507292327E0
1.568947973E2,-1.493381070E-1,-4.142116697E0,-1.184130167E0
1.569147893E2,7.025556783E-1,-2.934094223E0,-1.682015317E0
1.569347813E2,1.392399802E0,-2.081890608E0,-1.888741872E0
1.569547733E2,1.171410938E0,-2.059730245E0,-1.218487383E0
1.569747653E2,1.712782489E-1,-2.360236199E0,-4.867970753E-1
1.569947573E2,-2.806558263E-1,-1.291002651E0,-5.679991132E-1
1.570147488E2,-5.945814326E-1,1.077400355E0,-1.521555002E0
1.570347408E2,-4.036190439E-1,3.402529871E0,-1.652314531E0
1.570547328E2,8.597024495E-1,5.129955250E0,-1.178671645E0
1.570747248E2,5.306443953E-1,4.972766306E0,-1.574089311E0
1.570947168E2,3.909492970E-1,4.623112165E0,-1.336952410E0
1.571147088E2,2.590511319E-1,4.961413937E0,-1.229363642E0
1.571347008E2,-1.386043586E0,3.863510905E0,6.030683738E-1
1.571546928E2,-2.283537833E0,2.095917494E0,4.466893859E0
1.571746848E2,-2.273746232E0,4.548952514E-1,7.608529154E0
1.571946768E2,1.697703433E-1,5.181855136E-1,7.841408551E0
1.572146688E2,4.385927756E0,2.626632421E0,4.583362793E0
1.572346608E2,5.503372475E0,3.950702831E0,-4.008256097E-1
1.572546528E2,3.056498958E0,2.283800227E0,-2.519582182E0
1.572746448E2,4.392662652E-1,-1.086810279E-1,-1.133105901E0
1.572946368E2,-1.101426856E0,-2.277279997E0,1.362761436E0
1.573146288E2,-1.979166723E0,-3.775266480E0,1.852237705E0
1.573346208E2,-1.549493875E0,-4.506357887E0,4.551254855E-1
1.573546138E2,-4.305842829E-1,-4.897712030E0,-1.203651389E0
1.573746058E2,3.112821897E-1,-5.526849046E0,-2.595289883E0
1.573945978E2,8.345141794E-1,-5.498908710E0,-3.125826763E0
1.574145898E2,9.728586439E-1,-5.028022494E0,-2.854928770E0
1.574345818E2,1.168253953E0,-4.252015116E0,-1.766357602E0
1.574545738E2,1.211527150E0,-2.991537269E0,-5.726213372E-1
1.574745658E2,1.137659859E0,-1.445825227E0,9.301399827E-2
1.574945578E2,1.220827658E0,-3.652884257E-1,2.106944758E-1
1.575145498E2,1.038899948E0,4.243722010E-1,-3.184627533E-1
1.575345418E2,9.704389199E-1,1.481243566E0,-1.179269815E0
1.575545338E2,1.250939868E0,2.830231885E0,-1.647508412E0
1.575745258E2,1.824707698E0,4.350417323E0,-1.469817522E0
1.575945178E2,1.914955086E0,5.209303136E0,-1.357155564E0
1.576145098E2,1.973186191E0,5.174558980E0,-5.249134661E-1
1.576345018E2,1.692693210E0,5.177814125E0,-1.408385213E-1
1.576544938E2,-2.316192632E0,3.576267021E0,-9.861855447E-2
1.576744858E2,-4.416497292E0,1.481526572E0,3.193422915E0
1.576944778E2,-4.504538818E0,7.145297527E-2,6.236640800E0
1.577144698E2,-4.125610885E0,6.878886688E-1,4.830916362E0
1.577344618E2,-2.765521334E0,3.705668827E0,-1.317034163E-1
1.577544538E2,-2.402894269E-1,5.910366751E0,-2.342410963E0
1.577744458E2,1.209296144E0,3.503108413E0,2.695892398E-1
1.577944378E2,2.022190244E0,-3.324487084E-1,3.173790888E0
1.578144298E2,1.632233439E0,-2.312028830E0,1.872376539E0
1.578344218E2,6.542152847E-1,-2.719525382E0,-1.315630685E0
1.578544138E2,9.963348493E-2,-3.842702419E0,-1.893005516E0
1.578744058E2,-3.347460794E-1,-5.162631830E0,-1.097076966E0
1.578943978E2,-4.600786619E-1,-6.012505329E0,-5.831327306E-1
1.579143898E2,-2.112800744E-1,-6.086800636E0,-8.060895485E-1
1.579343818E2,3.598673990E-1,-5.279180287E0,-1.544155514E0
1.579543738E2,1.007687876E0,-4.274730964E0,-1.994098173E0
1.579743658E2,1.207788586E0,-3.603644269E0,-1.951996028E0
1.579943578E2,7.309736580E-1,-2.693259104E0,-1.818722050E0
1.580143505E2,5.947652545E-1,-1.103911631E0,-1.027709547E0
1.580343425E2,7.249075373E-1,7.247460079E-1,-2.384840991E-1
1.580543345E2,7.068861993E-1,2.592015150E0,-4.385002434E-1
1.580743265E2,-2.409791060E-2,3.574897018E0,-8.366435891E-1
1.580943185E2,-5.793333560E-2,4.414059003E0,-1.407475532E0
1.581143105E2,6.667512766E-1,5.172075083E0,-2.014236130E0
1.581343025E2,2.475093641E0,5.301968640E0,-1.615931986E0
1.581542945E2,2.416801287E0,5.154484904E0,9.639895141E-2
1.581742865E2,-8.818583536E-1,2.911607001E0,2.964452966E0
1.581942785E2,-1.772773021E0,6.154416668E-1,6.418283969E0
1.582142705E2,-2.312914099E0,-1.077462920E0,7.661224846E0
1.582342625E2,-1.187533100E0,3.340882677E-1,4.601596751E0
1.582542545E2,2.835768029E0,4.455110550E0,6.589095756E-2
1.582742465E2,5.347859343E0,5.687159818E0,-1.194942984E0
1.582942385E2,4.316877986E0,2.073566512E0,5.663440588E-1
1.583142305E2,1.519554816E0,-1.730483472E0,1.233414886E0
1.583342225E2,-1.643774819E0,-3.782170288E0,-2.232873318E-1
1.583542145E2,-2.937832348E0,-4.671785558E0,-1.087257737E0
1.583742065E2,-1.783407644E0,-5.363811132E0,-6.350713545E-1
1.583941985E2,-2.131265520E-1,-5.921019208E0,-2.977378821E-1
1.584141905E2,1.518030739E0,-5.967756003E0,-9.701875627E-1
1.584341825E2,2.201536042E0,-5.285789979E0,-1.810935751E0
1.584541745E2,2.194341044E0,-4.167461454E0,-2.130680214E0
1.584741665E2,1.852884407E0,-3.104868588E0,-1.579917962E0
1.584941585E2,1.776930538E0,-1.829109628E0,-8.617959720E-1
1.585141505E2,1.316291566E0,-5.226083475E-1,1.802339906E-1
1.585341425E2,1.046356537E0,9.725568545E-1,8.249339551E-1
1.585541345E2,1.512851568E0,2.462790515E0,3.165331721E-2
1.585741265E2,1.178118571E0,3.320906249E0,-1.912276184E0
1.585941195E2,9.277652822E-1,4.055014819E0,-2.745762423E0
1.586141115E2,8.145731275E-1,4.111573182E0,-1.436383728E0
1.586341035E2,2.437722770E0,4.753662949E0,1.099151997E0
1.586540955E2,3.762820682E-1,5.529051692E0,1.022760463E0
1.586740875E2,-4.702288143E0,4.537569739E0,1.286388467E0
1.586940795E2,-7.057644256E0,1.958825430E0,4.285778693E0
1.587140715E2,-5.637902874E0,2.282519102E-1,6.071097938E0
1.587340635E2,-3.653236552E0,8.988263887E-1,2.454000980E0
1.587540555E2,-1.258331480E0,3.320265979E0,-2.447297148E0
1.587740475E2,1.576942752E0,4.190967845E0,-2.431894997E0
1.587940395E2,2.496301785E0,2.067997039E0,8.003440744E-1
1.588140315E2,1.246672570E0,-4.914333326E-1,2.260275270E0
1.588340235E2,-2.634559491E-1,-1.584135266E0,7.366028456E-1
1.588540155E2,-1.092516138E0,-2.916095908E0,-6.177491243E-1
1.588740075E2,-6.347012258E-1,-4.432471300E0,-1.027226567E0
1.588939995E2,3.079911210E-1,-5.693458439E0,-1.495289163E0
1.589139915E2,6.096581858E-1,-6.268441467E0,-2.097153595E0
1.589339835E2,6.135832755E-1,-5.827209989E0,-2.129179234E0
1.589539755E2,7.906002742E-1,-4.856443552E0,-1.403530562E0
1.589739675E2,7.754039454E-1,-3.719125024E0,-1.047757310E0
1.589939595E2,4.776711796E-1,-2.497501926E0,-8.568673539E-1
1.590139508E2,3.086654511E-1,-1.407732371E0,-4.343623151E-1
1.590339428E2,3.596034703E-1,-5.668413645E-1,-3.142248376E-1
1.590539348E2,1.705135062E-1,1.014597166E-1,-9.427946730E-1
1.590739268E2,-4.932974249E-2,1.012465271E0,-1.967512053E0
1.590939188E2,9.624933578E-2,2.106061828E0,-2.422844092E0
1.591139108E2,3.632345912E-1,3.617775820E0,-2.439889310E0
1.591339028E2,6.672574262E-1,5.423214165E0,-2.789063979E0
1.591538948E2,9.527766010E-1,6.470836405E0,-1.471724299E0
1.591738868E2,4.209191278E-1,6.474671593E0,1.111659776E0
1.591938788E2,-1.196048912E0,3.568543434E0,3.862823272E0
1.592138698E2,-2.515562221E0,1.108433867E0,5.659013076E0
1.592338618E2,-3.276310413E0,6.629619884E-1,5.871938265E0
1.592538538E2,-1.168944875E0,1.880612488E0,5.047111314E0
1.592738458E2,2.826016628E0,4.018045798E0,2.739028770E0
1.592938378E2,4.350774296E0,3.872813825E0,2.701027715E-1
1.593138298E2,2.284354543E0,3.350852180E-1,-4.383638571E-1
1.593338218E2,4.630086286E-1,-2.137891147E0,-5.483507144E-1
1.593538138E2,-7.171095443E-1,-3.685715203E0,-9.414368033E-1
1.593738058E2,-1.107523748E0,-4.588087928E0,-1.384621836E0
1.593937978E2,-1.185931548E0,-5.174339125E0,-1.381966761E0
1.594137898E2,-1.087255691E0,-5.503298215E0,-1.228446214E0
1.594337818E2,-8.684052991E-1,-5.371613072E0,-1.089877874E0
1.594537738E2,-2.636644024E-1,-4.885020649E0,-8.227519204E-1
1.594737658E2,4.852442741E-1,-4.387163565E0,-6.250100505E-1
1.594937578E2,1.375768567E0,-3.590576912E0,-7.706295477E-1
1.595137498E2,1.962954733E0,-2.235860075E0,-1.285254253E0
1.595337418E2,2.145116697E0,-8.906695229E-1,-1.520551035E0
1.595537338E2,1.714800071E0,4.345861173E-1,-1.305418523E0
1.595737258E2,9.520894070E-1,1.302668431E0,-7.532242870E-1
1.595937178E2,2.268488708E-1,2.391512371E0,-6.332564519E-1
1.596137098E2,3.428370179E-1,4.016274092E0,-7.902580659E-1
1.596337018E2,6.921441992E-1,4.996974948E0,-6.828132856E-1
1.596536938E2,1.416198993E0,4.785049633E0,-5.877201636E-1
1.596736858E2,2.345483382E0,4.764070993E0,-5.348466430E-1
1.596936778E2,-6.903152633E-1,3.852012940E0,-1.257229133E0
1.597136698E2,-3.682336390E0,1.769824709E0,1.199539919E0
1.597336618E2,-4.366923721E0,1.310302556E-2,4.118809696E0
1.597536538E2,-4.422160613E0,4.240780860E-1,2.860914565E0
1.597736458E2,-4.966869974E0,3.168928344E0,-4.744582808E-1
1.597936378E2,-4.451246710E0,5.870415650E0,4.944576587E-1
1.598136298E2,-1.058008941E0,4.203531173E0,4.983976003E0
1.598336218E2,2.258083442E0,9.589650017E-1,5.442696503E0
1.598536138E2,3.516656411E0,-9.821585673E-1,1.858120881E-1
1.598736058E2,1.837171477E0,-1.907278715E0,-4.080682926E0
1.598935978E2,-7.430203110E-2,-3.360175565E0,-4.235449954E0
1.599135898E2,-1.134703507E0,-5.006874869E0,-1.105142616E0
1.599335818E2,-1.847037776E0,-6.169965584E0,6.165486909E-1
1.599535738E2,-1.898089085E0,-6.652966062E0,3.588271062E-1
1.599735658E2,-8.253372668E-1,-6.149829528E0,-1.155902295E0
1.599935578E2,2.569604234E-1,-4.963358136E0,-2.686385118E0
1.600135502E2,1.025389810E0,-3.793829636E0,-3.059388360E0
1.600335422E2,1.521422709E0,-2.207918571E0,-2.189447363E0
1.600535342E2,1.779225862E0,-1.377989339E0,1.205818659E-1
1.600735262E2,1.015711718E0,-8.619421524E-1,9.169966114E-1
1.600935182E2,-1.217551097E-1,4.822882873E-1,-7.038246703E-1
1.601135102E2,-3.419425401E-1,2.224602431E0,-2.313003415E0
1.601335022E2,-9.085944548E-2,4.213718192E0,-3.279333131E0
1.601534942E2,-5.257871863E-1,5.581671955E0,-2.808731673E0
1.601734862E2,-3.096233712E-1,5.853254657E0,-1.103402192E0
1.601934782E2,1.323812255E0,6.171824414E0,5.256430525E-1
1.602134702E2,2.946215355E-1,4.569535298E0,1.631418044E0
1.602334622E2,-9.501535401E-1,2.118476636E0,3.676720431E0
1.602534542E2,-2.452197114E0,-1.958273453E-1,5.679093584E0
1.602734462E2,-2.243386027E0,-1.409949635E0,6.424832851E0
1.602934382E2,1.144262754E0,5.050304478E-1,4.400630288E0
1.603134302E2,4.891964802E0,4.269784219E0,2.144057035E-1
1.603334222E2,5.564107504E0,4.107112926E0,-1.535570047E0
1.603534142E2,2.837288305E0,8.250976771E-1,-7.684785032E-1
1.603734062E2,4.564723916E-2,-1.670740131E0,5.847746287E-1
1.603933982E2,-1.785984366E0,-3.292753660E0,1.394096664E0
1.604133902E2,-1.723240088E0,-3.815649691E0,8.967672917E-1
1.604333822E2,-7.884635554E-1,-4.026850535E0,-3.714087063E-1
1.604533742E2,3.983437590E-2,-4.468814669E0,-1.688864745E0
1.604733662E2,7.085213732E-1,-4.783766754E0,-2.486030566E0
1.604933582E2,1.094996381E0,-4.721671663E0,-2.174060853E0
1.605133502E2,1.442305642E0,-4.198273941E0,-1.318862879E0
1.605333422E2,1.718549598E0,-3.523860766E0,-5.697018224E-1
1.605533342E2,1.654599769E0,-2.772625701E0,-4.250933088E-1
1.605733262E2,1.866617470E0,-1.822642023E0,-4.433050467E-1
1.605933182E2,1.689711569E0,-4.227232862E-1,-8.884237535E-1
1.606133102E2,1.016762828E0,1.305169870E0,-1.152572890E0
1.606333022E2,9.410223819E-2,3.146789031E0,-4.298340851E-1
1.606532942E2,1.642664140E-1,4.681765001E0,5.343255830E-1
1.606732862E2,1.993372826E-1,4.757838446E0,6.658836959E-1
1.606932782E2,1.728054685E0,4.488294668E0,1.665311868E-1
1.607132702E2,2.019437375E0,5.747057526E0,-1.437602872E0
1.607332622E2,-2.273795933E0,4.825809989E0,-1.037876101E0
1.607532542E2,-4.995921865E0,2.332308728E0,3.917204717E0
1.607732462E2,-4.966853017E0,2.696823567E-1,7.365796614E0
1.607932382E2,-4.291211049E0,6.895510322E-1,5.313883511E0
1.608132302E2,-2.389203013E0,3.662608176E0,-9.199378339E-1
1.608332222E2,9.499054720E-1,5.856296963E0,-3.666587791E0
1.608532142E2,2.426524037E0,3.483630168E0,-1.125507591E0
1.608732062E2,2.567477602E0,-6.067070961E-1,2.590739288E0
1.608931982E2,1.136155370E0,-3.044059299E0,3.094707296E0
1.609131902E2,-4.075151168E-1,-3.743026688E0,4.601483899E-1
1.609331822E2,-6.976498644E-1,-4.542284349E0,-1.672116566E0
1.609531742E2,-6.324358682E-1,-5.647635564E0,-2.521019427E0
1.609731662E2,-1.269721417E-1,-6.029611359E0,-2.431440230E0
1.609931582E2,2.865995210E-1,-5.484931526E0,-1.916238989E0
1.610131499E2,3.591824707E-1,-4.447360650E0,-1.413994301E0
1.610331419E2,5.199098575E-1,-3.560602330E0,-9.709607108E-1
1.610531339E2,4.274146535E-1,-2.941450605E0,-1.047242755E0
1.610731259E2,4.231104449E-1,-2.219572656E0,-1.646161214E0
1.610931179E2,6.654476398E-1,-8.937451583E-1,-2.041854138E0
1.611131099E2,5.528264657E-1,5.831556809E-1,-1.432748075E0
1.611331019E2,-3.396013150E-1,1.745468717E0,-6.214688306E-1
1.611530939E2,-6.479517473E-1,3.065730250E0,-2.123743808E-1
1.611730859E2,-5.622087617E-1,4.556849763E0,-1.283162704E0
1.611930769E2,3.461632065E-2,5.763388215E0,-2.824339646E0
1.612130699E2,1.812566101E0,6.372945828E0,-2.200262226E0
1.612330609E2,1.407021788E0,5.678393088E0,-4.152512754E-1
1.612530539E2,-7.933638145E-1,3.270300937E0,2.468424307E0
1.612730459E2,-1.874292818E0,4.450122875E-1,5.643848907E0
1.612930369E2,-2.217616032E0,-1.260819908E0,6.874020050E0
1.613130299E2,-7.660071775E-1,-2.527733785E-1,4.926449926E0
1.613330209E2,2.275268993E0,2.750747175E0,3.402705288E-1
1.613530129E2,3.978731751E0,4.882559556E0,-2.479587811E0
1.613730059E2,2.712323951E0,2.068237360E0,-5.715897422E-1
1.613929969E2,4.310344454E-1,-1.438633152E0,2.071939816E0
1.614129889E2,-1.210514339E0,-3.455332568E0,2.196478786E0
1.614329809E2,-2.075026854E0,-4.432943755E0,-5.143912554E-2
1.614529729E2,-1.677294860E0,-4.687753134E0,-1.893536151E0
1.614729649E2,-3.722026851E-1,-4.622060251E0,-2.446900560E0
1.614929569E2,6.671457443E-1,-4.359806197E0,-2.257711266E0
1.615129489E2,1.221074191E0,-4.214439738E0,-1.533218297E0
1.615329409E2,1.339164412E0,-3.918028589E0,-6.813713622E-1
1.615529329E2,1.258754233E0,-3.297346063E0,-1.080846119E-1
1.615729249E2,1.181341483E0,-2.581616462E0,-1.901387353E-1
1.615929169E2,1.357413864E0,-1.467467526E0,-6.723227960E-1
1.616129089E2,1.200020414E0,-5.201285434E-1,-1.405940784E0
1.616329009E2,1.034134613E0,6.991083062E-1,-1.840663873E0
1.616528929E2,3.620588623E-1,2.080669125E0,-1.700601423E0
1.616728849E2,-2.709984919E-1,4.005165551E0,-1.252974845E0
1.616928769E2,-4.542036720E-2,5.292434170E0,1.246998406E-1
1.617128689E2,1.333203468E0,4.789946092E0,1.264552186E0
1.617328609E2,2.886894913E0,3.249486018E0,5.745216092E-1
1.617528529E2,3.397575087E-1,2.989821112E0,-2.302208431E0
1.617728449E2,-5.484577185E0,1.745784466E0,-2.418734084E0
1.617928369E2,-6.695192900E0,4.375027084E-1,3.409840645E0
1.618128289E2,-5.639615523E0,1.424840739E0,5.714638808E0
1.618328209E2,-4.939343036E0,4.169186382E0,3.054177906E0
1.618528129E2,-2.700533333E0,6.645158275E0,8.426627860E-1
1.618728049E2,1.010218113E0,4.982911810E0,2.011484869E0
1.618927969E2,2.797676343E0,7.568366969E-1,2.208005109E0
1.619127889E2,3.529703888E0,-2.087989254E0,-1.026636583E-1
1.619327809E2,2.965320693E0,-2.859079124E0,-2.765841762E0
1.619527729E2,1.234451451E0,-3.618915442E0,-3.238639433E0
1.619727649E2,-4.688176180E-1,-5.410123419E0,-1.207117910E0
1.619927569E2,-1.711030371E0,-6.908270701E0,6.413400813E-1
1.620127491E2,-2.319412109E0,-6.920214808E0,8.647428956E-1
1.620327411E2,-1.506071721E0,-5.329931195E0,-1.928891194E-1
1.620527331E2,-3.199780592E-1,-3.699482473E0,-1.555047268E0
1.620727251E2,3.548488069E-1,-2.694702782E0,-2.397181832E0
1.620927171E2,7.360712606E-1,-1.955293711E0,-2.407412120E0
1.621127091E2,1.080110247E0,-1.286939421E0,-1.671247085E0
1.621327011E2,1.037625620E0,-5.094918734E-1,-8.473286448E-1
1.621526931E2,6.470426515E-1,6.034794331E-1,-6.306392381E-1
1.621726851E2,-6.776016623E-2,1.937685991E0,-1.294796909E0
1.621926771E2,-9.764585553E-1,3.293179922E0,-2.040267203E0
1.622126691E2,-1.048471548E0,5.145700632E0,-2.334216675E0
1.622326611E2,-3.833482456E-1,6.212034547E0,-1.424919677E0
1.622526531E2,1.916005685E0,5.899335394E0,5.451027323E-1
1.622726451E2,1.576594550E0,4.891378911E0,4.309397936E-3
1.622926371E2,-9.374965840E-1,2.360232106E0,6.192791214E-1
1.623126291E2,-1.706654899E0,4.157551593E-1,4.023538088E0
1.623326211E2,-1.916274657E0,-2.832899970E-1,6.029679771E0
1.623526131E2,-6.293535816E-1,3.274154252E-1,6.013549057E0
1.623726051E2,2.908696257E0,2.771944501E0,3.811827950E0
1.623925971E2,5.223804231E0,4.417924013E0,2.113815236E-1
1.624125891E2,3.411826360E0,1.516377146E0,-7.552037157E-1
1.624325811E2,1.109279594E0,-1.438578773E0,-7.300051399E-1
1.624525731E2,-9.046239030E-1,-3.395160041E0,-7.435127927E-1
1.624725651E2,-1.816139334E0,-4.610686247E0,-5.367118317E-1
1.624925571E2,-1.825743679E0,-5.314399821E0,-4.683013089E-1
1.625125491E2,-1.499961381E0,-5.637210563E0,-6.696232827E-1
1.625325411E2,-1.010301947E0,-5.424588845E0,-1.294113954E0
1.625525331E2,-2.934596937E-1,-5.055097441E0,-1.405200673E0
1.625725251E2,8.996090385E-1,-4.126121054E0,-1.171550467E0
1.625925171E2,2.183228995E0,-2.992597954E0,-1.141187046E0
1.626125091E2,3.108124318E0,-1.912269314E0,-1.334985407E0
1.626325011E2,3.060246439E0,-8.483929843E-1,-1.444656953E0
1.626524931E2,1.840021556E0,4.212299073E-1,-8.432415873E-1
1.626724851E2,6.995994723E-1,1.577889855E0,6.775417283E-2
1.626924771E2,-2.127684832E-2,2.609397168E0,3.534587775E-1
1.627124691E2,9.668615203E-1,4.198451697E0,-2.035643810E-1
1.627324611E2,1.674378561E0,5.353546345E0,-1.692801530E0
1.627524531E2,2.463108603E0,5.521297699E0,-2.449860567E0
1.627724451E2,2.069714074E0,5.190462822E0,-1.628520311E0
1.627924371E2,-2.068281506E0,3.894042141E0,-4.339967179E-1
1.628124291E2,-4.901023893E0,1.982304924E0,3.850171652E0
1.628324211E2,-4.529842644E0,2.012798738E-1,7.351597236E0
1.628524131E2,-4.263493785E0,1.194510144E-1,5.406892247E0
1.628724051E2,-3.087740047E0,2.585936970E0,-2.572043985E-1
1.628923971E2,-4.489446131E-1,5.080915822E0,-3.185345571E0
1.629123891E2,1.772961155E0,4.514791911E0,-1.207995431E0
1.629323811E2,2.419664668E0,1.175041839E0,2.468758768E0
1.629523731E2,1.590668360E0,-1.590839683E0,3.055138603E0
1.629723651E2,9.494613759E-2,-2.823376025E0,5.267512460E-1
1.629923571E2,-6.096225909E-1,-4.202095097E0,-1.215440106E0
1.630123490E2,-1.073370234E0,-5.740385853E0,-1.478191758E0
1.630323410E2,-1.342817168E0,-6.700405108E0,-1.169775983E0
1.630523330E2,-8.732147802E-1,-6.527430435E0,-8.307862870E-1
1.630723250E2,3.528409461E-1,-5.276157861E0,-1.055011951E0
1.630923170E2,8.151544138E-1,-4.201001083E0,-1.553707379E0
1.631123090E2,8.730808058E-1,-3.544781519E0,-2.113728697E0
1.631323010E2,5.924851327E-1,-2.808823475E0,-2.226579959E0
1.631522930E2,1.659785519E-1,-1.419967085E0,-1.998095184E0
1.631722850E2,4.102777069E-1,2.323274195E-1,-8.011229235E-1
1.631922770E2,5.527569203E-1,1.717739466E0,-1.362437792E-1
1.632122690E2,2.660814586E-1,2.935368331E0,-6.758153379E-1
1.632322610E2,2.693861587E-1,4.215562989E0,-1.398143376E0
1.632522530E2,6.791250081E-1,5.645141142E0,-2.124146535E0
1.632722450E2,9.741673969E-1,5.649798449E0,-2.127442757E0
1.632922370E2,2.084636753E0,5.720628696E0,-8.564054239E-1
1.633122290E2,4.904395617E-1,3.417589375E0,1.459184945E0
1.633322210E2,-2.582877231E-1,4.747757846E-1,4.520335071E0
1.633522130E2,-1.388299004E0,-1.080286540E0,5.755693864E0
1.633722050E2,-2.096373869E0,-7.179445267E-1,4.775574220E0
1.633921970E2,2.246918695E-1,2.335745721E0,2.381545208E0
1.634121890E2,4.330021650E0,5.535990583E0,5.490523803E-1
1.634321810E2,5.021952499E0,4.079273747E0,7.851038915E-1
1.634521730E2,2.069898846E0,-1.420347154E-2,9.517530459E-1
1.634721650E2,-5.170889414E-1,-2.144144159E0,-2.954808569E-1
1.634921570E2,-1.990644223E0,-3.542040344E0,-1.108515728E0
1.635121490E2,-2.110400170E0,-4.696603480E0,-5.345366675E-1
1.635321410E2,-8.820044609E-1,-5.349562637E0,7.539853022E-2
1.635521320E2,2.714254117E-1,-5.495638947E0,-7.120612045E-1
1.635721240E2,9.664152315E-1,-5.219562660E0,-1.906625728E0
1.635921160E2,1.560052631E0,-4.622692335E0,-2.373460993E0
1.636121080E2,1.635911483E0,-3.857877697E0,-2.123805643E0
1.636321000E2,1.579340841E0,-2.791442041E0,-1.174481091E0
1.636520920E2,1.415143132E0,-1.507888159E0,-8.298383072E-2
1.636720840E2,1.088806738E0,3.297198129E-1,4.579379962E-1
1.636920760E2,9.467228325E-1,1.975280079E0,3.185280959E-1
1.637120680E2,8.130415955E-1,3.265631935E0,-5.189444822E-1
1.637320600E2,4.843966471E-1,4.167804685E0,-1.724139828E0
1.637520520E2,7.636223175E-1,4.394072635E0,-1.764141800E0
1.637720440E2,2.009336017E0,4.695462688E0,-8.335233687E-1
1.637920360E2,2.557257546E0,5.342465871E0,-1.288036358E-1
1.638120280E2,-2.258925879E0,4.025485210E0,4.672368233E-1
1.638320200E2,-4.831190597E0,2.182892488E0,3.753862748E0
1.638520120E2,-4.772817843E0,4.997960204E-1,6.015204989E0
1.638720040E2,-4.375487260E0,1.035212694E0,3.000120397E0
1.638919960E2,-3.007710375E0,4.015171307E0,-2.103152838E0
1.639119880E2,-9.420082225E-1,5.808657358E0,-2.745727925E0
1.639319800E2,5.016620131E-1,3.361866580E0,1.228898789E0
1.639519720E2,1.090064401E0,-5.029207724E-1,4.203131808E0
1.639719640E2,1.297349073E0,-2.605600571E0,2.812179192E0
1.639919560E2,9.139430492E-1,-3.477737929E0,-9.977390581E-1
1.640119482E2,3.592000124E-1,-4.615424831E0,-3.057222551E0
1.640319402E2,-5.111551139E-1,-5.962328618E0,-3.047107453E0
1.640519322E2,-1.134370946E0,-6.538484597E0,-1.683772552E0
1.640719242E2,-1.185648542E0,-5.957671895E0,-1.333751352E-1
1.640919162E2,-5.717182347E-1,-4.528449837E0,3.752088118E-1
1.641119082E2,-1.353479858E-1,-3.414775110E0,-6.565079780E-1
1.641319002E2,2.234121698E-1,-2.618697749E0,-2.051153111E0
1.641518922E2,8.850988074E-1,-2.177486737E0,-2.244146165E0
1.641718842E2,1.272753052E0,-1.563126220E0,-1.475894972E0
1.641918762E2,1.309548557E0,-4.196844882E-1,-9.994471760E-1
1.642118682E2,4.231977146E-1,1.538557974E0,-1.263609469E0
1.642318602E2,-3.907281261E-1,3.191161796E0,-1.442215595E0
1.642518522E2,-6.818806547E-1,4.496911125E0,-1.312726080E0
1.642718442E2,-4.899256280E-1,5.785453268E0,-1.367876580E0
1.642918362E2,8.105897118E-1,6.128889479E0,-1.104527781E0
1.643118282E2,2.894538394E0,5.600357902E0,-2.530418388E-1
1.643318202E2,1.226994351E0,3.211849245E0,2.089748096E-1
1.643518112E2,-4.391841849E-1,1.829009056E-1,2.925490630E0
1.643718032E2,-2.194579902E0,-1.149670771E0,4.860965204E0
1.643917952E2,-2.425159297E0,3.070139050E-2,4.516035029E0
1.644117872E2,-2.780404033E-1,3.294815388E0,3.729108852E0
1.644317792E2,3.712236419E0,5.395291956E0,3.225428819E0
1.644517712E2,5.256992442E0,2.871285771E0,2.120229193E0
1.644717632E2,2.598689454E0,-7.415731251E-1,-2.187478459E-1
1.644917552E2,1.137128310E-1,-2.512133998E0,-2.606030926E0
1.645117472E2,-1.520053437E0,-3.650678102E0,-2.673735836E0
1.645317392E2,-1.920551018E0,-4.659447933E0,-8.705931079E-1
1.645517312E2,-1.792405925E0,-5.582393501E0,4.563377595E-1
1.645717232E2,-1.519414921E0,-5.881839940E0,2.264626622E-3
1.645917152E2,-8.895216414E-1,-5.591977088E0,-1.039588165E0
1.646117072E2,-2.740276419E-1,-4.918362642E0,-1.649901239E0
1.646316992E2,9.123724139E-1,-3.525096867E0,-1.332957446E0
1.646516912E2,1.934096678E0,-2.166779315E0,-6.483632451E-1
1.646716832E2,2.100890258E0,-1.143107271E0,-4.266793661E-1
1.646916752E2,1.567338847E0,-4.954041767E-1,-4.714165592E-1
1.647116672E2,1.154259812E0,8.212712592E-1,-9.937265526E-1
1.647316592E2,1.167661996E0,2.527019840E0,-1.596498034E0
1.647516512E2,1.079691732E0,3.961206769E0,-1.679301040E0
1.647716432E2,7.236107710E-1,4.952594581E0,-9.542901528E-1
1.647916352E2,1.412756006E0,4.668878907E0,3.663057681E-1
1.648116272E2,2.984382616E0,4.197703253E0,4.961420953E-1
1.648316192E2,4.965027954E-1,4.786840051E0,-1.698278763E0
1.648516112E2,-4.755310695E0,3.470922999E0,-9.440470004E-1
1.648716032E2,-5.605513392E0,1.337908430E0,4.877773610E0
1.648915952E2,-5.447564895E0,3.757397389E-1,6.666330459E0
1.649115862E2,-4.951073720E0,1.609136791E0,2.849302579E0
1.649315782E2,-2.355195900E0,4.437919736E0,-1.451961880E0
1.649515702E2,1.527734486E0,4.902753500E0,-1.228531584E0
1.649715622E2,3.640009565E0,1.228125787E0,9.188898667E-1
1.649915542E2,3.448922265E0,-1.823279369E0,1.644389069E0
1.650115463E2,1.475125917E0,-2.695717274E0,-3.571876931E-1
1.650315383E2,-3.468256230E-1,-3.404085231E0,-1.991924763E0
1.650515303E2,-1.138214467E0,-4.747987642E0,-1.678311691E0
1.650715223E2,-1.640980727E0,-6.041764796E0,-6.912724525E-1
1.650915143E2,-1.863357355E0,-6.691102188E0,-2.849745067E-1
1.651115063E2,-1.171303495E0,-5.905191965E0,-4.992457974E-1
1.651314983E2,-1.375887119E-1,-4.524440401E0,-9.572460665E-1
1.651514903E2,9.666486816E-1,-3.249371998E0,-1.269149852E0
1.651714823E2,1.400129821E0,-2.245164750E0,-1.793788937E0
1.651914743E2,9.816326834E-1,-1.387226186E0,-1.780791746E0
1.652114663E2,4.804334774E-1,-1.529555601E-1,-1.155420996E0
1.652314583E2,-1.990199981E-1,1.048797530E0,-4.622281715E-1
1.652514503E2,-3.785359871E-1,2.331050407E0,-4.800920731E-1
1.652714423E2,4.263054001E-1,3.631008654E0,-1.267733071E0
1.652914343E2,1.275647278E0,5.093024821E0,-2.525717665E0
1.653114263E2,1.349153211E0,5.339535246E0,-2.712293546E0
1.653314173E2,2.268247949E0,5.368011771E0,-1.612210087E0
1.653514093E2,6.123396458E-1,4.781150710E0,7.675932348E-2
1.653714013E2,-1.252363080E0,1.934296945E0,3.249638046E0
1.653913933E2,-1.828708363E0,-4.873788732E-1,6.116483442E0
1.654113853E2,-2.335729934E0,-1.138957502E0,6.079997401E0
1.654313773E2,-7.635333668E-1,9.109336334E-1,3.085398529E0
1.654513693E2,3.093016574E0,5.253703968E0,-2.526419623E-1
1.654713613E2,5.658411398E0,5.579596193E0,1.750422478E-1
1.654913533E2,3.295484602E0,8.412424242E-1,2.041264008E0
1.655113453E2,1.471019308E-1,-1.980212790E0,1.372046083E0
1.655313373E2,-2.417771340E0,-3.403886425E0,-7.011953236E-1
1.655513293E2,-2.991656553E0,-4.364123781E0,-1.434967532E0
1.655713213E2,-1.444661777E0,-5.049105214E0,-8.875522260E-1
1.655913133E2,2.114459161E-2,-5.566479719E0,-1.100972089E0
1.656113053E2,8.034148858E-1,-5.742368059E0,-2.155643293E0
1.656312973E2,1.178911965E0,-5.204151739E0,-2.616095154E0
1.656512893E2,1.176008384E0,-4.376763123E0,-1.971644281E0
1.656712813E2,9.015837894E-1,-3.160770308E0,-8.731344540E-1
1.656912723E2,1.085343505E0,-1.929995733E0,4.465980524E-1
1.657112643E2,1.274662607E0,-4.457496214E-1,7.067804378E-1
1.657312563E2,1.231420693E0,5.479460871E-1,-3.480612127E-1
1.657512483E2,1.578326788E0,1.729397060E0,-1.946289145E0
1.657712403E2,1.063570959E0,3.068193682E0,-2.543573307E0
1.657912323E2,5.565949962E-1,4.505146344E0,-1.952744910E0
1.658112243E2,9.831283280E-1,5.475073705E0,-5.019846332E-1
1.658312163E2,2.567079991E0,5.188813323E0,9.433383179E-1
1.658512083E2,1.814344093E0,5.533689703E0,1.891697055E-1
1.658712003E2,-2.957726037E0,3.573674950E0,5.598755765E-1
1.658911923E2,-4.034418294E0,1.253927211E0,4.849542668E0
1.659111843E2,-4.523229150E0,-9.240471840E-2,5.985787647E0
1.659311763E2,-4.568893273E0,9.384471220E-1,1.835646231E0
1.659511683E2,-2.518520327E0,4.611473867E0,-2.271522244E0
1.659711603E2,5.262274817E-3,6.756914354E0,-1.819012071E0
1.659911523E2,1.423418404E0,3.621592882E0,2.453904501E0
1.660111443E2,1.230928065E0,-1.171338798E0,3.950919762E0
1.660311353E2,1.204370962E0,-3.499883088E0,1.849852041E0
1.660511273E2,1.182538701E0,-3.841973855E0,-1.354985223E0
1.660711193E2,3.750423854E-1,-4.321087689E0,-3.138370210E0
1.660911113E2,-6.006134934E-1,-5.268040756E0,-3.059049806E0
1.661111033E2,-1.547417529E0,-5.949337274E0,-1.940115948E0
1.661310953E2,-1.663117993E0,-5.683280191E0,-7.501843196E-1
1.661510873E2,-6.562128398E-1,-4.537117165E0,-1.605967015E-1
1.661710793E2,3.141459002E-1,-3.522156302E0,-6.189711924E-1
1.661910713E2,6.251937262E-1,-3.020296215E0,-1.727555187E0
1.662110633E2,8.656778654E-1,-2.420130984E0,-2.111554118E0
1.662310553E2,7.998695728E-1,-1.545630766E0,-1.643796015E0
1.662510473E2,7.006339909E-1,-1.146943045E-1,-7.852986038E-1
1.662710393E2,2.782286471E-1,1.827684662E0,-1.048790367E0
1.662910313E2,-2.678945705E-2,3.630562511E0,-1.518329970E0
1.663110233E2,1.807991605E-1,5.032496198E0,-1.516762478E0
1.663310143E2,-2.464202690E-1,5.455621188E0,-1.909823862E0
1.663510063E2,7.649537285E-1,5.586932110E0,-1.168483675E0
1.663709983E2,1.015537252E0,5.716107629E0,-2.324614669E-1
1.663909903E2,-6.202978525E-1,3.494120073E0,2.034214751E0
1.664109823E2,-1.494904709E0,1.214761391E0,4.979636784E0
1.664309743E2,-2.302186066E0,-1.630145252E-2,6.229574440E0
1.664509663E2,-5.432656103E-1,1.089173723E0,5.357544086E0
1.664709583E2,2.661217825E0,3.073220533E0,2.846486560E0
1.664909503E2,5.089983684E0,3.705499842E0,6.198884743E-1
1.665109423E2,4.545042188E0,9.482347763E-1,-3.686134449E-1
1.665309343E2,1.539123400E0,-1.907311460E0,-6.752576597E-1
1.665509263E2,-7.644198778E-1,-3.541809379E0,-7.732540704E-1
1.665709183E2,-1.608881998E0,-4.560438200E0,-9.068024294E-1
1.665909103E2,-1.641591176E0,-5.192094780E0,-1.160574220E0
1.666109013E2,-1.698922249E0,-5.714122499E0,-1.350075316E0
1.666308933E2,-1.290959235E0,-5.534654494E0,-1.531061405E0
1.666508853E2,-2.355818336E-1,-4.789227469E0,-1.141113224E0
1.666708773E2,9.187234403E-1,-3.806642640E0,-6.078459875E-1
1.666908693E2,1.648229813E0,-2.919241710E0,-7.837539156E-1
1.667108613E2,2.107818332E0,-1.661896802E0,-1.268898422E0
1.667308533E2,1.951274335E0,-4.489509720E-1,-1.115706195E0
1.667508453E2,1.507903361E0,5.618940353E-1,-2.690982199E-1
1.667708373E2,1.550042783E0,1.849297725E0,2.421332002E-3
1.667908293E2,1.673962239E0,3.326879765E0,-8.249438953E-1
1.668108213E2,1.657183069E0,4.539430908E0,-1.404440973E0
1.668308133E2,1.160101180E0,4.763206190E0,-1.586265407E0
1.668508053E2,1.839087756E0,4.265670118E0,-1.669964790E-1
1.668707963E2,1.720687924E0,5.297905995E0,2.999919107E-1
1.668907883E2,-2.182769550E0,4.309040671E0,1.002831325E0
1.669107803E2,-3.446449478E0,2.182283792E0,4.555068117E0
1.669307723E2,-3.863486639E0,1.096811357E0,4.743735546E0
1.669507643E2,-4.299849140E0,1.793462078E0,1.298253783E0
1.669707563E2,-3.217166703E0,3.593743764E0,-1.706295880E0
1.669907483E2,-8.149111696E-1,3.995751534E0,-4.870081598E-1
1.670107393E2,1.747433089E0,1.486835843E0,2.692647486E0
1.670307313E2,3.501118605E0,-1.560530641E0,3.259314018E0
1.670507233E2,2.966483704E0,-2.789939892E0,-1.896403333E-1
1.670707153E2,1.102595422E0,-3.103424910E0,-3.115273123E0
1.670907073E2,-5.959221261E-1,-4.349606314E0,-2.956049348E0
1.671106993E2,-1.492229023E0,-5.517557235E0,-7.151676840E-1
1.671306903E2,-1.795627010E0,-5.858709524E0,8.188953893E-1
1.671506823E2,-1.272195228E0,-5.370556480E0,8.950676523E-1
1.671706743E2,-3.102895883E-1,-4.642362953E0,-2.850552714E-1
1.671906663E2,3.634412903E-1,-4.212461041E0,-2.094349855E0
1.672106583E2,8.010607237E-1,-3.655368154E0,-2.993508366E0
1.672306503E2,1.492061061E0,-2.036678182E0,-2.069433700E0
1.672506423E2,2.046421836E0,-1.184183961E-1,-3.516807854E-1
1.672706343E2,1.593936807E0,9.486236161E-1,-2.240822607E-1
1.672906263E2,5.515572179E-1,1.868182477E0,-1.598952110E0
1.673106183E2,-3.973285728E-1,3.151784892E0,-2.964865780E0
1.673306103E2,-7.375835699E-1,5.024770857E0,-3.359550498E0
1.673506023E2,-3.625643906E-1,6.488962773E0,-2.011290742E0
1.673705943E2,9.482219124E-1,7.329438627E0,7.657086772E-1
1.673905853E2,7.513998096E-1,4.893642953E0,2.729020675E0
1.674105773E2,-1.379790135E-1,1.732165716E0,4.342466279E0
1.674305693E2,-1.644965605E0,-6.639981151E-2,5.288147576E0
1.674505613E2,-1.409247531E0,-1.289948398E-1,5.871220227E0
1.674705533E2,2.313980484E0,2.318383584E0,4.057302250E0
1.674905453E2,5.078790359E0,5.120039542E0,-1.976546001E-1
1.675105373E2,3.962483508E0,3.792756087E0,-1.506553385E0
1.675305293E2,1.778736450E0,-4.734566528E-1,2.804681307E-1
1.675505213E2,-3.088410868E-1,-3.412264901E0,1.051677284E0
1.675705133E2,-1.668992983E0,-4.908254560E0,1.647932482E-1
1.675905053E2,-1.865194696E0,-5.619408715E0,-9.969473451E-1
1.676104973E2,-8.957190321E-1,-5.740327381E0,-1.575968606E0
1.676304893E2,-2.033470839E-1,-5.640124231E0,-1.547888230E0
1.676504803E2,3.330405928E-2,-5.197581807E0,-1.087417074E0
1.676704723E2,3.281278353E-1,-4.284268357E0,-5.684921797E-1
1.676904643E2,7.700014836E-1,-3.009399344E0,-3.931147403E-1
1.677104563E2,1.215429727E0,-1.505872039E0,-5.322561072E-1
1.677304483E2,1.844780897E0,-4.259585506E-1,-6.602583821E-1
1.677504403E2,1.915049665E0,7.997119904E-2,-1.276811020E0
1.677704323E2,1.460987349E0,4.311543864E-1,-1.812645623E0
1.677904243E2,1.342668356E0,1.179423158E0,-1.927180299E0
1.678104163E2,1.846928433E0,2.833801026E0,-1.365218582E0
1.678304083E2,1.339494487E0,4.411716024E0,-3.633104588E-1
1.678504003E2,1.256672040E0,5.106797352E0,6.949963979E-1
1.678703923E2,1.539881784E0,6.162977577E0,7.399475992E-1
1.678903843E2,-1.924927074E0,6.012921651E0,6.373221671E-1
1.679103753E2,-4.893477184E0,3.993493924E0,3.748068157E0
1.679303673E2,-4.957631373E0,1.741165166E0,6.341404778E0
1.679503593E2,-4.503712022E0,1.052919232E0,4.039554196E0
1.679703513E2,-3.005984570E0,3.141720665E0,-1.873959526E0
1.679903433E2,-1.889775514E-1,4.333365088E0,-3.576250648E0
1.680103353E2,1.029391060E0,2.469910669E0,-1.094163153E0
1.680303281E2,1.219765657E0,-7.125300050E-1,1.867511802E0
1.680503201E2,6.737102672E-1,-2.589564582E0,1.873410473E0
1.680703121E2,1.090845589E-1,-3.359031850E0,-1.274927632E-1
1.680903041E2,-8.232251063E-2,-4.570633990E0,-1.425882713E0
1.681102961E2,-2.038289675E-1,-5.837664226E0,-1.629076527E0
1.681302881E2,-5.936079443E-1,-6.744833422E0,-1.150686505E0
1.681502791E2,-5.402815568E-1,-6.426388795E0,-2.696273929E-1
1.681702711E2,2.084874442E-1,-5.224600037E0,8.922324836E-2
1.681902631E2,7.762941109E-1,-4.175903079E0,-7.300066017E-1
1.682102551E2,8.109835218E-1,-3.197628232E0,-2.111208109E0
1.682302471E2,7.112423750E-1,-2.214152872E0,-2.366732018E0
1.682502391E2,7.462080668E-1,-1.062828509E0,-1.298055124E0
1.682702311E2,1.882170844E-1,2.053863734E-1,-4.325981370E-1
1.682902231E2,-5.849267660E-1,1.774429391E0,-1.066079707E0
1.683102151E2,-8.448171195E-1,3.396644649E0,-2.356779910E0
1.683302071E2,-6.187263402E-1,5.238436303E0,-3.143688253E0
1.683501991E2,-2.105426126E-1,6.286252086E0,-2.480081316E0
1.683701911E2,1.915600473E0,6.552185792E0,-9.762848930E-1
1.683901821E2,2.812596975E0,5.940234913E0,4.742676616E-1
1.684101741E2,3.406265877E-1,2.285936215E0,2.658188674E0
1.684301661E2,-2.110215252E0,-2.199202126E-1,4.838870330E0
1.684501581E2,-3.674675368E0,-1.088086726E0,5.365345441E0
1.684701501E2,-2.949301954E0,1.261459009E0,4.686178479E0
1.684901421E2,8.891972305E-2,3.056289920E0,4.108737282E0
1.685101341E2,5.239984646E0,4.927497747E0,2.231003963E0
1.685301261E2,5.638667105E0,2.957884204E0,-6.455362625E-1
1.685501181E2,1.761498127E0,-1.519559201E0,-2.314652622E0
1.685701101E2,-5.810706369E-1,-4.340980502E0,-2.705622457E0
1.685901011E2,-1.495888941E0,-5.558952599E0,-1.604088305E0
1.686100931E2,-7.796311900E-1,-5.523810248E0,-2.182253972E-1
1.686300851E2,-3.484846973E-1,-5.160658395E0,2.413292080E-2
1.686500771E2,-3.672260468E-1,-4.821176071E0,-7.726836745E-1
1.686700691E2,-9.364041779E-2,-4.624407324E0,-1.177280738E0
1.686900611E2,2.936073359E-1,-4.096514263E0,-1.066184226E0
1.687100531E2,6.831834143E-1,-3.157258471E0,-8.120120470E-1
1.687300451E2,1.393568661E0,-1.838244148E0,-3.268599397E-1
1.687500371E2,2.071473501E0,-4.599981165E-1,-2.532657140E-1
1.687700291E2,1.952012985E0,6.332967246E-1,-8.933218199E-1
1.687900211E2,1.573494503E0,1.692429793E0,-1.803238330E0
1.688100121E2,1.005372964E0,2.881803158E0,-1.718354593E0
1.688300041E2,4.488609614E-1,4.054009098E0,-9.120679933E-1
1.688499961E2,-4.903855115E-2,4.935100881E0,-6.340055533E-1
1.688699881E2,2.207509266E0,4.953250054E0,1.367627196E-1
1.688899801E2,3.435358479E0,5.463664033E0,5.644907838E-1
1.689099721E2,-2.220064992E0,4.412127083E0,4.769473674E-1
1.689299641E2,-5.232356368E0,2.169752040E0,3.404820811E0
1.689499561E2,-4.968597826E0,5.358984840E-1,5.946891384E0
1.689699481E2,-4.669707750E0,8.300140160E-1,3.134319844E0
1.689899391E2,-4.006719741E0,3.276503663E0,-1.763961121E0
1.690099311E2,-2.126363946E0,4.921748765E0,-2.534052286E0
1.690299227E2,5.175029243E-1,3.145360556E0,1.885673838E0
1.690499147E2,2.306356008E0,-7.870843434E-1,4.384815323E0
1.690699067E2,3.488290983E0,-3.438870901E0,2.205897188E0
1.690898987E2,2.735546168E0,-3.490876037E0,-2.177799709E0
1.691098907E2,8.297689446E-1,-4.016557097E0,-4.112180707E0
1.691298827E2,-1.343103096E0,-5.114819732E0,-2.753646809E0
1.691498747E2,-2.889129719E0,-5.924932750E0,-3.789478138E-2
1.691698657E2,-2.982687508E0,-5.626827663E0,1.422925776E0
1.691898577E2,-9.263812463E-1,-4.289569443E0,1.067007514E0
1.692098497E2,7.170134307E-1,-3.516940586E0,-1.339484255E0
1.692298417E2,1.596004821E0,-3.096327560E0,-3.556918584E0
1.692498337E2,1.593398133E0,-2.536989927E0,-3.420321779E0
1.692698257E2,1.070221728E0,-1.749102761E0,-1.408984260E0
1.692898177E2,9.006011648E-1,-9.149781525E-2,1.005913319E-1
1.693098097E2,4.872313407E-1,1.396678210E0,-2.717405766E-1
1.693298017E2,-1.318904541E-1,2.490493453E0,-2.030714169E0
1.693497927E2,-3.760987580E-1,4.062546617E0,-3.063486089E0
1.693697847E2,-6.933363734E-1,5.720897668E0,-2.665500618E0
1.693897767E2,-2.504784560E-1,6.027681777E0,-3.561802179E-1
1.694097687E2,1.988995747E0,6.060511554E0,1.447255602E0
1.694297607E2,1.083008858E0,4.077613723E0,1.322863398E0
1.694497527E2,-4.193416221E-1,9.912965959E-1,2.750108074E0
1.694697447E2,-1.449533823E0,-9.985278475E-1,4.196585850E0
1.694897367E2,-2.345958468E0,-1.117847884E0,3.789649462E0
1.695097277E2,-1.280105780E0,9.686064756E-1,2.821479773E0
1.695297197E2,2.740404035E0,4.762713854E0,2.288959079E0
1.695497117E2,5.955253487E0,5.182203630E0,2.342884002E0
1.695697037E2,3.519658664E0,7.523705935E-1,1.280689770E0
1.695896957E2,6.645861988E-1,-2.460316558E0,-7.053731592E-1
1.696096877E2,-1.468513155E0,-4.412912949E0,-2.226644425E0
1.696296797E2,-2.433848113E0,-5.568179505E0,-2.320542961E0
1.696496717E2,-2.099454328E0,-6.272202396E0,-1.391157269E0
1.696696627E2,-1.031683461E0,-6.029472195E0,-1.225834848E0
1.696896547E2,-8.278378285E-3,-5.383990458E0,-1.722537691E0
1.697096467E2,7.543722416E-1,-4.474896358E0,-1.844852525E0
1.697296387E2,1.493216179E0,-3.074303437E0,-1.150893277E0
1.697496307E2,1.723954325E0,-1.950746332E0,-2.333904433E-1
1.697696227E2,1.375126835E0,-1.123961148E0,6.086615279E-2
1.697896147E2,9.539003628E-1,-4.781344253E-1,-3.147863165E-2
1.698096057E2,8.890168074E-1,5.417117858E-1,-7.928170998E-1
1.698295977E2,7.583837239E-1,2.020442219E0,-2.200478573E0
1.698495897E2,9.961957587E-1,3.673374655E0,-2.642159702E0
1.698695817E2,1.212019704E0,5.281182373E0,-1.635523813E0
1.698895737E2,1.390246857E0,5.944121557E0,1.715333337E-1
1.699095657E2,2.974548477E0,6.359162187E0,1.589966694E0
1.699295577E2,-4.219676066E-1,5.446538123E0,6.686904325E-1
1.699495497E2,-4.095237523E0,2.765050049E0,2.386979317E0
1.699695407E2,-4.689820417E0,5.373947865E-1,4.965499971E0
1.699895327E2,-4.837284565E0,-1.301204288E-1,4.026822469E0
1.700095247E2,-3.447380939E0,2.179580625E0,4.624428374E-1
1.700295167E2,-9.513498073E-1,4.652899051E0,-1.743822725E0
1.700495087E2,1.746998641E0,4.179816620E0,9.326323584E-2
1.700695007E2,2.916920950E0,7.442558277E-1,2.849332985E0
1.700894917E2,1.976459463E0,-1.654890084E0,2.238666300E0
1.701094837E2,5.513456583E-2,-2.860717514E0,-4.906543373E-1
1.701294757E2,-9.954386173E-1,-4.408011228E0,-1.810111440E0
1.701494677E2,-1.224387881E0,-5.795687649E0,-1.913956089E0
1.701694597E2,-8.354021522E-1,-6.405775605E0,-1.894906299E0
1.701894517E2,-9.691299476E-2,-5.961278458E0,-1.633791137E0
1.702094437E2,4.072416864E-1,-4.830718142E0,-1.353313943E0
1.702294347E2,7.611382741E-1,-4.034678203E0,-1.397251383E0
1.702494267E2,5.206256298E-1,-3.332396028E0,-1.606129568E0
1.702694187E2,4.886851412E-1,-2.374150234E0,-1.515026439E0
1.702894107E2,6.700703754E-1,-9.323022830E-1,-1.150250815E0
1.703094027E2,4.634176413E-1,2.956527650E-1,-1.054602646E0
1.703293937E2,1.466000021E-1,1.558761858E0,-1.146540025E0
1.703493857E2,-1.629655547E-1,2.922118540E0,-1.367040428E0
1.703693777E2,-4.218123630E-1,4.494323148E0,-1.750492060E0
1.703893697E2,-4.046255690E-1,6.161190668E0,-2.391902527E0
1.704093617E2,6.211429214E-1,6.560060822E0,-1.115283149E0
1.704293537E2,1.698640998E0,6.196434760E0,8.112329055E-1
1.704493447E2,5.440621472E-1,3.286115901E0,2.997370452E0
1.704693367E2,-3.810952403E-1,4.514459789E-2,5.272357755E0
1.704893287E2,-2.015461853E0,-1.608925706E0,5.441301942E0
1.705093207E2,-1.981838463E0,-7.179293239E-1,3.132194965E0
1.705293127E2,7.083384284E-1,3.188763269E0,8.482310164E-1
1.705493047E2,4.502377979E0,6.243622375E0,6.191061169E-1
1.705692957E2,4.665878701E0,3.706116723E0,1.682766100E0
1.705892877E2,1.505700715E0,-7.432331496E-1,1.138675666E0
1.706092797E2,-1.206230011E0,-3.526717131E0,-6.205878013E-1
1.706292717E2,-1.600304133E0,-4.796413112E0,-1.336433178E0
1.706492637E2,-5.639404512E-1,-5.147788673E0,-1.394549239E0
1.706692547E2,-1.903562517E-1,-5.441552787E0,-1.445509477E0
1.706892467E2,-3.294608543E-1,-5.735588797E0,-1.468139225E0
1.707092387E2,-1.203309107E-1,-5.628109957E0,-1.349836165E0
1.707292307E2,4.861251571E-1,-5.092556459E0,-1.030089948E0
1.707492227E2,1.000371913E0,-3.772489638E0,-1.076756576E0
1.707692137E2,1.432794414E0,-2.042757533E0,-9.966830510E-1
1.707892057E2,1.802414457E0,-6.505249608E-1,-5.754291701E-1
1.708091977E2,1.212332457E0,3.972381967E-1,-2.849586461E-1
1.708291897E2,7.103742097E-1,1.771140917E0,-8.167507768E-1
1.708491817E2,7.144118582E-1,3.661087316E0,-1.414100574E0
1.708691727E2,1.126941547E0,5.134365805E0,-1.117029347E0
1.708891647E2,1.516146327E0,5.489047966E0,-4.454081440E-1
1.709091567E2,2.054966957E0,4.546590239E0,4.875893730E-1
1.709291487E2,1.152826805E0,4.682145655E0,2.189114948E-1
1.709491407E2,-3.291754956E0,3.068156260E0,3.804314717E-1
1.709691317E2,-4.413824530E0,8.921032602E-1,4.207880917E0
1.709891237E2,-4.060703575E0,-1.271810335E-1,4.913954426E0
1.710091157E2,-4.313984199E0,1.531633701E0,1.095027298E0
1.710291079E2,-3.359648146E0,4.953455876E0,-2.224091969E0
1.710490989E2,-1.230030517E0,5.746892050E0,1.168781664E-1
1.710690909E2,1.853254536E0,2.522749618E0,4.666395010E0
1.710890829E2,3.367307414E0,-1.190563273E0,4.426555672E0
1.711090749E2,2.694831421E0,-2.391359759E0,-4.800768703E-1
1.711290669E2,8.215303639E-1,-2.971983011E0,-4.378928931E0
1.711490579E2,-1.188889435E0,-4.611822946E0,-3.983189961E0
1.711690499E2,-1.871797665E0,-6.259113404E0,-7.387208533E-1
1.711890419E2,-2.147638747E0,-6.755913895E0,9.817054081E-1
1.712090339E2,-1.082908140E0,-5.843374032E0,7.460281187E-1
1.712290249E2,1.976734574E-1,-4.688693951E0,-9.697525299E-1
1.712490169E2,1.409785767E0,-3.767926471E0,-2.476442009E0
1.712690089E2,2.071067120E0,-2.930080694E0,-2.949860070E0
1.712890009E2,1.825685353E0,-1.940321331E0,-2.264620629E0
1.713089929E2,5.108958264E-1,-6.006037724E-1,-1.006305814E0
1.713289839E2,-7.126555739E-1,9.306568766E-1,3.866629225E-1
1.713489759E2,-6.184010889E-1,2.479924611E0,4.540129066E-1
1.713689679E2,1.184452019E-1,3.701769319E0,-1.132848331E0
1.713889599E2,1.083885502E0,5.105722049E0,-3.123855082E0
1.714089509E2,1.142687222E0,5.889583408E0,-3.691992774E0
1.714289429E2,1.025085316E0,6.318749741E0,-1.774761513E0
1.714489349E2,-2.647548167E-1,5.445420721E0,2.287306656E0
1.714689269E2,-5.063366793E-1,2.434369538E0,6.311603858E0
1.714889179E2,-1.375208550E0,-2.482423711E-1,7.698818350E0
1.715089099E2,-1.919639729E0,-1.249762239E0,5.565233678E0
1.715289019E2,6.996325091E-1,6.884827459E-1,2.045216872E0
1.715488939E2,3.919100676E0,3.870360918E0,-1.191804491E0
1.715688849E2,4.367033941E0,3.704153228E0,-1.491193773E0
1.715888769E2,1.641662074E0,4.660189945E-1,4.325869542E-1
1.716088689E2,-6.149655573E-1,-2.170863596E0,1.551035348E0
1.716288609E2,-1.894957024E0,-3.740766739E0,5.114942524E-1
1.716488519E2,-1.998228939E0,-4.726130165E0,-8.486112316E-1
1.716688439E2,-1.118659185E0,-5.175676383E0,-1.838593812E0
1.716888359E2,2.145014517E-3,-5.302695449E0,-2.204055315E0
1.717088269E2,8.893163310E-1,-5.226476408E0,-2.041633844E0
1.717288189E2,9.867620802E-1,-4.633626044E0,-1.393260512E0
1.717488109E2,1.007959260E0,-4.023067387E0,-5.183925050E-1
1.717688029E2,8.919813457E-1,-3.148201718E0,-1.313455667E-1
1.717887939E2,6.561694242E-1,-1.875910742E0,-2.914585572E-1
1.718087859E2,7.179429187E-1,-4.386282974E-1,-4.474980851E-1
1.718287779E2,6.538857941E-1,1.537565117E0,-8.672870922E-1
1.718487699E2,7.645663505E-1,3.537610493E0,-1.040917237E0
1.718687609E2,1.219517954E0,4.906131436E0,-1.033477313E0
1.718887529E2,1.876218160E0,4.820581409E0,-1.132377046E0
1.719087449E2,2.208575505E0,3.883817115E0,-1.391105082E0
1.719287359E2,2.699536675E0,4.258155861E0,-4.368256740E-1
1.719487279E2,-2.032023799E0,4.648529427E0,2.099313410E-1
1.719687199E2,-4.890533404E0,2.812724737E0,3.908937923E0
1.719887119E2,-4.147479179E0,7.481594288E-1,7.007069349E0
1.720087029E2,-3.122772470E0,2.669955611E-2,3.669393870E0
1.720286945E2,-1.412191750E0,2.397364849E0,-2.996956469E0
1.720486865E2,6.386135247E-2,4.744107429E0,-4.604342018E0
1.720686775E2,4.257648616E-1,3.598946031E0,-4.078339362E-1
1.720886695E2,5.525130549E-1,7.445236301E-1,4.126673031E0
1.721086615E2,2.941293461E-1,-1.334360340E0,4.637775228E0
1.721286535E2,-1.585480564E-1,-2.162003310E0,7.684486824E-1
1.721486445E2,-1.440708621E-1,-3.164515450E0,-2.435890838E0
1.721686365E2,-1.492107108E-1,-4.923591222E0,-3.562723115E0
1.721886285E2,-5.734520803E-1,-6.420342774E0,-2.712045039E0
1.722086195E2,-1.137576244E0,-6.914120255E0,-1.437873014E0
1.722286115E2,-7.134051870E-1,-5.820330740E0,-5.687409787E-1
1.722486035E2,1.526122554E-1,-4.181972489E0,-6.094424236E-1
1.722685945E2,7.845668978E-1,-2.657443154E0,-1.517077643E0
1.722885865E2,1.235372534E0,-1.503598056E0,-1.812588320E0
1.723085785E2,9.398813709E-1,-9.536264938E-1,-1.216454744E0
1.723285705E2,5.380746715E-1,-1.219144464E-3,-5.108191913E-1
1.723485615E2,-2.112719980E-1,1.455238075E0,-6.412425059E-1
1.723685535E2,-7.215224379E-1,2.891598414E0,-1.058613324E0
1.723885455E2,-3.372573855E-1,4.407469191E0,-1.356082161E0
1.724085365E2,1.340647778E-3,5.565294489E0,-2.064749642E0
1.724285285E2,1.272483642E0,6.162733748E0,-2.276314768E0
1.724485205E2,2.371460515E0,6.356521584E0,-5.647657491E-1
1.724685115E2,3.402342030E-1,4.131740813E0,9.478265675E-1
1.724885035E2,-1.099178456E0,1.115323641E0,3.857114636E0
1.725084955E2,-2.667731330E0,-9.625715643E-1,5.886642258E0
1.725284865E2,-2.613459521E0,-8.120940542E-1,5.034021152E0
1.725484785E2,7.477816256E-1,1.584770858E0,2.958070731E0
1.725684705E2,4.700175252E0,4.126401721E0,3.194392383E-1
1.725884615E2,4.244190372E0,2.553004866E0,-5.670185351E-1
1.726084535E2,1.460287584E0,-5.389893222E-1,-2.635857573E-1
1.726284455E2,-1.004022111E0,-2.520279754E0,2.358942211E-2
1.726484375E2,-2.226715907E0,-3.922445576E0,1.317237353E-1
1.726684285E2,-1.713815692E0,-4.752565427E0,1.159859544E-1
1.726884205E2,-5.882817887E-1,-4.968888432E0,-8.050768107E-1
1.727084115E2,5.028700478E-1,-5.152329036E0,-1.511373245E0
1.727284035E2,9.749089701E-1,-4.861983789E0,-1.870435848E0
1.727483955E2,1.065256273E0,-4.669416266E0,-1.757379495E0
1.727683865E2,7.494556835E-1,-4.273203086E0,-1.360384104E0
1.727883785E2,5.924457006E-1,-3.247914872E0,-9.793372858E-1
1.728083705E2,6.141353989E-1,-1.733819894E0,-6.530386788E-1
1.728283615E2,8.698681263E-1,-1.047920448E-1,-4.729904835E-1
1.728483535E2,1.268844335E0,1.707677577E0,-4.727918243E-1
1.728683455E2,1.569402037E0,2.896220053E0,-7.228310448E-1
1.728883365E2,8.933756143E-1,4.202000957E0,-1.295728955E0
1.729083285E2,8.615069734E-1,5.044667763E0,-1.106642719E0
1.729283205E2,1.655408001E0,5.245668139E0,-4.872473840E-1
1.729483115E2,3.014260134E0,5.267956556E0,3.996893495E-1
1.729683035E2,-8.231375442E-1,4.470654203E0,-5.614443114E-1
1.729882955E2,-4.738214021E0,2.926664751E0,4.858410555E-1
1.730082865E2,-5.890572172E0,1.142827190E0,4.223634485E0
1.730282790E2,-5.462189950E0,5.836854386E-1,4.817429175E0
1.730482710E2,-2.682492042E0,2.003128029E0,2.861548988E0
1.730682620E2,9.122568583E-1,3.929059362E0,2.824713868E-1
1.730882540E2,3.019865860E0,3.291785361E0,-1.697136801E0
1.731082460E2,2.701815043E0,1.575105411E-1,-1.164627364E0
1.731282370E2,1.472512942E0,-2.140412466E0,-1.996509127E-1
1.731482290E2,-4.733700774E-1,-2.801878737E0,-3.671905249E-3
1.731682210E2,-1.308689309E0,-3.348606264E0,6.663720846E-2
1.731882120E2,-1.304298927E0,-4.038412235E0,1.545032450E-1
1.732082040E2,-1.232953540E0,-4.772392166E0,-7.766666517E-2
1.732281950E2,-1.349730915E0,-5.597964637E0,-4.691648696E-1
1.732481870E2,-8.472093616E-1,-5.760968637E0,-6.677719080E-1
1.732681790E2,1.583268489E-1,-5.141036893E0,-1.346196858E0
1.732881700E2,7.555135451E-1,-3.877000431E0,-2.167611959E0
1.733081620E2,1.080127642E0,-2.377728730E0,-1.969324105E0
1.733281540E2,9.759091363E-1,-1.148242881E0,-1.133203330E0
1.733481450E2,9.652366521E-1,-2.352978051E-2,-5.964855784E-1
1.733681370E2,9.118418522E-1,1.145949603E0,-1.079261597E0
1.733881280E2,6.625849161E-1,2.440380476E0,-2.080853897E0
1.734081200E2,-1.560568867E-2,4.231235865E0,-2.689282998E0
1.734281120E2,-2.639051067E-1,5.999153797E0,-2.633249130E0
1.734481030E2,1.000387701E0,7.072549978E0,-8.246755812E-1
1.734680950E2,7.551467054E-1,6.522410601E0,1.403657447E0
1.734880870E2,-4.050899841E-2,3.469404477E0,3.800919970E0
1.735080780E2,-6.957351936E-1,3.985965049E-1,6.170215845E0
1.735280700E2,-1.575729893E0,-9.815171278E-1,5.774089204E0
1.735480610E2,-1.179452979E0,1.876804197E-1,3.384367835E0
1.735680530E2,1.950270222E0,3.396252885E0,-1.366647056E-1
1.735880450E2,4.601871570E0,5.238132248E0,-1.590235812E0
1.736080360E2,3.576506757E0,1.882530375E0,3.805940974E-1
1.736280280E2,1.743149419E0,-1.603374944E0,1.868352631E0
1.736480200E2,-2.257450261E-1,-3.861612314E0,1.035087563E0
1.736680110E2,-1.085154347E0,-4.857915881E0,-7.010601068E-1
1.736880030E2,-1.022294806E0,-5.193494019E0,-1.753719576E0
1.737079940E2,-7.271502368E-1,-5.800783498E0,-1.969849916E0
1.737279860E2,-2.488168235E-1,-6.221785364E0,-1.562650695E0
1.737479780E2,3.903679376E-1,-5.796939538E0,-1.339104770E0
1.737679690E2,8.218697948E-1,-4.938754807E0,-1.028983655E0
1.737879610E2,8.278295694E-1,-3.736990607E0,-1.281740077E0
1.738079520E2,4.854017834E-1,-2.347432551E0,-1.323737849E0
1.738279440E2,5.703189960E-1,-7.881830353E-1,-4.526968445E-1
1.738479360E2,1.078953229E0,1.338911812E0,2.877648711E-1
1.738679270E2,1.779718490E0,3.347983536E0,-1.550683053E-1
1.738879190E2,2.167837662E0,4.554668752E0,-1.386355097E0
1.739079100E2,1.450276566E0,5.202720340E0,-2.077307560E0
1.739279020E2,1.198013503E0,4.716930156E0,-1.214717537E0
1.739478930E2,8.845212487E-1,4.348964875E0,2.936623728E-1
1.739678850E2,-1.518332309E0,4.921467513E0,1.189507851E0
1.739878770E2,-4.266339625E0,3.554025967E0,3.199924434E0
1.740078680E2,-4.371357957E0,1.730678769E0,5.919130558E0
1.740278600E2,-4.472699267E0,1.021520854E0,4.219351984E0
1.740478510E2,-3.698296072E0,2.763485334E0,-5.792321261E-1
1.740678430E2,-1.462180766E0,4.942159055E0,-2.832007100E0
1.740878350E2,1.147352715E0,4.402297329E0,-3.756573663E-1
1.741078260E2,2.755353319E0,1.208202569E0,2.858166373E0
1.741278180E2,2.638282413E0,-1.744174143E0,2.813230521E0
1.741478090E2,1.573208574E0,-2.652841980E0,-2.351029466E-1
1.741678010E2,-2.759812698E-3,-3.442211416E0,-2.731982875E0
1.741877920E2,-1.859049711E0,-5.374953586E0,-3.162152298E0
1.742077840E2,-1.948967609E0,-6.946406241E0,-1.418817523E0
1.742277760E2,-1.568287850E0,-7.146073453E0,4.939961672E-2
1.742477670E2,1.786507107E-2,-5.988919415E0,3.302214309E-1
1.742677590E2,1.125160412E0,-4.508941771E0,-5.440682137E-1
1.742877500E2,1.783552802E0,-3.209762374E0,-2.194946669E0
1.743077420E2,1.628953297E0,-2.197441530E0,-2.489780093E0
1.743277340E2,7.844020794E-1,-1.114871652E0,-1.185840039E0
1.743477250E2,1.283468587E-1,7.960399389E-2,6.843128040E-2
1.743677170E2,-7.301184297E-1,1.453067003E0,-3.614970911E-1
1.743877080E2,-7.390889356E-1,2.634945408E0,-1.944935223E0
1.744077000E2,-2.229293177E-1,4.144925700E0,-3.304721741E0
1.744276910E2,1.420646184E-1,5.782122109E0,-3.280059355E0
1.744476830E2,3.904055791E-1,6.061997917E0,-1.321501143E0
1.744676740E2,1.390291881E0,6.432921889E0,4.681706967E-1
1.744876660E2,3.003878220E-2,4.963890817E0,1.713618348E0
1.745076580E2,-1.314458610E0,1.976165932E0,3.997381738E0
1.745276490E2,-2.581848889E0,-3.198333406E-1,5.552659825E0
1.745476410E2,-2.290694971E0,-1.028332860E0,4.891261382E0
1.745676320E2,1.262509900E0,7.468666095E-1,2.278652338E0
1.745876240E2,4.777921293E0,3.690307022E0,-7.669506258E-1
1.746076150E2,4.889821213E0,3.330169993E0,-1.105239533E0
1.746276070E2,1.694955352E0,-2.031960064E-1,3.189042181E-1
1.746475980E2,-1.032400841E0,-2.674952057E0,2.643789321E-1
1.746675900E2,-2.240497210E0,-4.095483398E0,-5.358692479E-1
1.746875820E2,-1.768639186E0,-4.918878366E0,-7.442086114E-1
1.747075730E2,-5.178579234E-1,-5.193284104E0,-9.390564018E-1
1.747275650E2,1.026155284E-1,-5.261709976E0,-1.629736531E0
1.747475560E2,7.435372049E-1,-4.913079098E0,-1.709730681E0
1.747675480E2,9.439503752E-1,-4.426105437E0,-1.292920684E0
1.747875390E2,1.318603555E0,-3.627985058E0,-6.602379169E-1
1.748075310E2,1.400342952E0,-2.880887484E0,-3.741997285E-1
1.748275220E2,7.903717212E-1,-1.951147451E0,-8.342454998E-1
1.748475140E2,6.489910899E-1,-4.091647625E-1,-1.023241251E0
1.748675050E2,4.855268773E-1,1.378227321E0,-1.212697470E0
1.748874970E2,1.072750795E0,3.170446281E0,-1.218171925E0
1.749074890E2,1.810446047E0,5.116858072E0,-1.651068344E0
1.749274800E2,1.504531564E0,5.714473332E0,-1.636562571E0
1.749474720E2,1.323883152E0,4.038900477E0,1.939614987E-1
1.749674630E2,1.588291759E0,3.675801249E0,5.946916527E-1
1.749874550E2,-2.213811248E0,3.047113885E0,-2.210575692E-1
1.750074460E2,-4.302438580E0,2.437553347E0,2.037838270E0
1.750274380E2,-4.466697392E0,2.360943128E0,4.028885366E0
1.750474290E2,-4.768500551E0,3.495389503E0,2.600015895E0
1.750674210E2,-4.157000200E0,5.194657615E0,1.002043705E0
1.750874120E2,-2.328639600E0,5.422572725E0,1.826053289E0
1.751074040E2,1.490627032E-1,2.588544828E0,3.525558797E0
1.751273950E2,2.632897128E0,-1.124430095E0,3.168138385E0
1.751473870E2,4.801727062E0,-2.964575758E0,2.621097739E-1
1.751673780E2,3.636560877E0,-3.148047352E0,-3.387016039E0
1.751873700E2,8.771952722E-1,-4.085576461E0,-4.604162509E0
1.752073610E2,-1.418462450E0,-5.257725683E0,-2.970118918E0
1.752273530E2,-2.980771376E0,-6.171306351E0,-2.884017791E-1
1.752473450E2,-3.380462772E0,-6.455604993E0,1.404717985E0
1.752673360E2,-1.763643763E0,-5.487316021E0,2.056599208E0
1.752873280E2,-3.700434911E-1,-4.486242880E0,-5.309622645E-2
1.753073190E2,9.234190468E-1,-3.538740175E0,-2.753866079E0
1.753273110E2,2.125762413E0,-2.561641204E0,-3.404648902E0
1.753473020E2,2.388736990E0,-1.174391629E0,-2.124342563E0
1.753672940E2,1.884116579E0,5.681464630E-1,-6.757521149E-1
1.753872850E2,7.016810080E-1,2.470290738E0,-5.907418585E-1
1.754072770E2,-5.910100630E-1,4.084715166E0,-1.287267596E0
1.754272680E2,-7.870215590E-1,5.549314633E0,-1.786621420E0
1.754472600E2,4.704673368E-2,6.191759326E0,-1.903409613E0
1.754672510E2,1.641113751E0,5.937908891E0,-6.294486719E-1
1.754872430E2,1.141268176E0,4.399335714E0,2.675546280E-1
1.755072340E2,-2.382011304E-1,1.480086987E0,2.963520336E0
1.755272260E2,-1.851787031E0,-3.215149999E-1,5.634652991E0
1.755472170E2,-1.988614655E0,-2.386102527E-1,5.697112949E0
1.755672090E2,-4.053057463E-1,1.984909274E0,4.059334742E0
1.755872000E2,2.513134457E0,4.896221575E0,2.018199665E0
1.756071920E2,5.689516246E0,5.744619822E0,7.607883914E-1
1.756271830E2,3.804214876E0,1.195301857E0,3.668566489E-1
1.756471750E2,1.563938545E0,-2.562137632E0,-4.282278550E-1
1.756671660E2,-5.600828237E-1,-4.822607469E0,-1.283171475E0
1.756871580E2,-1.632934520E0,-5.804224584E0,-1.387958257E0
1.757071490E2,-1.609795626E0,-6.070158876E0,-6.783214545E-1
1.757271410E2,-1.180350088E0,-6.138830330E0,-1.825840596E-1
1.757471320E2,-6.792264573E-1,-5.737899617E0,-9.202581882E-2
1.757671240E2,2.657774216E-2,-4.851206785E0,-3.726233192E-1
1.757871150E2,7.801699378E-1,-3.878034219E0,-8.226919864E-1
1.758071070E2,1.242838405E0,-2.634724383E0,-1.244598563E0
1.758270980E2,1.759543696E0,-1.063568766E0,-1.301399585E0
1.758470900E2,2.473130731E0,1.831517512E-1,-6.712018847E-1
1.758670810E2,2.775905405E0,1.206813270E0,-9.681702733E-2
1.758870730E2,1.718581757E0,2.258609253E0,-8.863525236E-1
1.759070640E2,6.353759031E-2,3.335403836E0,-2.090406493E0
1.759270560E2,-2.940158187E-2,4.292757930E0,-2.283101485E0
1.759470470E2,1.316157080E0,4.704383200E0,-9.349393773E-1
1.759670390E2,2.738452819E0,6.598890427E0,-1.039693872E-2
1.759870300E2,5.949822227E-1,6.745980645E0,2.393136728E-1
1.760070210E2,-3.310090070E0,4.369659340E0,2.401523974E0
1.760270129E2,-4.854743181E0,1.515310614E0,5.580857438E0
1.760470039E2,-4.895487750E0,5.889315605E-3,5.943319904E0
1.760669959E2,-3.852819856E0,9.893196523E-1,2.034774914E0
1.760869869E2,-5.989145118E-1,3.500978857E0,-2.743553345E0
1.761069789E2,2.508820089E0,3.869486759E0,-3.390014491E0
1.761269699E2,3.607192360E0,3.532244503E-1,-2.218620729E-1
1.761469619E2,3.272533696E0,-2.988675057E0,1.817901685E0
1.761669529E2,1.704125101E0,-3.814413005E0,7.547258520E-1
1.761869449E2,-9.456245061E-2,-4.343697703E0,-1.080480668E0
1.762069359E2,-1.154256742E0,-5.047073307E0,-1.339478992E0
1.762269279E2,-2.147120099E0,-5.720774876E0,-4.250206937E-1
1.762469189E2,-2.558083173E0,-5.875288720E0,7.679581010E-1
1.762669109E2,-1.607519597E0,-5.038244596E0,8.967196369E-1
1.762869019E2,-1.840415329E-1,-3.882424893E0,-2.261825075E-1
1.763068939E2,9.115111191E-1,-2.908484003E0,-1.655312253E0
1.763268849E2,1.631594484E0,-2.345549748E0,-2.518165401E0
1.763468759E2,1.443895646E0,-1.554546601E0,-2.893152604E0
1.763668679E2,8.243822703E-1,-2.170673561E-1,-2.468150073E0
1.763868589E2,3.826977977E-2,1.144587786E0,-1.083961515E0
1.764068509E2,-8.875260597E-1,2.415713997E0,4.379944227E-1
1.764268419E2,-1.670963933E0,4.013494325E0,5.407218156E-1
1.764468339E2,-1.043556671E0,5.469922308E0,-1.213577914E0
1.764668249E2,9.782938501E-1,6.372189783E0,-2.321779062E0
1.764868169E2,3.112244558E0,6.849909056E0,-2.183733902E0
1.765068079E2,2.530745978E0,4.434735342E0,-6.959765375E-2
1.765267999E2,6.009762400E-1,1.353255032E0,3.043192742E0
1.765467909E2,-1.520175351E0,-2.243237507E-1,5.114648409E0
1.765667819E2,-2.227559953E0,-3.767103767E-1,5.778213830E0
1.765867739E2,-3.491512068E-1,1.222361017E0,5.151670055E0
1.766067649E2,3.466938121E0,3.789209166E0,2.452094057E0
1.766267569E2,5.041466412E0,3.438838157E0,-7.369310937E-1
1.766467479E2,2.534724716E0,-6.552378166E-1,-1.574066361E0
1.766667399E2,5.493651333E-1,-3.367102177E0,-1.057254431E0
1.766867309E2,-6.620314772E-1,-4.728687737E0,-4.655127718E-1
1.767067229E2,-1.152314589E0,-5.234605207E0,-3.975298266E-1
1.767267139E2,-1.406707062E0,-5.395881355E0,-6.066017000E-1
1.767467049E2,-1.625218242E0,-5.505338309E0,-6.885651916E-1
1.767666969E2,-7.108372360E-1,-5.081685900E0,-5.977702117E-1
1.767866879E2,4.780173713E-1,-4.281999637E0,-7.389536456E-1
1.768066799E2,1.232713805E0,-3.234663911E0,-1.309687428E0
1.768266709E2,2.032431934E0,-2.241039539E0,-1.764250412E0
1.768466629E2,2.441584418E0,-1.458025442E0,-1.779269716E0
1.768666539E2,2.316301391E0,-8.008779252E-1,-1.277041693E0
1.768866459E2,1.888629898E0,7.405001611E-1,-9.182945471E-1
1.769066369E2,9.445988314E-1,3.065617399E0,-1.033829827E0
1.769266279E2,-4.309033581E-1,5.032168170E0,-8.090950173E-1
1.769466199E2,-1.279531949E-1,5.786046175E0,3.581407162E-1
1.769666109E2,1.432579529E0,5.282364095E0,7.114745095E-1
1.769866029E2,1.898970407E0,5.615340223E0,-1.383223182E0
1.770065939E2,-1.448297284E0,4.444129479E0,-1.026742417E0
1.770265858E2,-3.713535378E0,2.602935410E0,3.708195409E0
1.770465768E2,-3.634551774E0,1.011465397E0,6.536332821E0
1.770665678E2,-3.560194779E0,1.261488245E0,3.795850434E0
1.770865598E2,-3.778455552E0,3.254578359E0,-1.377313986E0
1.771065508E2,-2.434637487E0,4.541670392E0,-2.383993437E0
1.771265428E2,-7.220551193E-2,3.275227801E0,1.149995291E0
1.771465338E2,1.386914237E0,-1.372224569E-2,3.167770595E0
1.771665248E2,2.379613141E0,-3.290384953E0,2.292381601E0
1.771865168E2,3.358305041E0,-4.170541182E0,-9.881484550E-1
1.772065078E2,2.403264690E0,-4.245451031E0,-3.318751550E0
1.772264998E2,5.487625777E-1,-4.928380677E0,-3.744277992E0
1.772464908E2,-1.499375197E0,-5.799409402E0,-2.217483446E0
1.772664828E2,-2.639446886E0,-6.222843125E0,1.257157212E-1
1.772864738E2,-2.108087304E0,-5.660734497E0,1.352519306E0
1.773064648E2,-6.680905082E-1,-4.258772743E0,3.118780576E-1
1.773264568E2,4.295394585E-1,-2.591491240E0,-2.275070480E0
1.773464478E2,7.755591890E-1,-1.442088271E0,-3.877237244E0
1.773664398E2,3.268919167E-1,-8.854035205E-1,-3.434666169E0
1.773864308E2,-1.229871912E-1,-3.789405048E-2,-1.088512403E0
1.774064218E2,-4.807241936E-1,1.363771250E0,8.563054365E-1
1.774264138E2,-2.626711249E-1,2.499778832E0,7.969624834E-1
1.774464048E2,5.341248408E-1,3.732592331E0,-1.640938627E0
1.774663968E2,1.500408546E0,5.078886253E0,-4.225175226E0
1.774863878E2,2.114364290E0,5.809827971E0,-5.066467937E0
1.775063788E2,1.450368221E0,6.595991963E0,-2.865481240E0
1.775263708E2,-8.463182460E-1,5.732123737E0,1.878739625E0
1.775463618E2,-2.112703680E0,3.158185254E0,7.036072708E0
1.775663538E2,-2.517708149E0,4.072088689E-1,9.107468734E0
1.775863448E2,-2.489737408E0,-1.018911241E0,7.460833164E0
1.776063358E2,-1.174938965E-1,4.490667468E-1,2.966500661E0
1.776263278E2,4.057762718E0,3.159573383E0,-1.601031965E0
1.776463188E2,5.546977501E0,3.380459556E0,-2.869557919E0
1.776663108E2,2.843596866E0,1.045932394E-1,-1.390971912E0
1.776863018E2,5.935521765E-1,-2.524623651E0,4.570084351E-1
1.777062928E2,-1.208824420E0,-4.041023017E0,5.765243536E-1
1.777262848E2,-2.398533123E0,-4.955990644E0,-1.739852174E-1
1.777462758E2,-2.293766952E0,-5.392753095E0,-3.747199845E-1
1.777662678E2,-1.255823316E0,-5.284041077E0,-5.668438496E-1
1.777862588E2,-8.459093794E-3,-4.973446922E0,-8.331685889E-1
1.778062498E2,1.133077981E0,-4.466356500E0,-1.614974212E0
1.778262418E2,1.738681269E0,-3.976197860E0,-2.386620152E0
1.778462328E2,1.341794343E0,-3.049418857E0,-2.870518616E0
1.778662248E2,1.228396367E0,-2.025764354E0,-1.947056739E0
1.778862158E2,1.268651523E0,-9.161458415E-1,-6.588895489E-1
1.779062068E2,1.441761851E0,4.285453588E-1,3.265202165E-1
1.779261988E2,1.484022602E0,2.471842005E0,-2.184192324E-1
1.779461898E2,1.363751369E0,4.158065563E0,-8.896790045E-1
1.779661808E2,1.288955541E0,5.345478356E0,-1.632210050E0
1.779861728E2,1.157952182E0,5.804128105E0,-1.495816436E0
1.780061638E2,1.311445686E0,4.000450941E0,-6.125396937E-1
1.780261558E2,1.692764838E0,3.118494354E0,1.184675639E0
1.780461468E2,-2.577967799E0,2.568582433E0,1.528741668E0
1.780661378E2,-5.083121976E0,9.713844877E-1,4.027978463E0
1.780861298E2,-5.098658028E0,4.595408642E-1,4.480573420E0
1.781061208E2,-4.928009378E0,1.929930244E0,1.157047618E0
1.781261118E2,-3.572397333E0,4.910776464E0,-1.408104839E0
1.781461038E2,-5.250014667E-1,5.673145797E0,8.999870610E-1
1.781660948E2,1.476262177E0,3.429201361E0,2.992713144E0
1.781860868E2,1.767726582E0,-1.935662270E-2,1.749140914E0
1.782060778E2,2.094839559E0,-2.621336598E0,-5.453008068E-1
1.782260688E2,1.765672162E0,-3.454618623E0,-2.040416161E0
1.782460608E2,9.499787083E-1,-4.080229767E0,-1.830779154E0
1.782660518E2,-3.719003841E-1,-5.605749035E0,-8.689050168E-1
1.782860428E2,-1.911458305E0,-7.014526888E0,-2.620051087E-1
1.783060348E2,-1.840652032E0,-7.169676324E0,-2.024173035E-1
1.783260258E2,-1.376679417E-1,-5.483652155E0,-8.878248525E-1
1.783460168E2,1.355043111E0,-3.801349740E0,-2.077274962E0
1.783660088E2,1.720579458E0,-2.520382665E0,-2.926796898E0
1.783859998E2,1.232775200E0,-1.552132285E0,-2.788944111E0
1.784059918E2,6.687741208E-1,-3.040657389E-1,-9.918766397E-1
1.784259828E2,6.739989734E-1,1.218322930E0,3.971588208E-1
1.784459738E2,-5.361253560E-2,3.131773966E0,-8.753691137E-1
1.784659658E2,-8.556106411E-1,4.857187902E0,-3.068406520E0
1.784859568E2,-1.055437116E0,6.400104391E0,-3.571358868E0
1.785059478E2,-1.376454664E-1,7.147960349E0,-1.607751147E0
1.785259398E2,1.868234664E0,7.256557762E0,1.196127338E0
1.785459308E2,8.989886490E-1,4.582200952E0,3.034300296E0
1.785659218E2,-8.956362027E-2,4.335687017E-1,5.378102896E0
1.785859138E2,-1.458617765E0,-1.753395202E0,5.672226030E0
1.786059048E2,-2.365710363E0,-1.627143876E0,3.957248788E0
1.786258958E2,-6.909534869E-1,1.132813833E0,2.012846832E0
1.786458878E2,3.074989901E0,4.660284669E0,1.087043583E0
1.786658788E2,4.974095378E0,4.079881858E0,1.403670164E0
1.786858698E2,2.200297164E0,-2.288068110E-1,9.571839398E-1
1.787058618E2,-4.550559036E-1,-2.820459434E0,-5.762143050E-1
1.787258528E2,-1.967667589E0,-4.058837144E0,-1.876274878E0
1.787458438E2,-1.992894232E0,-4.660869976E0,-1.884317430E0
1.787658358E2,-1.232981315E0,-5.075629939E0,-8.896246254E-1
1.787858268E2,-2.786572480E-1,-5.287731839E0,-4.623416805E-1
1.788058178E2,4.924401866E-1,-5.204504911E0,-6.595302576E-1
1.788258098E2,8.911704100E-1,-4.824910687E0,-9.789320737E-1
1.788458008E2,1.440525311E0,-4.300430061E0,-1.102550983E0
1.788657918E2,1.532729908E0,-3.364693708E0,-1.634477892E0
1.788857838E2,1.386184797E0,-2.294571383E0,-1.645390697E0
1.789057748E2,9.978731786E-1,-6.006610751E-1,-8.683497506E-1
1.789257658E2,9.219467179E-1,1.687121691E0,2.562360996E-1
1.789457578E2,8.564695971E-1,3.704076045E0,8.697082780E-2
1.789657488E2,8.580770697E-1,4.923023458E0,-1.104157871E0
1.789857398E2,1.341570834E0,5.213455244E0,-1.702044954E0
1.790057318E2,2.040267496E0,4.472976133E0,-1.534814587E0
1.790257235E2,2.201924882E0,3.719889255E0,-5.933058625E-1
1.790457145E2,-9.389148261E-1,3.807178245E0,-2.886255813E-1
1.790657065E2,-4.287657403E0,2.539010725E0,2.648741328E0
1.790856975E2,-5.006241031E0,8.738242793E-1,5.519847590E0
1.791056885E2,-5.082283486E0,3.211472100E-1,3.789077019E0
1.791256805E2,-4.319063091E0,2.364294167E0,-7.798782349E-1
1.791456715E2,-1.790213950E0,4.643224248E0,-2.575288020E0
1.791656625E2,1.388799672E0,3.827170460E0,3.151661662E-1
1.791856545E2,2.996206856E0,8.586361367E-1,3.093932540E0
1.792056455E2,2.504476192E0,-1.335500547E0,1.904637528E0
1.792256365E2,5.696644002E-1,-2.149420686E0,-1.472069870E0
1.792456285E2,-7.028937205E-1,-3.254617535E0,-2.715604824E0
1.792656195E2,-1.232759998E0,-4.888888582E0,-1.571588311E0
1.792856105E2,-1.615498123E0,-6.490152097E0,-3.975265376E-1
1.793056025E2,-1.237382222E0,-7.148948529E0,-1.932469690E-1
1.793255935E2,-1.336721007E-1,-6.378220017E0,-9.741567258E-1
1.793455845E2,7.941117465E-1,-4.966360096E0,-1.902870499E0
1.793655755E2,1.708327641E0,-3.374586613E0,-2.061691986E0
1.793855675E2,2.133810082E0,-1.639215453E0,-1.804893385E0
1.794055585E2,1.298167829E0,-3.357757741E-1,-1.241293132E0
1.794255495E2,2.370495212E-1,5.736796832E-1,-1.948270328E-1
1.794455415E2,-7.732979245E-3,1.357512390E0,9.120004579E-2
1.794655325E2,-1.903410855E-1,2.454109738E0,-1.521244953E0
1.794855235E2,1.550219844E-1,3.827427152E0,-3.404120314E0
1.795055155E2,5.172499591E-1,5.377904676E0,-3.939825840E0
1.795255065E2,1.086536922E0,6.457567318E0,-2.657251366E0
1.795454975E2,8.638222515E-1,7.053834211E0,-4.308681652E-2
1.795654895E2,-8.425339280E-1,5.009672762E0,4.097930458E0
1.795854805E2,-1.305987603E0,1.898534789E0,7.790351833E0
1.796054715E2,-1.992654788E0,1.063743013E-1,8.009938754E0
1.796254625E2,-1.691182143E0,-4.249580920E-2,5.491723652E0
1.796454545E2,1.820769745E0,2.663443567E0,6.294973500E-1
1.796654455E2,5.477329561E0,4.686488966E0,-2.211473532E0
1.796854365E2,3.631951225E0,1.387867041E0,-1.528283393E0
1.797054285E2,7.108636216E-1,-2.044280732E0,3.206361634E-1
1.797254195E2,-1.963910753E0,-4.065471395E0,3.871862483E-1
1.797454105E2,-3.015559385E0,-4.906558868E0,-4.050284421E-1
1.797654015E2,-2.128916401E0,-5.069114386E0,-6.469682457E-1
1.797853935E2,-9.098318718E-1,-5.232410747E0,-9.571655211E-1
1.798053845E2,4.734924670E-1,-5.254997372E0,-1.291387251E0
1.798253755E2,1.231383271E0,-5.017896286E0,-1.765219442E0
1.798453675E2,1.600226950E0,-4.502786992E0,-1.852915982E0
1.798653585E2,1.355054659E0,-3.974162444E0,-1.565369066E0
1.798853495E2,8.088851023E-1,-3.203959597E0,-1.203079239E0
1.799053405E2,6.749800631E-1,-1.869033832E0,-6.182606095E-1
1.799253325E2,8.869295707E-1,-3.634851444E-1,-6.351830363E-2
1.799453235E2,1.238953222E0,1.830770822E0,-1.025751460E0
1.799653145E2,1.225878263E0,3.916932237E0,-1.909333865E0
1.799853065E2,9.885372949E-1,5.364404624E0,-2.264741959E0
1.800052975E2,9.179749967E-1,5.836377838E0,-9.979725082E-1
1.800252882E2,2.658561434E0,4.606021923E0,6.737549253E-1
1.800452792E2,2.638109921E0,4.333301938E0,-5.246012248E-2
1.800652712E2,-3.285196134E0,3.112417928E0,-4.862386662E-1
1.800852622E2,-6.497969824E0,1.798236914E0,3.204834926E0
1.801052532E2,-6.391821225E0,1.240076911E0,6.001219034E0
1.801252442E2,-4.998035633E0,2.949526779E0,3.949163843E0
1.801452362E2,-2.550304330E0,5.435068810E0,4.421307065E-1
1.801652272E2,5.461126196E-1,5.639796787E0,-7.375093102E-1
1.801852182E2,1.790639919E0,2.546616198E0,-3.169119255E-1
1.802052102E2,1.939635160E0,-1.327212119E0,9.372482966E-1
1.802252012E2,1.628964699E0,-2.931517940E0,7.891700453E-1
1.802451922E2,1.002044144E0,-3.090251718E0,-5.352443267E-1
1.802651832E2,-2.590719261E-1,-4.385708193E0,-1.488635032E0
1.802851752E2,-1.464126720E0,-6.131023713E0,-1.793332708E0
1.803051662E2,-1.888550668E0,-7.220819580E0,-1.587720925E0
1.803251572E2,-4.783619551E-1,-6.554812946E0,-1.219889984E0
1.803451482E2,1.337749678E0,-5.028581488E0,-1.302777774E0
1.803651402E2,1.965466551E0,-3.780362914E0,-1.738436270E0
1.803851312E2,1.445304240E0,-2.788262910E0,-1.950836233E0
1.804051222E2,4.330444989E-1,-1.755970316E0,-1.456004060E0
1.804251132E2,-5.330369297E-2,-5.009479219E-1,-2.725287813E-1
1.804451052E2,-1.777211131E-1,1.210154954E0,-6.668106258E-2
1.804650962E2,-1.865329402E-1,3.026586649E0,-1.257412297E0
1.804850872E2,-8.030940564E-2,4.449951552E0,-2.189642952E0
1.805050792E2,4.917297133E-1,5.604548602E0,-3.029057098E0
1.805250702E2,8.907429785E-1,5.474887179E0,-2.670231015E0
1.805450612E2,1.695318025E0,5.064324932E0,-8.609516340E-1
1.805650522E2,3.365093073E-1,3.992420375E0,7.495506276E-1
1.805850442E2,-1.406893149E0,1.996172181E0,3.734190375E0
1.806050352E2,-2.183588014E0,3.516831243E-1,6.413185197E0
1.806250262E2,-1.996756025E0,-4.688104552E-1,6.496693377E0
1.806450172E2,-1.231633020E-1,5.269241774E-1,4.394655018E0
1.806650092E2,2.252012716E0,3.326059400E0,1.508692151E0
1.806850002E2,3.745323474E0,4.353021673E0,5.958352219E-1
1.807049912E2,3.020007947E0,2.006010706E0,7.215832490E-1
1.807249822E2,8.398541491E-1,-1.018047023E0,4.671363974E-1
1.807449732E2,-7.312199720E-1,-3.163289289E0,-1.141152547E0
1.807649652E2,-7.050275888E-1,-4.503004509E0,-2.065182920E0
1.807849562E2,2.469063554E-2,-4.949022517E0,-2.277828612E0
1.808049472E2,5.096561071E-1,-5.311669756E0,-1.866316923E0
1.808249382E2,1.767935985E-1,-5.387953700E0,-1.541089965E0
1.808449302E2,-2.879146329E-1,-4.976830121E0,-1.097225339E0
1.808649212E2,8.892555200E-3,-4.314080971E0,-6.502583277E-1
1.808849122E2,7.516317979E-1,-3.526304317E0,-6.997801512E-1
1.809049032E2,1.046207506E0,-2.357382758E0,-1.265798228E0
1.809248952E2,1.333972815E0,-7.029499269E-1,-1.407276288E0
1.809448862E2,2.308126106E0,1.139515911E0,-1.098011790E0
1.809648772E2,1.882828145E0,2.399643509E0,-6.501910847E-1
1.809848682E2,4.401424705E-1,3.386117907E0,-5.903278756E-1
1.810048602E2,1.724111104E-1,4.677977175E0,-4.355737120E-1
1.810248509E2,1.087625527E0,5.405866061E0,-1.238699014E-1
1.810448419E2,3.528725064E0,5.655941534E0,2.700166713E-1
1.810648329E2,1.555151203E0,5.361142462E0,-1.202654877E0
1.810848249E2,-3.700277694E0,3.301518636E0,1.189562669E-1
1.811048159E2,-4.922506564E0,9.932010341E-1,5.184898027E0
1.811248069E2,-4.920610896E0,3.219184577E-2,6.128735697E0
1.811447979E2,-4.779388359E0,1.389352233E0,1.870520194E0
1.811647889E2,-3.625304110E0,3.996499393E0,-2.454641835E0
1.811847809E2,-5.007594223E-1,5.031427327E0,-1.305569234E0
1.812047719E2,2.746865208E0,2.429337425E0,2.877353427E0
1.812247629E2,3.449044180E0,-1.371203645E0,3.683752878E0
1.812447539E2,2.699827574E0,-2.951124823E0,8.387246132E-3
1.812647459E2,6.582220893E-1,-3.276557457E0,-3.392888398E0
1.812847369E2,-1.437277621E0,-4.545315546E0,-3.548677811E0
1.813047279E2,-2.027360060E0,-6.035533419E0,-7.502245192E-1
1.813247189E2,-1.960892274E0,-6.966870326E0,9.360487403E-1
1.813447109E2,-1.211323959E0,-6.684964365E0,-1.482631695E-1
1.813647019E2,1.149265120E-1,-5.308864262E0,-1.982151727E0
1.813846929E2,1.826563751E0,-3.792836779E0,-2.710938161E0
1.814046839E2,2.623837160E0,-2.192439821E0,-2.443077212E0
1.814246749E2,1.459664271E0,-1.162696028E0,-1.435848269E0
1.814446669E2,-3.274531397E-1,3.159718394E-2,-3.276494600E-1
1.814646579E2,-1.046947179E0,2.276073716E0,7.692757711E-2
1.814846489E2,-8.239380281E-1,4.321338535E0,-5.328181708E-1
1.815046399E2,3.195547208E-1,5.651267855E0,-1.718378567E0
1.815246309E2,1.160864096E0,5.368536851E0,-3.046896368E0
1.815446229E2,9.943454804E-1,3.996591779E0,-4.003162880E0
1.815646139E2,1.809150304E0,2.801457152E0,-2.516764408E0
1.815846049E2,5.725135291E-1,1.826265543E0,8.599820195E-1
1.816045959E2,-1.675492017E0,5.295530856E-2,5.437622874E0
1.816245879E2,-2.809809900E0,-1.867249846E-1,7.633782109E0
1.816445789E2,-3.480680248E0,1.570431731E0,6.224907777E0
1.816645699E2,-1.017016890E0,5.237301943E0,4.431162694E0
1.816845609E2,3.843486823E0,6.930309441E0,3.083209916E0
1.817045519E2,4.407404287E0,3.748226616E0,7.208837758E-1
1.817245439E2,1.844043563E0,2.398293972E-2,-1.444629617E0
1.817445349E2,-7.032738626E-1,-2.538914246E0,-2.089139986E0
1.817645259E2,-1.125285031E0,-3.564059204E0,-8.442207035E-1
1.817845169E2,-8.422756273E-1,-4.239310285E0,5.727743880E-1
1.818045079E2,-4.997730701E-1,-5.230528529E0,5.975775459E-1
1.818244999E2,-2.134646673E-2,-5.709025481E0,-7.299599701E-1
1.818444909E2,6.088024824E-1,-5.539417636E0,-1.885787274E0
1.818644819E2,1.177182359E0,-5.171816052E0,-2.009667116E0
1.818844729E2,1.205941304E0,-4.254161044E0,-1.905712246E0
1.819044639E2,7.424054763E-1,-3.183719460E0,-1.529908334E0
1.819244559E2,3.315168450E-1,-2.329177544E0,-5.336825354E-1
1.819444469E2,6.335120483E-1,-1.659411151E0,7.858377171E-1
1.819644379E2,1.585167592E0,-9.414467436E-1,1.240151901E0
1.819844289E2,2.227203419E0,1.667549890E-1,-4.704090840E-1
1.820044199E2,1.811210716E0,2.201797121E0,-2.796419191E0
1.820244119E2,1.645084303E0,4.526268241E0,-2.809823933E0
1.820444028E2,1.897589440E0,5.928434063E0,-8.715257388E-1
1.820643938E2,2.793244153E0,4.715978814E0,1.183215004E0
1.820843848E2,3.688754001E0,2.722484658E0,1.252192926E-1
1.821043758E2,1.451824324E0,2.447526943E0,-1.903300855E0
1.821243678E2,-4.584524635E0,2.048841560E0,-1.777764643E0
1.821443588E2,-6.246793320E0,1.174235508E0,3.681660159E0
1.821643498E2,-5.450471545E0,1.969494259E0,5.490301609E0
1.821843408E2,-4.909345651E0,3.888943954E0,2.678120663E0
1.822043318E2,-2.904181622E0,5.339252241E0,1.217980868E-1
1.822243238E2,5.573921909E-1,4.816940932E0,5.739929478E-1
1.822443148E2,3.193379645E0,1.700515323E0,1.881568508E0
1.822643058E2,4.145518023E0,-1.606984431E0,1.590971100E0
1.822842968E2,3.075277291E0,-3.144144920E0,-2.939162882E-1
1.823042878E2,8.910032527E-1,-4.100013236E0,-2.172001610E0
1.823242798E2,-1.237684376E0,-5.325143495E0,-2.377106148E0
1.823442708E2,-2.291275600E0,-6.324365407E0,-1.746697948E0
1.823642618E2,-2.473759307E0,-6.441028469E0,-9.770102401E-1
1.823842528E2,-1.026381790E0,-5.236932984E0,-6.845130712E-1
1.824042438E2,4.858304574E-1,-3.894964247E0,-1.208242184E0
1.824242358E2,1.443637053E0,-2.826099073E0,-1.917076748E0
1.824442268E2,1.919050622E0,-1.967982169E0,-2.111759501E0
1.824642178E2,1.714556826E0,-1.124807240E0,-1.308534942E0
1.824842088E2,1.495365031E0,5.570864546E-1,-3.041208489E-1
1.825041998E2,8.626998053E-1,1.757341488E0,-4.125152171E-1
1.825241908E2,-2.669932222E-1,3.033063610E0,-2.046771646E0
1.825441828E2,-8.152771322E-1,4.363383524E0,-3.156607091E0
1.825641738E2,-6.954386667E-1,5.878464342E0,-2.835807205E0
1.825841648E2,1.844286917E-1,5.761536402E0,-1.098928049E0
1.826041558E2,2.075871046E0,5.207979911E0,7.203763837E-1
1.826241468E2,1.663200439E0,2.264026698E0,2.649990878E0
1.826441388E2,1.168827437E-1,-8.791259497E-1,5.793586745E0
1.826641298E2,-2.276501148E0,-1.236703067E0,6.267094853E0
1.826841208E2,-3.329123049E0,1.413785409E0,4.518750476E0
1.827041118E2,7.049921400E-1,5.910005978E0,3.510399891E0
1.827241028E2,5.302374437E0,7.808093455E0,1.881619964E0
1.827440938E2,2.524483610E0,2.775178011E0,1.027542901E-1
1.827640858E2,-2.262571691E-1,-2.009558796E0,-1.388407908E0
1.827840768E2,-1.178557770E0,-4.674071234E0,-1.646612327E0
1.828040678E2,-2.139694282E-1,-5.432435224E0,-5.176038618E-1
1.828240588E2,3.562166168E-1,-5.423125872E0,-4.842647924E-1
1.828440498E2,2.555606731E-1,-5.527333780E0,-1.570368289E0
1.828640408E2,4.222493693E-2,-5.691064589E0,-2.319198686E0
1.828840328E2,-7.204887964E-2,-5.479267913E0,-2.342439906E0
1.829040238E2,1.614274447E-1,-4.509842827E0,-1.863422990E0
1.829240148E2,1.095255705E0,-2.924853283E0,-8.239940152E-1
1.829440058E2,1.596037712E0,-1.428590559E0,-6.373640478E-2
1.829639968E2,1.667932591E0,-5.523987418E-1,6.119676898E-1
1.829839878E2,1.113797591E0,1.719823998E-1,1.758392233E-1
1.830039798E2,1.313926367E-1,1.349293544E0,-6.026869892E-1
1.830239708E2,-3.577186934E-1,2.926361280E0,-9.185028541E-1
1.830439615E2,9.771470650E-1,4.747759600E0,-8.486071385E-1
1.830639525E2,3.141305805E0,6.049260342E0,-1.363373785E0
1.830839435E2,4.397778893E0,5.282195111E0,-1.377741563E0
1.831039345E2,1.377234756E0,3.892648750E0,-1.937566708E0
1.831239265E2,-4.003750525E0,2.836391927E0,2.734579039E-1
1.831439175E2,-6.365899934E0,1.369256523E0,5.244713874E0
1.831639085E2,-6.521181516E0,7.667477274E-1,6.667046742E0
1.831838995E2,-6.765019764E0,1.704234152E0,3.423500910E0
1.832038905E2,-5.245745907E0,3.848017538E0,-2.645128334E-1
1.832238815E2,-5.823121469E-1,5.286052519E0,-7.020808844E-1
1.832438735E2,3.517597521E0,3.103823690E0,4.130654401E-1
1.832638645E2,4.520591179E0,-1.216402704E0,5.597736888E-1
1.832838555E2,3.539814894E0,-3.483842422E0,-1.126519451E0
1.833038465E2,4.465553677E-1,-3.510747215E0,-2.880293992E0
1.833238375E2,-1.558361178E0,-4.510733358E0,-1.906157804E0
1.833438285E2,-2.748955588E0,-5.779639381E0,8.156105697E-2
1.833638195E2,-3.069294713E0,-6.609118377E0,1.023172546E0
1.833838115E2,-1.423606246E0,-6.231600500E0,5.033014262E-1
1.834038025E2,6.122091798E-1,-5.449917814E0,-1.427650911E0
1.834237935E2,2.292328099E0,-4.418989375E0,-3.002851047E0
1.834437845E2,2.782618008E0,-3.082463227E0,-3.264492897E0
1.834637755E2,1.974611158E0,-1.985972883E0,-1.954734279E0
1.834837665E2,4.638758437E-1,-4.893610793E-1,-8.458662562E-1
1.835037575E2,-9.982283239E-1,1.648444698E0,-6.523867142E-1
1.835237495E2,-1.702953319E0,3.728589912E0,-5.840206303E-1
1.835437405E2,-7.112264413E-1,5.078257093E0,-5.972585803E-1
1.835637315E2,8.152560823E-1,6.130047228E0,-1.736703887E0
1.835837225E2,1.054099639E0,5.940841269E0,-3.192275691E0
1.836037135E2,2.088512580E0,6.061188662E0,-2.953385941E0
1.836237045E2,8.428021690E-1,4.727555716E0,3.960957970E-1
1.836436955E2,-8.543773171E-1,1.349732085E0,4.846067668E0
1.836636875E2,-2.693374587E0,-5.910149235E-1,7.445703494E0
1.836836785E2,-4.185652142E0,-8.207034945E-1,6.613288026E0
1.837036695E2,-1.012231748E0,1.823616754E0,3.549639385E0
1.837236605E2,4.047930917E0,5.013181676E0,1.315141127E-2
1.837436515E2,5.672238894E0,3.242761720E0,-1.176538142E0
1.837636425E2,2.424712862E0,-1.264376770E0,-8.018422772E-1
1.837836335E2,-7.506218375E-1,-4.003839403E0,-3.773699427E-1
1.838036255E2,-2.236169393E0,-4.734086471E0,-4.347428226E-1
1.838236165E2,-2.076158875E0,-4.469178951E0,-6.144362381E-1
1.838436075E2,-9.948064602E-1,-4.078334684E0,-9.260919553E-1
1.838635985E2,2.317880139E-2,-4.230770427E0,-1.400805175E0
1.838835895E2,2.182281015E-1,-4.573530115E0,-2.022891617E0
1.839035805E2,7.253995804E-1,-4.468494242E0,-1.927142584E0
1.839235715E2,1.304752671E0,-3.790589694E0,-1.116870522E0
1.839435625E2,1.482115386E0,-3.009060205E0,-7.503242142E-1
1.839635545E2,1.051311394E0,-2.348326006E0,-8.080701466E-1
1.839835455E2,1.144401333E0,-1.062569477E0,-5.002357310E-1
1.840035365E2,1.404326222E0,8.600535017E-1,-8.157552883E-2
1.840235275E2,8.021480866E-1,2.746272885E0,-7.567419720E-1
1.840435193E2,2.704365744E-1,3.690753164E0,-9.145932595E-1
1.840635103E2,1.100265672E0,4.569827074E0,-3.426195015E-1
1.840835013E2,2.371853155E0,4.756630411E0,-4.861818020E-1
1.841034923E2,3.668155722E0,4.776403356E0,-1.173370267E0
1.841234843E2,9.550410815E-2,5.408546425E0,-1.267955850E0
1.841434753E2,-5.235579938E0,4.072409116E0,1.577743675E0
1.841634663E2,-6.567214891E0,2.106654736E0,5.610727939E0
1.841834573E2,-5.262237394E0,1.041325958E0,5.214829339E0
1.842034483E2,-3.933154167E0,2.202325709E0,3.263928933E-1
1.842234393E2,-1.903957643E0,3.687065325E0,-3.827228347E0
1.842434303E2,5.606001196E-1,3.252227778E0,-2.848022039E0
1.842634213E2,2.483372129E0,4.839079660E-1,1.140247837E0
1.842834133E2,2.569570905E0,-1.972420791E0,3.324150869E0
1.843034043E2,1.223186936E0,-3.228902065E0,9.838830574E-1
1.843233953E2,-3.469638366E-1,-4.164368861E0,-2.107597892E0
1.843433863E2,-1.335628601E0,-5.397406894E0,-3.128525253E0
1.843633773E2,-2.004868598E0,-5.948647302E0,-2.670347959E0
1.843833683E2,-1.946309318E0,-6.088084685E0,-1.047166303E0
1.844033593E2,-6.932489575E-1,-5.273975680E0,-3.416838008E-1
1.844233503E2,2.524150904E-1,-4.089512222E0,-9.686906755E-1
1.844433413E2,1.476536850E0,-2.692592522E0,-1.391208724E0
1.844633333E2,2.519975114E0,-1.834534090E0,-1.394259948E0
1.844833243E2,1.453820710E0,-1.461282341E0,-1.752868807E0
1.845033153E2,3.159117593E-1,-1.942719859E-1,-2.152843646E0
1.845233063E2,-4.619686282E-1,1.976620261E0,-2.126873384E0
1.845432973E2,-8.357543007E-1,3.854400943E0,-1.466286389E0
1.845632883E2,-8.840073515E-1,4.853039888E0,-9.381904292E-1
1.845832793E2,-6.300538588E-1,5.100302265E0,-1.331250352E0
1.846032703E2,4.017502372E-1,5.451566144E0,-1.414818173E0
1.846232613E2,1.172493038E0,6.369166773E0,-1.295578536E0
1.846432533E2,-3.158196291E-2,3.904543156E0,2.273280794E0
1.846632443E2,-1.096703402E0,8.929417509E-1,6.162703927E0
1.846832353E2,-2.721256158E0,-7.844811630E-1,7.194339294E0
1.847032263E2,-2.489643853E0,6.887330067E-1,5.113724549E0
1.847232173E2,1.107363315E0,4.100461718E0,1.678882233E0
1.847432083E2,3.958688081E0,5.513769994E0,-1.079151157E0
1.847631993E2,2.623807923E0,1.615782736E0,-1.153207459E0
1.847831903E2,5.917906297E-1,-2.135326558E0,-4.860281664E-1
1.848031813E2,-9.546595506E-1,-4.445215892E0,-1.590278935E-1
1.848231723E2,-6.513323881E-1,-5.171812543E0,-4.114469308E-1
1.848431633E2,6.257664610E-2,-5.141532737E0,-1.183217709E0
1.848631553E2,-1.506432056E-1,-5.312860833E0,-2.106733235E0
1.848831463E2,-6.790093064E-1,-5.474272052E0,-2.371257032E0
1.849031373E2,-9.106812530E-1,-5.188340283E0,-1.531990381E0
1.849231283E2,-3.931288101E-1,-4.365837016E0,-3.250899875E-1
1.849431193E2,9.025841019E-1,-3.319807557E0,8.084418833E-2
1.849631103E2,1.468935031E0,-2.201409450E0,-1.222665072E0
1.849831013E2,1.943528236E0,-1.001323401E0,-2.254872297E0
1.850030923E2,2.266983927E0,3.101293015E-1,-1.953016806E0
1.850230833E2,1.788699667E0,1.748757191E0,-1.343763247E0
1.850430740E2,5.295520258E-1,3.311841896E0,-6.286591516E-1
1.850630650E2,5.594499723E-1,5.179385857E0,5.163179129E-1
1.850830570E2,1.704183720E0,5.720361478E0,7.146699397E-1
1.851030480E2,3.137365366E0,4.489012706E0,-8.116827026E-2
1.851230390E2,-9.008220434E-2,3.870238711E0,-2.721403508E0
1.851430300E2,-5.252880095E0,2.985043352E0,-1.014586494E0
1.851630210E2,-5.969190910E0,1.775725134E0,5.673162754E0
1.851830120E2,-5.013243656E0,1.717568142E0,8.068620826E0
1.852030030E2,-4.640009449E0,3.696575822E0,3.518825728E0
1.852229940E2,-3.113380380E0,5.572580704E0,-1.487821684E0
1.852429850E2,-5.514597521E-1,4.168256675E0,-1.017933587E0
1.852629760E2,2.373531306E0,4.836875260E-1,1.763120876E0
1.852829670E2,3.467326961E0,-2.159004858E0,1.323381754E0
1.853029580E2,2.259547000E0,-3.054745086E0,-1.935256473E0
1.853229490E2,2.275683707E-1,-3.562360003E0,-3.582753922E0
1.853429410E2,-9.817776943E-1,-4.600350709E0,-2.161863707E0
1.853629320E2,-2.149373762E0,-5.713381657E0,-1.415628451E-1
1.853829230E2,-2.773423554E0,-6.233669245E0,4.454329947E-1
1.854029140E2,-1.941574389E0,-5.691326544E0,-1.407880890E-1
1.854229050E2,-2.041607970E-1,-4.615180417E0,-1.292708868E0
1.854428960E2,1.310921630E0,-3.649003460E0,-1.999958838E0
1.854628870E2,2.547455566E0,-3.020744112E0,-2.191158696E0
1.854828780E2,2.275161404E0,-2.243094835E0,-2.207939767E0
1.855028690E2,6.324705861E-1,-4.889506048E-1,-2.077454472E0
1.855228600E2,-3.345637560E-1,2.077930289E0,-1.460093749E0
1.855428510E2,-9.863879315E-1,4.094881720E0,-4.842985600E-1
1.855628420E2,-8.396711312E-1,5.039223420E0,-1.438925220E-1
1.855828330E2,-4.617340817E-1,5.196891836E0,-1.330992343E0
1.856028240E2,1.845675448E-1,4.700998832E0,-2.460093194E0
1.856228160E2,1.550179608E0,4.956910411E0,-1.822374951E0
1.856428070E2,3.770085847E-1,3.361567202E0,1.348012273E0
1.856627980E2,-1.262313872E0,1.025892817E0,5.368611696E0
1.856827890E2,-3.133916970E0,9.141478479E-2,7.228312787E0
1.857027800E2,-3.161775445E0,7.497732604E-1,6.567259914E0
1.857227710E2,1.162688427E0,4.044721380E0,4.238724394E0
1.857427620E2,5.710012491E0,5.610029781E0,1.132875813E0
1.857627530E2,5.096253068E0,2.642664317E0,-1.307098574E0
1.857827440E2,1.671686357E0,-1.405109895E0,-1.930995607E0
1.858027350E2,-1.634890267E0,-3.779612131E0,-1.618604164E0
1.858227260E2,-2.576763273E0,-4.364117934E0,-8.461657798E-1
1.858427170E2,-1.457622715E0,-4.406468732E0,4.402953386E-4
1.858627080E2,-2.472282081E-1,-4.721151845E0,-7.229965210E-2
1.858826990E2,3.922848376E-1,-5.374705664E0,-1.021479923E0
1.859026900E2,8.625154719E-1,-5.605912172E0,-2.030239521E0
1.859226810E2,9.965163323E-1,-5.400491300E0,-2.352081380E0
1.859426720E2,9.306316604E-1,-4.412314779E0,-2.048566303E0
1.859626640E2,4.755651953E-1,-3.141542324E0,-1.272007971E0
1.859826550E2,3.865868722E-1,-1.831494707E0,-1.038331014E-1
1.860026460E2,7.219416833E-1,-2.953428626E-1,6.818853325E-1
1.860226370E2,1.190925655E0,1.463248175E0,7.222992405E-2
1.860426276E2,1.276645982E0,3.310076621E0,-1.318926760E0
1.860626186E2,1.075677180E0,4.581197569E0,-1.616804245E0
1.860826096E2,1.449388228E0,5.278851673E0,-1.029668364E0
1.861026006E2,2.634240233E0,4.728906423E0,3.814004284E-1
1.861225916E2,3.987901355E0,4.348742096E0,1.869824083E-1
1.861425826E2,-3.267045499E-1,4.848259204E0,-7.500878406E-1
1.861625736E2,-5.375613152E0,3.020568110E0,1.520718558E0
1.861825646E2,-5.403528929E0,1.519615334E0,5.424354957E0
1.862025556E2,-4.628439564E0,8.335843259E-1,5.134726578E0
1.862225466E2,-5.100312206E0,1.885562741E0,9.813959442E-1
1.862425376E2,-3.932719134E0,3.633228257E0,-1.561483153E0
1.862625286E2,-1.706015798E-1,4.281456431E0,3.229089761E-1
1.862825196E2,3.375220451E0,2.496404403E0,2.427376853E0
1.863025106E2,4.028220538E0,-1.323289222E0,2.431185876E0
1.863225016E2,2.571810097E0,-2.925893503E0,-5.894409992E-1
1.863424926E2,-1.524067258E-1,-3.345617167E0,-3.181624403E0
1.863624836E2,-1.644436870E0,-4.487257372E0,-2.930670093E0
1.863824746E2,-2.256729080E0,-5.831557394E0,-1.134807733E0
1.864024666E2,-2.513279468E0,-6.290608846E0,-2.566356106E-1
1.864224576E2,-1.014511796E0,-5.533444120E0,-2.672880681E-1
1.864424486E2,7.558765110E-1,-4.052097058E0,-1.120331635E0
1.864624396E2,2.283202642E0,-2.880783404E0,-2.081269049E0
1.864824306E2,2.105227430E0,-2.375644782E0,-2.548393752E0
1.865024216E2,9.219839209E-1,-2.031088829E0,-1.912596319E0
1.865224126E2,1.098752486E-1,-1.414043856E0,-7.496020831E-1
1.865424036E2,-5.664392222E-1,3.331100285E-2,-7.515619236E-1
1.865623946E2,-4.744335032E-1,1.695604246E0,-1.784649155E0
1.865823856E2,-3.310312337E-1,3.395451232E0,-3.215474519E0
1.866023766E2,-8.396473769E-2,4.953106797E0,-3.282497644E0
1.866223676E2,5.875668204E-1,6.021659145E0,-2.274894333E0
1.866423586E2,1.260043106E0,5.958919691E0,-1.481483887E0
1.866623496E2,1.384310033E0,5.368561994E0,2.902727419E-1
1.866823406E2,-1.207089149E-1,2.675849605E0,3.101014103E0
1.867023316E2,-1.318179778E0,2.549093664E-2,5.661180639E0
1.867223226E2,-2.690917002E0,-1.152959245E0,6.171302842E0
1.867423136E2,-3.592501815E0,1.154544425E-1,4.971722578E0
1.867623046E2,-1.806153460E0,3.320285275E0,2.265646961E0
1.867822956E2,1.849018520E0,6.353499159E0,3.271467456E-1
1.868022866E2,3.078940864E0,4.120438145E0,2.943079054E-1
1.868222776E2,6.430690299E-1,-2.190209109E-1,-2.072495887E-1
1.868422686E2,-1.240404063E0,-2.848461165E0,-1.104787543E0
1.868622596E2,-1.862353534E0,-3.894482437E0,-1.434708793E0
1.868822506E2,-1.181699479E0,-4.037114738E0,-1.007517649E0
1.869022416E2,-2.843964364E-1,-4.053353625E0,-3.886676404E-1
1.869222326E2,-3.630507876E-2,-4.549600970E0,-6.054294795E-1
1.869422236E2,2.898017121E-2,-5.283980851E0,-1.297784836E0
1.869622146E2,3.094318018E-1,-5.486913732E0,-1.904536225E0
1.869822056E2,4.916169351E-1,-5.160497596E0,-2.124054880E0
1.870021966E2,6.363686324E-1,-4.241325821E0,-1.751730646E0
1.870221876E2,8.305238201E-1,-2.923355227E0,-1.374652333E0
1.870421787E2,6.362043987E-1,-1.922944576E0,-9.684803219E-1
1.870621697E2,8.490619057E-1,-1.046643416E0,-5.194574292E-1
1.870821607E2,1.194592078E0,1.053048456E-1,-6.929757464E-1
1.871021517E2,1.043923803E0,1.099085339E0,-1.349353185E0
1.871221427E2,7.098129500E-1,2.367287357E0,-2.083880562E0
1.871421347E2,1.256945982E0,4.556995359E0,-1.766610494E0
1.871621257E2,2.196420167E0,5.698725026E0,-1.395506428E0
1.871821167E2,1.719678403E0,4.579879607E0,-1.153252044E0
1.872021077E2,1.851842068E-1,4.955714656E0,-2.836918761E0
1.872220987E2,-5.052072676E0,3.606059169E0,-2.014684466E0
1.872420897E2,-7.056728582E0,1.902417340E0,4.759965663E0
1.872620807E2,-5.211816269E0,2.131708301E0,9.788042536E0
1.872820717E2,-4.983992960E0,3.782847980E0,6.924644659E0
1.873020627E2,-4.137978915E0,4.895293037E0,2.826468033E-1
1.873220537E2,-1.702273580E0,4.667668533E0,-2.734381987E0
1.873420447E2,4.051686291E-1,2.425001130E0,-1.203706791E0
1.873620357E2,1.088832319E0,-2.671534359E-1,1.266253580E0
1.873820267E2,6.236232372E-1,-1.440319489E0,8.851572065E-1
1.874020177E2,1.595690534E-1,-2.202380088E0,-2.372531140E-1
1.874220087E2,-2.373016459E-1,-3.662946146E0,-8.115467548E-1
1.874419997E2,-8.779587724E-1,-4.785171840E0,-1.619458296E0
1.874619907E2,-1.342988199E0,-5.603891374E0,-2.098905567E0
1.874819817E2,-1.574081563E0,-5.833344887E0,-2.024500040E0
1.875019727E2,-1.129467691E0,-5.518483434E0,-1.581040919E0
1.875219637E2,-2.729339933E-1,-4.778079752E0,-1.330319914E0
1.875419547E2,2.597103324E-1,-3.925939288E0,-1.314030302E0
1.875619457E2,2.477402049E-1,-2.964081668E0,-1.516369545E0
1.875819367E2,4.946942151E-1,-2.205507179E0,-1.513436581E0
1.876019277E2,-4.335333992E-2,-1.672992479E0,-2.233554372E0
1.876219187E2,-6.015257321E-1,-8.871518379E-1,-2.914256374E0
1.876419097E2,-5.078953642E-1,5.541207469E-1,-2.922401546E0
1.876619007E2,2.810125248E-2,2.493099557E0,-2.815126188E0
1.876818917E2,5.096361169E-1,4.087617724E0,-3.176776477E0
1.877018827E2,-3.538727604E-1,4.301038172E0,-3.175935647E0
1.877218737E2,-1.387977699E0,3.603057209E0,-2.060212641E0
1.877418647E2,-4.639932266E-1,3.575370058E0,-1.875816017E-1
1.877618557E2,-5.540850057E-1,3.936546137E0,2.287751775E0
1.877818467E2,-1.495570268E0,3.512167504E0,6.001791476E0
1.878018377E2,-2.367454587E0,2.543914785E0,9.133787051E0
1.878218287E2,-1.319972388E0,1.971140835E0,1.061850036E1
1.878418197E2,2.106022944E0,3.703544533E0,7.862123482E0
1.878618107E2,5.835894274E0,6.539723037E0,9.739566779E-1
1.878818017E2,4.762187897E0,4.660106329E0,-3.164818336E0
1.879017927E2,1.921036191E0,-3.265669942E-3,-2.795975680E0
1.879217837E2,1.199865828E-1,-3.328053301E0,-1.462137789E0
1.879417747E2,-1.519135570E0,-4.927804141E0,-1.761093062E0
1.879617657E2,-2.819979377E0,-5.735640253E0,-2.005761030E0
1.879817567E2,-2.842342638E0,-6.122074549E0,-1.585095086E0
1.880017477E2,-2.222629288E0,-6.209262967E0,-1.360237193E0
1.880217387E2,-9.321304480E-1,-5.682078588E0,-1.265050661E0
1.880417299E2,3.401243849E-1,-4.614970502E0,-1.312332709E0
1.880617209E2,1.456579718E0,-3.492991560E0,-1.768337469E0
1.880817109E2,2.035394134E0,-2.530863215E0,-1.685787356E0
1.881017019E2,1.976401575E0,-1.836838478E0,-8.813164629E-1
1.881216929E2,1.780873169E0,-1.084782465E0,-2.697724038E-1
1.881416839E2,1.679040985E0,7.512268782E-2,-1.011030364E0
1.881616749E2,1.162865086E0,1.990430215E0,-2.191593145E0
1.881816659E2,5.847537249E-1,4.303675851E0,-2.404840661E0
1.882016569E2,1.079386581E0,5.993535792E0,-1.033312056E0
1.882216479E2,1.817681245E0,5.786238549E0,8.638686638E-1
1.882416389E2,2.348894355E0,3.186867017E0,8.303063768E-1
1.882616299E2,1.825683452E0,2.628386586E0,-2.597390788E0
1.882816209E2,-2.084177454E0,2.928704259E0,-3.188211291E0
1.883016119E2,-3.886400123E0,3.307167631E0,2.810239670E0
1.883216029E2,-3.720510814E0,2.940824953E0,7.481487869E0
1.883415939E2,-5.123660138E0,3.187533599E0,5.957797610E0
1.883615849E2,-6.486558398E0,4.697533772E0,2.430181909E0
1.883815759E2,-4.516064849E0,4.603432776E0,2.583038505E0
1.884015669E2,-1.578049484E-1,3.063192558E0,4.189345243E0
1.884215579E2,3.400018492E0,1.232633990E-1,2.590924352E0
1.884415489E2,4.895117036E0,-2.695724291E0,-5.936812538E-1
1.884615399E2,4.423046173E0,-3.575736678E0,-4.029230937E0
1.884815309E2,1.300995250E0,-5.019756285E0,-4.790371184E0
1.885015219E2,-8.926913439E-1,-6.231823863E0,-2.647615154E0
1.885215129E2,-2.451475568E0,-6.637367445E0,-4.252305722E-1
1.885415039E2,-2.406709723E0,-5.912071799E0,6.030800682E-1
1.885614949E2,-1.256452769E0,-4.592221325E0,1.824220186E-1
1.885814859E2,-5.050269395E-2,-3.379120544E0,-1.405599892E0
1.886014769E2,1.293836358E0,-2.544608849E0,-2.452332185E0
1.886214679E2,2.567880475E0,-2.082090583E0,-2.559497030E0
1.886414589E2,2.669501283E0,-1.350199277E0,-2.410829379E0
1.886614499E2,1.054656440E0,1.232417643E-2,-2.556824268E0
1.886814409E2,-1.080892970E0,2.204275171E0,-1.704519788E0
1.887014319E2,-1.530296443E0,4.467393796E0,2.656887084E-1
1.887214229E2,3.528531522E-2,5.814355470E0,2.006745993E0
1.887414139E2,5.568511773E-1,6.909381672E0,1.836951621E0
1.887614049E2,-1.342228353E-2,6.311452416E0,-8.790546137E-1
1.887813959E2,1.163479555E0,4.497798733E0,-1.852358304E0
1.888013869E2,1.313574219E0,2.297358751E0,-1.151041943E-1
1.888213779E2,4.693759175E-1,2.018803829E-1,4.282938116E0
1.888413689E2,-1.730987064E0,-4.548771250E-1,6.918785164E0
1.888613589E2,-4.553024223E0,-4.828659922E-1,7.165096200E0
1.888813499E2,-3.630399666E0,2.184939013E0,6.508296007E0
1.889013409E2,1.306171059E0,4.351932337E0,5.086023949E0
1.889213319E2,5.561109636E0,4.505788953E0,1.176552175E0
1.889413229E2,3.219821924E0,1.023911780E-1,-2.632481683E0
1.889613139E2,8.241260161E-1,-3.352491739E0,-3.886882518E0
1.889813049E2,-3.128516190E-1,-4.484095783E0,-3.041392677E0
1.890012959E2,-1.950228963E-1,-4.620598447E0,-1.221765186E0
1.890212869E2,-6.546237858E-1,-4.862812924E0,-6.793888637E-1
1.890412780E2,-9.574255760E-1,-5.192587700E0,-9.433619991E-1
1.890612690E2,-6.830500247E-1,-5.338288620E0,-1.382101978E0
1.890812600E2,2.375170792E-1,-5.127629228E0,-1.488371907E0
1.891012510E2,1.340018106E0,-4.465064850E0,-1.528518012E0
1.891212420E2,1.530974428E0,-3.400418442E0,-1.653179188E0
1.891412330E2,1.551906144E0,-1.808290032E0,-1.261665416E0
1.891612240E2,1.927278386E0,-2.480564296E-2,-2.788449436E-1
1.891812150E2,1.719660569E0,1.199069218E0,6.541990587E-1
1.892012060E2,8.652739689E-1,1.985226193E0,8.909763555E-1
1.892211970E2,5.000264372E-1,2.979580883E0,3.658653997E-1
1.892411880E2,1.068309031E0,4.218430463E0,-6.271075930E-1
1.892611790E2,1.615298586E0,5.343318395E0,-2.075334856E0
1.892811700E2,1.623538483E0,5.092275208E0,-2.219242288E0
1.893011610E2,1.623775734E0,3.797681782E0,-8.932709491E-1
1.893211510E2,1.301904931E0,3.590093347E0,3.752612905E-1
1.893411420E2,-1.525617794E0,2.738679691E0,2.006637966E0
1.893611330E2,-2.454483960E0,7.359855258E-1,5.419259693E0
1.893811240E2,-2.007014965E0,-1.341918451E-1,5.132116381E0
1.894011150E2,-3.398077217E0,8.353659725E-1,5.275919294E-1
1.894211060E2,-4.423597858E0,3.129218733E0,-2.376868020E0
1.894410970E2,-2.711866699E0,3.914310345E0,1.048930116E0
1.894610880E2,2.121150568E-1,2.192420526E0,5.258375893E0
1.894810790E2,1.478863457E0,-3.118162233E-1,4.833814827E0
1.895010700E2,1.867571736E0,-2.638702244E0,6.548383056E-1
1.895210610E2,2.505734513E0,-3.420335813E0,-3.457994805E0
1.895410520E2,2.407704773E0,-3.816122730E0,-4.624687990E0
1.895610430E2,1.581901337E0,-4.478837966E0,-3.331135368E0
1.895810340E2,-3.724881754E-1,-5.422004376E0,-1.180934956E0
1.896010250E2,-2.164955861E0,-5.693698760E0,4.987433754E-1
1.896210160E2,-2.891097307E0,-5.300005730E0,1.269629031E0
1.896410070E2,-2.184348444E0,-4.346658148E0,6.826055633E-1
1.896609970E2,-7.794054144E-1,-2.831995990E0,-1.322746015E0
1.896809880E2,2.935145114E-1,-1.628420323E0,-2.670461980E0
1.897009790E2,1.606464175E0,-9.939097166E-1,-2.282371168E0
1.897209700E2,2.333727847E0,-9.725738114E-1,-1.286888550E0
1.897409610E2,1.932332719E0,-3.146585548E-1,-1.106632340E0
1.897609520E2,1.013580700E0,1.787443539E0,-1.718421982E0
1.897809430E2,2.286354145E-1,4.455544998E0,-2.478068705E0
1.898009340E2,7.866595432E-2,6.244530448E0,-1.821649312E0
1.898209250E2,6.326584279E-1,6.136948696E0,-3.734417832E-1
1.898409160E2,5.875268035E-1,4.446124549E0,-3.781289113E-1
1.898609070E2,8.789125995E-1,3.079275325E0,-1.874095767E0
1.898808980E2,5.298170874E-1,2.747741121E0,-2.896325887E0
1.899008890E2,-2.206562674E-1,1.739029178E0,1.514958027E-1
1.899208800E2,-7.822744238E-1,6.502612513E-1,5.209565091E0
1.899408710E2,-1.742391473E0,2.348692042E-1,7.872918026E0
1.899608610E2,-1.773239483E0,2.462163109E-1,7.219150200E0
1.899808520E2,3.111332685E-1,1.320637509E0,4.478491519E0
1.900008430E2,2.599158401E0,1.966836700E0,8.775980723E-1
1.900208340E2,2.597807987E0,2.101395750E-1,-1.207278124E0
1.900408244E2,1.680975682E0,-1.706112278E0,-1.439385981E0
1.900608154E2,1.214447468E0,-2.571121294E0,-1.106919438E0
1.900808064E2,6.821027027E-1,-2.885458837E0,-1.275507822E0
1.901007974E2,1.672738563E-2,-3.097164881E0,-1.585748220E0
1.901207884E2,-1.638506405E-1,-3.545097853E0,-1.693730214E0
1.901407794E2,-1.375597682E-1,-3.783385339E0,-1.715583305E0
1.901607704E2,4.274987072E-2,-4.100471658E0,-1.457078778E0
1.901807614E2,2.512550759E-1,-4.391376484E0,-6.718599889E-1
1.902007524E2,4.561012396E-1,-4.464043926E0,-3.020423099E-1
1.902207424E2,5.206723344E-1,-3.336566847E0,-1.274184889E0
1.902407334E2,1.126901055E0,-1.563361278E0,-2.357871878E0
1.902607244E2,1.884910484E0,1.565936977E-1,-2.408264937E0
1.902807154E2,2.759815329E0,1.665820869E0,-1.488569543E0
1.903007064E2,2.149493777E0,2.841500639E0,-8.052621675E-1
1.903206974E2,3.404316927E-1,3.934718882E0,-8.811745217E-1
1.903406884E2,-3.513209624E-1,5.272888098E0,-2.793039501E-1
1.903606794E2,-1.903895078E-1,5.524290889E0,4.856048280E-1
1.903806704E2,1.442521989E0,5.361975691E0,5.931149510E-1
1.904006614E2,1.759652600E0,5.110260074E0,-1.881493664E-1
1.904206524E2,-1.774036020E0,3.551534468E0,1.037582570E0
1.904406424E2,-2.846290094E0,1.666733034E0,4.983753809E0
1.904606334E2,-2.303919911E0,8.246375012E-1,6.045103557E0
1.904806244E2,-3.058959174E0,8.913548166E-1,2.986465394E0
1.905006154E2,-3.536404505E0,2.247620580E0,-2.836191952E-1
1.905206064E2,-2.692315949E0,2.189895698E0,2.523094019E-1
1.905405974E2,-1.334196325E0,8.078530687E-1,3.078451745E0
1.905605884E2,-9.008043556E-1,-5.848595595E-1,3.447737035E0
1.905805794E2,-2.735402034E-1,-1.411659946E0,1.288105648E0
1.906005704E2,9.871034114E-1,-1.985880497E0,-1.505332048E0
1.906205614E2,2.125235579E0,-2.814974161E0,-2.964899694E0
1.906405524E2,2.184670480E0,-3.849248376E0,-3.433762189E0
1.906605424E2,9.787917405E-1,-4.703145345E0,-2.906819008E0
1.906805334E2,-5.202488498E-1,-5.119896870E0,-1.616283258E0
1.907005244E2,-1.879632934E0,-4.806468569E0,-5.448108101E-1
1.907205154E2,-1.272859033E0,-4.198906025E0,9.814405292E-2
1.907405064E2,2.997642347E-1,-3.375445569E0,-6.995290133E-1
1.907604974E2,9.920786610E-1,-2.553984860E0,-2.535179922E0
1.907804884E2,1.493102743E0,-1.468125338E0,-3.422148449E0
1.908004794E2,1.681842532E0,-4.190056264E-2,-2.839684202E0
1.908204704E2,1.086642464E0,2.099122937E0,-1.781397810E0
1.908404614E2,8.931478652E-1,4.875238842E0,-5.792082256E-1
1.908604514E2,2.461371396E0,6.302598562E0,6.777642149E-1
1.908804424E2,2.833188238E0,5.546099249E0,-7.183070540E-2
1.909004334E2,5.472558964E-1,4.075922708E0,-2.408924210E0
1.909204244E2,-1.967400079E0,3.289814265E0,-2.578016916E0
1.909404154E2,-1.537488811E0,2.221999251E0,1.670983668E0
1.909604064E2,-1.328857964E-1,1.986690921E-1,6.292688116E0
1.909803974E2,1.643803251E-1,-9.510092801E-1,8.201723920E0
1.910003884E2,-2.023160589E0,-6.003184283E-1,5.925578867E0
1.910203794E2,-3.044633496E0,1.584952122E0,2.096919122E0
1.910403693E2,-2.137250584E0,3.123549857E0,1.786199251E0
1.910603603E2,6.575960717E-1,3.151202509E0,3.928825181E0
1.910803513E2,1.635344888E0,1.665619724E0,4.067448046E0
1.911003423E2,4.694482403E-1,-4.890172631E-1,1.723101363E0
1.911203333E2,4.629069236E-1,-1.989325676E0,-1.048124515E0
1.911403243E2,1.475583462E0,-2.784574487E0,-2.525516813E0
1.911603153E2,1.904217698E0,-3.441012737E0,-2.826698413E0
1.911803063E2,1.583918480E0,-4.071750720E0,-2.294915199E0
1.912002963E2,9.224943828E-1,-4.359979860E0,-1.894613939E0
1.912202873E2,2.223610963E-1,-4.755771455E0,-1.589862029E0
1.912402783E2,-2.932359281E-1,-4.901723805E0,-1.429669078E0
1.912602693E2,-2.903851546E-2,-4.759022507E0,-1.203114322E0
1.912802603E2,7.986181956E-1,-4.084508175E0,-1.423654924E0
1.913002513E2,1.275057586E0,-2.991203393E0,-2.221507207E0
1.913202423E2,1.200749708E0,-1.907165279E0,-2.592820604E0
1.913402333E2,1.110078835E0,-7.301885962E-1,-1.845665142E0
1.913602243E2,8.708449037E-1,2.720077944E-1,-2.547818971E-1
1.913802143E2,4.727253854E-1,1.611024272E0,4.005658472E-1
1.914002053E2,1.852243333E-1,3.075141928E0,-9.382676125E-2
1.914201963E2,-5.362758852E-1,4.268244647E0,-1.045654652E-1
1.914401873E2,1.172623358E0,5.178196533E0,2.851400560E-1
1.914601783E2,3.399825534E0,5.376943978E0,-1.066645863E0
1.914801693E2,5.222372832E0,4.890467915E0,-2.804892392E0
1.915001603E2,9.934377001E-1,4.723524646E0,-3.460971622E0
1.915201513E2,-4.505787491E0,3.057856974E0,2.026825039E0
1.915401413E2,-4.405000789E0,1.260429899E0,8.414416974E0
1.915601323E2,-1.971114815E0,4.508255893E-1,8.170129074E0
1.915801233E2,-2.594483552E0,1.979817519E0,2.336145671E0
1.916001143E2,-2.850456235E0,2.965310168E0,-1.783548416E0
1.916201053E2,-1.849282815E0,2.081898794E0,-6.051382881E-1
1.916400963E2,-4.704805662E-1,1.348753846E-1,3.783274242E0
1.916600873E2,3.321313508E-2,-1.786788066E0,6.135226691E0
1.916800773E2,3.989925807E-1,-3.490907028E0,4.603784779E0
1.917000683E2,1.403315092E0,-3.484021347E0,6.900796205E-2
1.917200593E2,1.225498340E0,-3.509410542E0,-4.598929543E0
1.917400503E2,-2.693359823E-1,-4.117580026E0,-6.445331435E0
1.917600413E2,-6.389245234E-1,-4.230228975E0,-3.567136593E0
1.917800323E2,-9.607683561E-1,-4.311597658E0,4.378475480E-1
1.918000233E2,-1.223578480E0,-4.063823065E0,9.613608983E-1
1.918200133E2,-5.845815244E-1,-3.361449088E0,-1.240630788E0
1.918400043E2,7.780290529E-1,-2.950150677E0,-2.493401273E0
1.918599953E2,2.013769522E0,-3.001061214E0,-2.196674960E0
1.918799863E2,2.142072637E0,-2.634495757E0,-1.209646246E0
1.918999773E2,1.398948391E0,-9.629919791E-1,-1.548833286E0
1.919199683E2,5.527803092E-1,1.349849029E0,-2.421286978E0
1.919399593E2,-2.091020962E-1,3.951494544E0,-2.527625027E0
1.919599493E2,8.639253817E-1,5.341206965E0,-8.443065114E-1
1.919799403E2,1.883977415E0,5.583906761E0,-4.152694018E-1
1.919999313E2,4.425846332E-1,4.191056723E0,-2.086690003E0
1.920199223E2,3.523287300E-2,3.254661974E0,-3.318252198E0
1.920399138E2,7.334748776E-1,3.495909321E0,-2.423398408E0
1.920599048E2,9.446985264E-1,2.233817643E0,2.690961733E0
1.920798958E2,2.004364861E0,3.843404084E-1,6.971491381E0
1.920998858E2,1.163965386E0,7.654356122E-2,5.843780413E0
1.921198768E2,-6.515584561E-1,2.115411526E-1,2.068990335E0
1.921398678E2,-5.817728875E-1,5.973550594E-1,5.880648570E-1
1.921598588E2,1.770913460E0,1.312257864E0,8.108956674E-1
1.921798498E2,3.430088384E0,1.325838023E0,-6.048096746E-2
1.921998408E2,3.899811881E0,2.692227656E-1,-6.442894900E-1
1.922198318E2,2.889058675E0,-1.733698272E0,-2.321423551E-1
1.922398218E2,2.112753382E0,-2.526018797E0,-1.978199594E0
1.922598128E2,3.412795389E-1,-2.815523799E0,-5.336490601E0
1.922798038E2,-1.321579788E0,-4.173068349E0,-6.929071001E0
1.922997948E2,-1.449476667E0,-6.247090943E0,-4.476543227E0
1.923197858E2,2.000429100E0,-5.730929151E0,-1.597827691E-1
1.923397768E2,2.811001270E0,-3.824072020E0,8.548945034E-1
1.923597668E2,6.899042040E-1,-2.943497130E0,-1.483025798E0
1.923797578E2,-3.057253614E-1,-2.231297493E0,-2.746398600E0
1.923997488E2,-1.966798510E-1,-1.768098026E0,-1.350015090E0
1.924197398E2,1.804177832E0,-1.039406902E0,3.111499330E0
1.924397308E2,1.478061219E0,2.284857988E-2,3.518379001E0
1.924597218E2,-7.810923361E-1,1.002276497E0,1.386566620E0
1.924797118E2,-2.222968134E0,1.776924983E0,-5.915306479E-1
1.924997028E2,-1.796896002E0,2.590901840E0,-2.005945802E-2
1.925196938E2,1.862944542E0,2.955720150E0,3.261865743E0
1.925396848E2,2.734947998E0,2.898687578E0,3.734595003E0
1.925596758E2,1.179953647E0,2.618213015E0,2.646834551E0
1.925796668E2,-1.630364376E0,1.690416597E0,2.239592353E0
1.925996568E2,-2.242713012E0,4.192588109E-1,4.174791523E0
1.926196478E2,-7.586054065E-1,-2.795202971E-2,5.073304501E0
1.926396388E2,5.651616056E-1,9.703980625E-2,3.454730304E0
1.926596298E2,4.961781288E-1,6.733179921E-1,1.491379130E-1
1.926796208E2,-3.016933773E-1,1.336491065E0,-1.878437909E0
1.926996118E2,-3.877161157E-1,1.006267807E0,-5.288309544E-1
1.927196018E2,1.078393139E0,-2.489820439E-1,3.434721133E0
1.927395928E2,3.101223580E-1,-1.591356577E0,5.569433148E0
1.927595838E2,-1.744675542E0,-2.485667746E0,3.634125220E0
1.927795748E2,-2.498975424E0,-2.775735251E0,9.588498116E-1
1.927995658E2,-1.885785228E0,-2.391998275E0,-1.220560074E0
1.928195568E2,-1.047734214E0,-1.637044381E0,-3.104136516E0
1.928395468E2,2.599588756E-1,-1.155199313E0,-3.946082361E0
1.928595378E2,1.247072520E0,-8.511616409E-1,-3.532048622E0
1.928795288E2,1.417768678E0,-1.107918727E0,-2.396932740E0
1.928995198E2,6.743829162E-1,-1.484854807E0,-2.589167556E0
1.929195108E2,2.985745456E-1,-1.761542128E0,-2.422792636E0
1.929395018E2,3.059592135E-3,-1.539432133E0,-2.620914429E0
1.929594918E2,4.026750840E-2,-1.236572675E0,-2.800278354E0
1.929794828E2,5.160013228E-1,-8.879739565E-1,-2.073962368E0
1.929994738E2,2.777820660E-1,-2.882706553E-1,-1.354023941E0
1.930194648E2,-1.932622631E-1,5.180223763E-1,-1.125584335E0
1.930394558E2,2.004883253E-2,1.617885395E0,-4.628591591E-1
1.930594458E2,1.853674256E-1,2.605175478E0,5.148789132E-1
1.930794368E2,5.575389926E-1,3.131395066E0,2.259130239E0
1.930994278E2,1.036799994E0,3.599260027E0,2.806782796E0
1.931194188E2,1.478636878E0,3.729566397E0,2.890416107E0
1.931394098E2,1.736369280E0,2.908087562E0,3.112669358E0
1.931593998E2,1.815800927E0,1.432526320E0,3.374983054E0
1.931793908E2,1.857730726E0,2.460403097E-1,3.570740817E0
1.931993818E2,1.854205147E0,-6.472692311E-1,3.083066075E0
1.932193728E2,2.253544394E0,-9.613307852E-1,2.520232977E0
1.932393638E2,2.105503419E0,-1.111370924E0,1.738732724E0
1.932593548E2,1.746650731E0,-1.346031967E0,8.462575811E-1
1.932793448E2,5.900974222E-1,-1.710871326E0,-6.061387467E-1
1.932993358E2,-1.078200692E0,-2.159749793E0,-2.050770557E0
1.933193268E2,-1.704551363E0,-2.201536335E0,-2.779934136E0
1.933393178E2,-6.037237370E-1,-1.912282763E0,-2.269790298E0
1.933593088E2,9.358305661E-1,-1.693011006E0,-1.555047707E0
1.933792988E2,1.338512594E0,-1.666992066E0,-1.832408627E0
1.933992898E2,8.383734148E-1,-1.833753487E0,-2.881901976E0
1.934192808E2,-1.699115170E-1,-1.775242739E0,-3.925248731E0
1.934392718E2,-5.064562914E-1,-1.458475678E0,-3.966795537E0
1.934592628E2,6.931808375E-1,-8.478725821E-1,-2.428657393E0
1.934792528E2,1.831499385E0,-3.138212335E-1,-8.380989611E-1
1.934992438E2,1.623307664E0,3.934860384E-1,-8.773741239E-1
1.935192348E2,2.167690750E-2,1.072219722E0,-1.805348883E0
1.935392258E2,-1.338823519E0,1.399453298E0,-1.125217715E0
1.935592168E2,-9.567709071E-1,1.744274715E0,5.828785229E-1
1.935792068E2,6.396573257E-1,2.285205898E0,2.181879750E0
1.935991978E2,1.236897780E0,2.671011618E0,2.288018408E0
1.936191888E2,-2.635675213E-1,2.323057848E0,1.829631785E0
1.936391798E2,-2.789207820E0,1.356801953E0,1.571883595E0
1.936591708E2,-2.648971708E0,9.881005079E-1,3.039424211E0
1.936791608E2,-2.326775946E-1,3.877195144E-1,5.623917503E0
1.936991518E2,6.967349944E-1,2.379460090E-1,5.305833650E0
1.937191428E2,-1.594515828E0,1.590033352E-1,1.803699383E0
1.937391338E2,-3.521417214E0,-1.783985496E-2,-1.905782998E-1
1.937591248E2,-3.189263206E0,-4.845078903E-1,1.023468561E0
1.937791148E2,-1.506913135E0,-8.343462181E-1,2.914268653E0
1.937991058E2,-6.786999886E-1,-1.246990074E0,3.128334049E0
1.938190968E2,-8.944934557E-1,-1.690607216E0,1.569227790E0
1.938390878E2,-1.558926019E0,-2.206540382E0,-2.650870299E-1
1.938590778E2,-1.824419430E0,-2.279624730E0,-1.716236147E0
1.938790688E2,-1.030753900E0,-1.877173156E0,-2.386235844E0
1.938990598E2,1.278991081E-1,-1.573783355E0,-2.311085674E0
1.939190508E2,6.010123831E-1,-1.456787587E0,-2.135598453E0
1.939390418E2,6.981761869E-2,-1.528245825E0,-2.730103580E0
1.939590318E2,-5.802831997E-1,-1.499863440E0,-3.304531707E0
1.939790228E2,-7.045962835E-1,-1.199924081E0,-3.498646987E0
1.939990138E2,1.133257819E-1,-6.111036175E-1,-2.666257832E0
1.940190048E2,1.209841251E0,9.059792876E-2,-1.530985830E0
1.940389954E2,9.362014257E-1,2.019470412E-1,-9.177520716E-1
1.940589864E2,-9.687769950E-1,-4.170643508E-2,-1.346351810E0
1.940789774E2,-2.114445566E0,-4.394065619E-2,-1.642128536E0
1.940989684E2,-1.687712405E0,8.247901136E-1,-1.388899074E0
1.941189594E2,1.336041999E-1,1.976729019E0,2.055962884E-1
1.941389494E2,1.178136917E0,1.949664597E0,2.034874316E0
1.941589404E2,1.048094548E0,1.749945930E0,2.974785581E0
1.941789314E2,-3.198279320E-1,1.867126470E0,1.726786278E0
1.941989224E2,-6.107997816E-1,1.142959337E0,8.190703672E-1
1.942189134E2,1.839662391E0,-4.009377301E-1,3.550649784E0
1.942389034E2,2.374755128E0,-1.814391602E0,4.820097259E0
1.942588944E2,8.512154353E-1,-2.413501410E0,3.826461192E0
1.942788854E2,4.221711628E-1,-2.418115448E0,1.843420104E0
1.942988764E2,1.220914489E0,-1.964686386E0,-1.420440710E-1
1.943188664E2,2.042147814E0,-9.765379313E-1,-6.093652403E-1
1.943388574E2,2.788595032E0,-7.906917831E-1,1.587574013E0
1.943588484E2,1.476843536E0,-1.795120056E0,2.461115288E0
1.943788394E2,-8.386245527E-1,-2.039700316E0,1.252107557E0
1.943988294E2,-2.054502835E0,-1.868682122E0,-6.386071658E-1
1.944188204E2,-2.527061940E0,-1.207333965E0,-2.195391496E0
1.944388114E2,-8.224800979E-1,-2.038409543E-1,-1.275364857E0
1.944588024E2,-6.371812492E-1,-5.896829277E-2,-3.854969877E-1
1.944787934E2,-4.787937719E-1,1.023119482E-1,-9.486049050E-1
1.944987834E2,-9.503849436E-1,2.186083898E-1,-1.372616917E0
1.945187744E2,-1.491626175E0,-2.804295391E-2,-1.593583782E0
1.945387654E2,-8.257505187E-1,1.309147730E-1,-7.688410306E-1
1.945587564E2,-2.379501752E-1,1.653832322E-1,4.041232932E-1
1.945787464E2,-7.924752570E-1,-2.725603563E-1,-6.242545903E-2
1.945987374E2,-1.081515406E0,-3.151348105E-1,-4.251147974E-1
1.946187284E2,-2.795846164E-1,-1.204467952E-1,7.900523901E-2
1.946387194E2,1.860030728E-1,4.109230202E-1,7.641819692E-1
1.946587094E2,-6.577541658E-1,8.479597056E-1,-1.373534346E-1
1.946787004E2,-1.601974975E0,8.065739903E-1,-2.632626987E-1
1.946986914E2,-1.081417392E0,3.490954390E-1,1.858528724E0
1.947186824E2,-6.273923524E-1,-1.286358207E-1,3.087638013E0
1.947386724E2,3.593119500E-1,1.328136563E-2,2.553030594E0
1.947586634E2,1.168177208E0,7.500828704E-1,1.671031907E0
1.947786544E2,1.101176376E0,5.310034874E-1,2.425173038E0
1.947986454E2,1.893521569E-1,-6.957438183E-1,2.991665908E0
1.948186354E2,-9.230294030E-2,-1.777098645E0,4.238731411E0
1.948386264E2,-1.101792526E0,-2.708607461E0,4.071099924E0
1.948586174E2,-1.551336479E0,-3.187944074E0,2.256588455E0
1.948786084E2,-8.714009008E-1,-2.366213808E0,1.677490157E-1
1.948985994E2,1.635125252E-1,-1.079055994E0,-1.232376713E0
1.949185894E2,8.816158403E-1,-5.959350631E-1,-4.401912582E-1
1.949385804E2,7.872023841E-1,-1.342385058E0,9.428068060E-1
1.949585714E2,3.622613221E-2,-1.924486194E0,1.492502380E0
1.949785624E2,-1.522363526E0,-2.224287851E0,3.018999302E-1
1.949985524E2,-2.488549546E0,-2.056632975E0,-1.216063566E0
1.950185434E2,-2.515023108E0,-1.310505746E0,-1.940368109E0
1.950385344E2,-2.029142291E0,-8.104824154E-1,-9.742174637E-1
1.950585237E2,-1.403083688E0,-1.015445012E0,9.309621012E-1
1.950785147E2,-1.277873313E0,-9.770438616E-1,1.603270864E0
1.950985057E2,-1.368405460E0,-6.361674151E-1,5.608450449E-1
1.951184967E2,-1.591784740E0,-5.330027966E-1,-7.139894700E-1
1.951384867E2,-1.859643204E0,-3.530743231E-1,-2.076961405E0
1.951584777E2,-1.433970874E0,-1.410384960E-1,-2.176457627E0
1.951784687E2,-1.048551143E0,-3.257640253E-1,-2.256484959E0
1.951984597E2,-5.694970968E-1,-9.343543634E-2,-1.561920524E0
1.952184497E2,-9.284821509E-1,-4.569588800E-1,-6.122391468E-1
1.952384407E2,-1.097369035E0,-8.947378694E-1,-6.875185400E-1
1.952584317E2,-1.052459860E0,-3.060118385E-1,-1.171617710E0
1.952784227E2,-1.455578675E0,1.415548052E-1,-2.047771520E0
1.952984127E2,-1.023274653E0,3.824356779E-1,-2.191528240E0
1.953184037E2,-1.463636284E-1,1.152873145E0,-3.717355657E-1
1.953383947E2,-2.346326843E-1,8.936002935E-1,7.116915143E-1
1.953583857E2,-1.279509948E0,-3.064021401E-1,-6.098622537E-1
1.953783757E2,-6.497839724E-1,-3.565912771E-1,-6.196306121E-1
1.953983667E2,-3.001632341E-1,-3.679547560E-1,4.961128592E-1
1.954183577E2,5.838825629E-1,1.502846982E-1,8.112719357E-1
1.954383487E2,2.299538593E0,3.799878873E-1,1.138808398E0
1.954583387E2,4.608590459E-1,1.681993682E0,5.351745987E-1
1.954783297E2,1.936641678E-1,8.648094808E-1,4.685689652E-1
1.954983207E2,-2.252168398E-1,-5.368299454E-1,6.176332033E-1
1.955183117E2,4.972950566E-1,-4.937032217E-1,1.123676389E0
1.955383017E2,3.232213270E-1,7.857809991E-2,1.620777428E0
1.955582927E2,1.048338158E0,3.110177860E-1,2.123104708E0
1.955782837E2,3.001061214E0,2.836919931E-1,2.870731455E0
1.955982737E2,3.505784683E0,3.816857725E-2,3.900424962E0
1.956182647E2,1.841502363E-1,-3.103517589E0,3.185199975E0
1.956382557E2,-8.711635769E-1,-3.763127661E0,-1.363447899E-1
1.956582467E2,2.688731021E-1,-2.348264318E0,-9.307475084E-1
1.956782367E2,7.250898242E-1,-1.551013128E0,-5.381455690E-1
1.956982277E2,1.052347155E0,-9.257127634E-1,-1.969155121E-1
1.957182187E2,2.490440536E0,-2.456681344E-1,9.367046517E-1
1.957382087E2,8.067816395E-1,-1.863668281E0,1.854905205E0
1.957581997E2,2.464251844E-1,-1.777000704E0,1.145584152E0
1.957781907E2,4.127282019E-1,-9.955460599E-1,5.654087967E-1
1.957981817E2,2.168721322E-1,-1.238512196E0,-5.012490535E-1
1.958181717E2,9.332262893E-1,-7.555567414E-1,-1.107400079E0
1.958381627E2,5.779762904E-1,-6.901939335E-1,-9.128795868E-1
1.958581537E2,-3.724905143E-1,-1.312692897E0,-1.461622649E0
1.958781447E2,-4.366114466E-1,-1.603510892E0,-3.057213780E0
1.958981347E2,-7.706543984E-1,-1.016698947E0,-2.729290817E0
1.959181257E2,-4.768499382E-1,-1.192163364E0,-3.047194576E0
1.959381167E2,2.601554883E0,-1.660831439E-1,-2.317588947E0
1.959581067E2,1.816586793E0,5.171531877E-1,-3.242199218E-1
1.959780977E2,1.071809613E-1,7.056288287E-2,6.414746404E-2
1.959980887E2,-8.833992411E-1,-4.812080142E-1,-2.903926098E-1
1.960180787E2,-1.049704141E0,-1.214569894E0,-1.158169699E-1
1.960380697E2,-1.871118364E0,-1.849415546E0,5.665022260E-1
1.960580609E2,6.879947957E-1,-1.790577939E0,-7.648573226E-1
1.960780519E2,1.426628233E0,-1.544852209E0,-1.782931827E0
1.960980419E2,9.213080558E-1,-7.475475177E-1,-1.913198436E0
1.961180329E2,1.530200549E0,6.128808787E-1,-3.298971004E0
1.961380239E2,1.569301318E-1,1.257433786E0,-2.462605158E0
1.961580139E2,4.215327200E-2,1.437875060E0,7.347617036E-1
1.961780049E2,-3.573879603E-1,8.208362263E-1,1.415704465E-1
1.961979959E2,-1.297922977E0,3.358441865E-1,-3.680740392E-1
1.962179869E2,-7.221886551E-1,4.640651473E-1,1.591968781E0
1.962379769E2,-1.327871246E0,-1.197364755E0,3.519231525E0
1.962579679E2,-1.350918046E0,-7.372216272E-1,1.633686910E0
1.962779589E2,-6.625319257E-1,7.583932257E-1,3.221172631E-2
1.962979489E2,-4.095225390E-1,5.923016033E-1,-1.138751096E0
1.963179399E2,-2.976620145E-2,-1.945824730E-1,4.380014759E-1
1.963379309E2,7.253462246E-1,-8.868319952E-1,1.835507652E0
1.963579209E2,1.225161541E0,-6.393561941E-1,2.057842764E0
1.963779119E2,1.000846999E0,-7.293375340E-1,2.438973636E0
1.963979029E2,8.950428747E-1,-6.454925546E-1,2.386339340E0
1.964178939E2,3.016283453E-1,-9.021774280E-1,1.525211704E0
1.964378839E2,-4.018560353E-1,-1.434070569E0,-2.887700075E-1
1.964578749E2,-2.901359171E-1,-1.201232688E0,-1.329670288E0
1.964778659E2,7.939349413E-2,-5.462480557E-1,-1.871960948E0
1.964978559E2,8.641395360E-2,-3.507893774E-1,-1.451294712E0
1.965178469E2,-6.311638065E-1,-8.013097420E-1,-2.496568125E-1
1.965378379E2,-1.186242035E0,-1.033998812E0,3.148550212E-1
1.965578279E2,-1.456434123E0,-1.131767474E0,2.592386448E-1
1.965778189E2,-1.301536848E0,-1.198543553E0,-3.685055637E-1
1.965978099E2,-6.484797509E-1,-9.887913564E-1,-7.822375864E-1
1.966178009E2,3.204665941E-1,-7.857959095E-1,-7.138473827E-1
1.966377909E2,6.939259189E-1,-7.171808803E-1,-1.627724504E-1
1.966577819E2,3.132411897E-1,-4.880948648E-1,3.249174947E-1
1.966777729E2,-6.718586732E-1,-3.916418266E-1,2.396352696E-1
1.966977629E2,-1.382347269E0,-4.838693744E-1,3.918219209E-3
1.967177539E2,-1.139647766E0,-1.347935236E-1,-4.355158246E-1
1.967377449E2,-7.951456073E-1,-2.779523662E-1,-5.749222165E-1
1.967577349E2,-2.100050890E-1,-3.043063518E-1,-2.632580209E-1
1.967777259E2,3.625054434E-2,-1.330501762E-1,3.026583141E-1
1.967977169E2,-4.610658181E-1,-3.400936505E-1,5.259044230E-1
1.968177069E2,-1.005349940E0,-4.468705326E-1,4.155265331E-1
1.968376979E2,-1.175711492E0,-6.188736901E-1,-1.648330092E-3
1.968576889E2,-8.543764400E-1,-4.948413822E-1,-6.698541015E-1
1.968776789E2,-4.840980005E-1,-3.325960582E-1,-1.146179398E0
1.968976699E2,-1.501512355E-1,-2.799649778E-1,-1.163464937E0
1.969176609E2,-9.084161147E-2,-2.491682777E-1,-6.736378348E-1
1.969376509E2,-2.690486647E-1,-1.125714728E-1,-3.541564965E-1
1.969576419E2,-4.423991668E-1,4.072147161E-2,-3.678483367E-2
1.969776329E2,-7.603456110E-1,8.020625710E-3,1.630513626E-1
1.969976229E2,-6.853886917E-1,-7.775773555E-2,4.325887084E-2
1.970176139E2,1.160010110E-1,2.053895894E-1,3.373972070E-1
1.970376049E2,4.390102668E-1,2.535583672E-1,1.030309803E0
1.970575961E2,-2.695230201E-1,-3.782212973E-1,1.287812410E0
1.970775861E2,-7.596414600E-1,-7.222878385E-1,9.440101629E-1
1.970975771E2,-7.714528356E-1,-5.502633387E-1,5.161571145E-2
1.971175681E2,-5.659606276E-1,-3.675387266E-1,-5.890923589E-1
1.971375581E2,-3.436401330E-1,-1.492954955E-1,-6.877664620E-1
1.971575491E2,-2.694041754E-1,1.900900573E-2,-9.425887048E-2
1.971775401E2,-1.727602257E-1,-9.369461417E-2,7.455001152E-1
1.971975301E2,-2.624704009E-1,-4.254708928E-1,6.781191409E-1
1.972175211E2,-1.146587826E-1,-3.437212631E-1,-2.236302710E-1
1.972375121E2,1.616673267E-1,1.859902820E-1,-8.556084484E-1
1.972575021E2,1.066311403E-1,3.857767770E-1,-8.403249961E-1
1.972774931E2,-4.951648794E-2,4.789129820E-1,-9.425717479E-1
1.972974841E2,2.152657559E-1,6.081101355E-1,-1.087745833E0
1.973174741E2,2.584707592E-1,7.101115966E-1,-8.337135494E-1
1.973374651E2,-1.245358262E-1,6.677970511E-1,-2.171901476E-1
1.973574561E2,-3.291145530E-1,3.698153400E-1,4.839073813E-1
1.973774461E2,-1.640146183E-1,-5.700450540E-3,4.620025420E-1
1.973974371E2,8.543812640E-2,-8.514130712E-2,2.442674339E-1
1.974174281E2,2.329026394E-2,1.398984352E-1,1.093265605E-1
1.974374181E2,-2.161247849E-2,1.712874582E-1,-6.104727030E-2
1.974574091E2,4.004910028E-1,2.604864407E-1,-4.492719841E-1
1.974773991E2,7.002281941E-1,6.050605202E-1,-5.553375524E-1
1.974973901E2,1.811349003E-1,5.627310643E-1,4.502648413E-2
1.975173811E2,-6.823379800E-1,2.882972601E-1,6.500630307E-1
1.975373711E2,-1.815715046E-1,3.074284726E-1,6.736501139E-1
1.975573621E2,6.220209539E-1,2.221939024E-1,4.459554434E-2
1.975773531E2,1.268211958E0,2.483216009E-1,-1.752153254E-1
1.975973431E2,1.207880533E0,-6.203983516E-2,-1.118472952E-1
1.976173341E2,1.012037255E0,-7.288174242E-2,-2.773427939E-1
1.976373251E2,1.138324395E0,4.760080853E-1,-9.073761874E-1
1.976573151E2,1.383066184E0,7.148972502E-1,-1.128917248E0
1.976773061E2,1.546056151E0,3.727442104E-1,-5.686276889E-1
1.976972971E2,1.647044874E0,4.253849387E-2,-4.728526354E-2
1.977172871E2,1.759199587E0,1.334015939E-1,3.124541545E-1
1.977372781E2,1.485520805E0,1.611972106E-1,1.192182952E0
1.977572691E2,1.578605846E0,2.643116891E-1,1.345201077E0
1.977772591E2,1.747783483E0,1.692143279E-1,9.972098851E-1
1.977972501E2,1.527151372E0,1.157128894E-1,-5.451359153E-2
1.978172411E2,1.372270616E0,2.598739448E-1,-9.547514981E-1
1.978372311E2,1.616356348E0,3.680670226E-1,-1.064650501E0
1.978572221E2,1.481757975E0,8.971909225E-2,-7.295968580E-1
1.978772131E2,1.383685551E0,-5.123622715E-2,-6.844253629E-1
1.978972031E2,1.371154236E0,-1.236919999E-2,-6.425107670E-1
1.979171941E2,1.157695709E0,1.984878284E-1,-5.037148243E-1
1.979371841E2,8.103546537E-1,2.858475691E-1,-1.537794328E-1
1.979571751E2,4.920180907E-1,2.060897934E-1,-3.338409305E-2
1.979771661E2,4.694917655E-1,2.237700194E-2,4.864883423E-3
1.979971561E2,5.980665924E-1,1.121946198E-1,-2.192717564E-1
1.980171471E2,4.618109361E-1,4.746547472E-1,-5.197338563E-1
1.980371381E2,5.023472702E-1,6.771321309E-1,-4.038695240E-1
1.980571282E2,8.772644886E-1,7.503018486E-1,-4.148236978E-1
1.980771192E2,1.034175982E0,4.794377697E-1,-5.910160929E-1
1.980971102E2,9.561488365E-1,5.155563131E-1,-9.195693862E-1
1.981171002E2,8.372846632E-1,7.350034860E-1,-7.841601509E-1
1.981370912E2,8.525881422E-1,8.038696530E-1,-4.145874703E-1
1.981570812E2,1.079331178E0,7.173726690E-1,-1.203532398E-1
1.981770722E2,1.257789735E0,6.903582403E-1,-1.171951586E-1
1.981970632E2,9.743662754E-1,8.587349546E-1,-1.477538770E-1
1.982170532E2,3.393738217E-1,1.077514668E0,-3.576379287E-1
1.982370442E2,2.743644050E-1,1.165434279E0,-5.085498869E-1
1.982570352E2,7.201230530E-1,1.201845768E0,-3.751994562E-1
1.982770252E2,9.127786493E-1,9.827049896E-1,-3.400711387E-1
1.982970162E2,7.340047085E-1,8.638872287E-1,-2.812896645E-1
1.983170072E2,4.192485783E-1,8.664930403E-1,-1.350835454E-1
1.983369972E2,4.036757619E-1,7.962969241E-1,-7.742181301E-2
1.983569882E2,8.349989866E-1,6.099464536E-1,-1.284843779E-1
1.983769782E2,1.194875595E0,4.043244374E-1,-1.773951674E-1
1.983969692E2,1.190988878E0,3.164504340E-1,-5.501265138E-1
1.984169602E2,1.074404753E0,4.528612974E-1,-6.372055882E-1
1.984369502E2,1.552962297E0,4.986713085E-1,-2.725012994E-1
1.984569412E2,1.815539264E0,7.096312478E-1,5.659759766E-1
1.984769322E2,1.050292809E0,8.004580951E-1,1.154563136E0
1.984969222E2,2.486827395E-1,6.027666575E-1,1.627840864E0
1.985169132E2,-3.354200807E-1,3.487513304E-1,2.281972387E0
1.985369032E2,-8.350682031E-1,2.169062653E-1,2.306089813E0
1.985568942E2,-8.457477039E-1,2.064350715E-1,1.711811559E0
1.985768852E2,-7.922524050E-1,-1.548839718E-1,1.072074711E0
1.985968752E2,-8.298706131E-1,-9.047624820E-1,6.574059641E-1
1.986168662E2,-3.624855629E-1,-1.142673115E0,1.641582406E-1
1.986368562E2,3.721241131E-2,-1.104595462E0,-3.642096144E-1
1.986568472E2,2.178760260E-1,-6.993135434E-1,-8.133289862E-1
1.986768382E2,-2.729441163E-1,-7.423668846E-1,-8.725852543E-1
1.986968282E2,-9.435201663E-1,-7.442078805E-1,-6.692582703E-1
1.987168192E2,-9.473735545E-1,-6.909596264E-1,-2.055962884E-1
1.987368102E2,-7.631986868E-1,-1.053621190E0,3.790656352E-1
1.987568002E2,-6.172379315E-1,-1.219453781E0,1.008438293E0
1.987767912E2,-1.001788840E0,-6.355560887E-1,1.197990407E0
1.987967812E2,-2.185495376E0,-4.241234019E-1,1.124707838E0
1.988167722E2,-3.128190207E0,-1.928680694E-1,1.711725605E-1
1.988367632E2,-3.235407093E0,-7.134158581E-2,-6.137594229E-1
1.988567532E2,-2.706039948E0,-3.453400648E-1,-9.691432500E-1
1.988767442E2,-1.796821888E0,-2.170208707E-1,-1.108347328E0
1.988967342E2,-1.224501756E0,-6.786073834E-2,-7.449364436E-1
1.989167252E2,-1.188629453E0,3.888690770E-2,-1.444197947E-1
1.989367162E2,-1.416064215E0,-2.276514012E-1,7.924842471E-1
1.989567062E2,-1.680458204E0,-2.881806082E-1,5.756724143E-1
1.989766972E2,-1.771423337E0,7.552000612E-2,3.860934037E-1
1.989966872E2,-2.040076292E0,5.790366098E-1,-9.833613396E-1
1.990166782E2,-2.108681527E0,5.648650056E-1,-1.357115949E0
1.990366692E2,-1.918978702E0,6.188666734E-1,-1.470941357E0
1.990566591E2,-1.503340779E0,8.402577531E-1,-1.132862365E0
1.990766501E2,-1.441073049E0,8.464382601E-1,-1.055820036E0
1.990966401E2,-1.240365471E0,1.151404178E0,-7.704905301E-1
1.991166311E2,-1.038145950E0,1.288411750E0,-5.595259130E-2
1.991366221E2,-1.121635857E0,1.314811344E0,1.766344446E-1
1.991566121E2,-1.783716670E0,1.479078050E0,8.283165693E-2
1.991766031E2,-2.352002297E0,1.340659837E0,1.959682631E-1
1.991965931E2,-2.394354557E0,1.072511498E0,1.072616163E0
1.992165841E2,-2.040544800E0,8.340535650E-1,1.941867920E0
1.992365751E2,-1.632253465E0,1.916603270E-1,2.531871275E0
1.992565651E2,-7.191734652E-1,-2.122831643E-1,2.955478660E0
1.992765561E2,1.230819891E-1,4.932708201E-1,3.899018122E0
1.992965461E2,-2.079301315E-1,5.020846206E-1,4.992199527E0
1.993165371E2,-1.045383999E0,-2.681214425E-1,4.948062404E0
1.993365281E2,-9.739043453E-1,-1.255310954E0,3.309760287E0
1.993565181E2,1.354089430E-1,-1.775988843E0,1.164905691E0
1.993765091E2,1.466774046E0,-2.025983040E0,-7.525167739E-1
1.993964991E2,2.101725679E0,-1.726013568E0,-1.401851826E0
1.994164901E2,1.782440954E0,-1.846323539E0,-8.289621019E-1
1.994364811E2,1.464437645E0,-2.231962321E0,-4.126918030E-1
1.994564711E2,2.018185047E0,-1.653113700E0,-1.799854839E-1
1.994764621E2,1.853640598E0,-1.476908441E0,-9.080433547E-2
1.994964521E2,1.866660009E0,-1.383600620E0,3.472263765E-1
1.995164431E2,1.236612728E0,-1.469870147E0,1.369137239E-1
1.995364341E2,9.491533738E-1,-1.140700557E0,-1.824337131E-1
1.995564241E2,6.131088836E-1,-1.529025258E0,-3.490243953E-1
1.995764151E2,8.946503073E-1,-1.470338801E0,-7.832848227E-1
1.995964051E2,1.097328250E0,-1.000201028E0,-1.372424544E0
1.996163961E2,8.912057126E-1,-5.243666053E-1,-1.445101342E0
1.996363871E2,3.806266225E-1,-5.674252090E-1,-1.032747508E0
1.996563771E2,2.953618661E-2,-4.312599286E-1,-5.992062879E-1
1.996763681E2,-8.091479346E-1,1.961863643E-1,-7.711278766E-1
1.996963581E2,-1.407823880E0,7.825907582E-1,-1.069876158E0
1.997163491E2,-1.066456852E0,-3.203265533E-1,-1.273063978E0
1.997363391E2,9.401892999E-1,-6.291147959E-1,-4.883764082E-1
1.997563301E2,1.892734570E-1,-5.400409439E-1,-2.353691411E-1
1.997763211E2,-2.236778344E-1,-2.413040650E-1,-1.467421333E0
1.997963111E2,-1.425816676E-1,7.326502740E-2,-2.117365081E0
1.998163021E2,5.035162017E-1,1.187300527E-1,-2.081293023E0
1.998362921E2,4.783129115E-1,-6.574404627E-1,-1.598840429E0
1.998562831E2,1.628107351E0,-1.339152425E0,-1.070357968E0
1.998762731E2,1.272414352E0,1.185581446E-2,-8.987211388E-1
1.998962641E2,9.940574319E-1,-1.957963550E-1,4.478795866E0
1.999162551E2,2.735290060E0,9.052165183E-1,2.280347446E0
1.999362451E2,9.433674078E-1,-4.613716274E-1,1.629906685E0
1.999562361E2,1.039971889E0,-8.420800379E-1,-8.843282175E-1
1.999762261E2,9.661005051E-1,-1.315724679E0,-1.997481372E0
1.999962171E2,-1.204359194E0,-1.585336284E0,-1.430820687E0
2.000162081E2,-3.239584343E0,-1.477352244E0,1.207034880E-1
2.000361981E2,-4.681084970E0,-5.371682069E-1,4.127181739E0
2.000561893E2,-6.128473303E-1,-1.346172300E0,3.844657727E0
2.000761793E2,1.303113404E0,-2.155811108E0,1.120584381E0
2.000961703E2,1.601068802E0,-1.312905151E0,1.686604797E0
2.001161603E2,-1.608645040E-1,-2.360967686E0,1.197403931E0
2.001361513E2,-1.106319514E-1,-1.047254450E0,-1.772578163E0
2.001561413E2,-1.249536683E0,-1.212416657E0,-1.396553664E0
2.001761323E2,-2.081138802E0,-3.758932284E-1,-1.173991680E0
2.001961233E2,2.084602547E-1,-2.725872535E-1,-2.686229582E0
2.002161133E2,6.577404249E-1,-9.540118253E-1,-4.187609205E0
2.002361043E2,-6.643553068E-1,-9.970645818E-1,-1.296759235E0
2.002560943E2,-9.181888586E-1,-1.180425079E0,3.375458432E0
2.002760853E2,3.167524793E-1,-1.351163483E0,3.733113318E0
2.002960753E2,2.921076713E-1,-2.526422839E0,2.768402842E0
2.003160663E2,-8.784570283E-1,-1.014758841E0,1.943008127E0
2.003360573E2,-1.416595873E0,1.350943628E-1,7.482208246E-1
2.003560473E2,-5.344655142E-1,6.280991346E-2,7.762716722E-1
2.003760383E2,9.681686653E-1,-2.357977420E-2,1.881978983E0
2.003960283E2,1.546997845E0,-6.092450801E-1,2.437229412E0
2.004160193E2,8.617470746E-1,-1.205010574E0,1.572906858E0
2.004360093E2,5.590470991E-1,-9.723805609E-1,4.786337775E-1
2.004560003E2,-5.855679497E-2,5.009280413E-2,-1.120680276E0
2.004759903E2,-9.220126453E-1,7.410503840E-1,-2.427251723E0
2.004959813E2,-7.705488561E-1,3.273949599E-1,-2.655060414E0
2.005159723E2,-2.824497521E-1,-3.673329046E-1,-1.712810263E0
2.005359623E2,2.424012950E-1,-5.072833800E-1,-4.504724175E-1
2.005559533E2,2.259235489E-1,-4.772900873E-1,-5.119003415E-2
2.005759433E2,-1.640396883E-1,-2.779561669E-1,1.137727833E-1
2.005959343E2,-2.277534351E-1,-9.338617355E-2,2.643432641E-1
2.006159243E2,-3.361681223E-2,-2.479084951E-1,4.980401015E-1
2.006359153E2,5.879432349E-1,-3.865518254E-1,1.011932005E0
2.006559053E2,5.901141599E-1,-5.543347549E-1,1.123308014E0
2.006758963E2,2.753785680E-1,-8.582815030E-1,5.599293709E-1
2.006958863E2,-1.004320684E-1,-3.709152013E-1,-5.310499728E-1
2.007158773E2,-1.838791448E-1,3.428433037E-1,-7.856336492E-1
2.007358683E2,-5.866486613E-1,6.913510975E-1,-2.878105379E0
2.007558583E2,6.679769991E-1,3.183206660E-1,1.356897848E0
2.007758493E2,8.336039141E-1,8.522755355E-1,2.784756920E0
2.007958393E2,3.779166573E-1,9.142794102E-2,1.226913659E0
2.008146887E2,-4.126836169E-1,1.756439263E-1,-1.014453324E0
2.008346787E2,-3.855241773E-1,2.050425571E-1,-1.491140563E0
2.008546687E2,9.756152406E-2,2.194500965E-1,-9.122907722E-1
2.008746597E2,5.361376351E-1,-2.510794401E-3,-2.665979505E-2
2.008946497E2,4.031753133E-1,-2.753605878E-1,5.071354455E-1
2.009146397E2,3.952725090E-1,-2.973297465E-1,1.126397683E0
2.009346307E2,2.970037642E-1,-1.824266964E-1,1.028539267E0
2.009546207E2,1.040957876E-1,-1.545126736E-1,2.748343384E-1
2.009746107E2,-1.335916284E-1,4.519429922E-2,-4.551689011E-1
2.009946007E2,-6.468467698E-2,2.481646031E-1,-4.640350342E-1
2.010145917E2,2.813300103E-2,1.383954084E-1,9.831917703E-2
2.010345817E2,4.684818417E-2,-1.017532468E-1,3.279329038E-1
2.010545717E2,1.374162921E-1,-7.722943962E-2,6.373348117E-2
2.010745617E2,1.609299928E-1,3.681816280E-2,7.629096150E-2
2.010945527E2,1.102741018E-2,4.652220190E-2,2.056348801E-2
2.011145427E2,5.614145637E-2,3.723156095E-2,-7.168978751E-2
2.011345327E2,9.739604786E-2,-4.338049293E-2,1.874015075E-1
2.011545237E2,1.421373340E-1,-4.170117259E-2,4.835021693E-1
2.011745137E2,6.226509914E-2,-4.858509958E-2,4.438755888E-1
2.011945037E2,2.707597062E-2,-8.504775167E-3,2.937875032E-2
2.012144937E2,-5.464822367E-2,-8.577865362E-3,-2.406854296E-1
2.012344847E2,-1.076766224E-1,-5.170985162E-2,-2.113230515E-1
2.012544747E2,1.231018697E-1,-4.697594583E-2,-1.059375143E-1
2.012744647E2,1.390146285E-1,-1.260074973E-3,2.130503190E-1
2.012944547E2,1.612821414E-1,-7.139567256E-2,2.930028069E-1
2.013144457E2,2.027624354E-1,-1.325856149E-1,1.824290353E-1
2.013344360E2,6.651865616E-2,5.112220645E-3,1.272354126E-2
2.013544260E2,-2.449106276E-2,8.379586279E-2,-1.085137975E-1
2.013744160E2,-4.249566302E-2,1.354554284E-1,-1.902888626E-1
2.013944070E2,3.705906808E-2,-4.477096081E-2,-2.552718937E-1
2.014143970E2,1.543276092E-1,-5.416100442E-2,-2.191068649E-2
2.014343870E2,1.143367472E-1,-6.972629249E-2,1.969593662E-1
2.014543770E2,4.200917467E-2,-5.656011701E-3,6.484679103E-2
2.014743680E2,-3.231346786E-2,4.698471665E-2,5.237351060E-2
2.014943580E2,9.935778871E-2,-2.187092543E-2,1.406705600E-1
2.015143480E2,1.009656268E-1,1.591612101E-3,-1.387737232E-1
2.015343380E2,2.443624511E-2,2.561138928E-2,4.608541489E-2
2.015543290E2,4.442027405E-2,1.547389609E-1,6.140453517E-2
2.015743190E2,-3.986046910E-3,2.603765130E-2,-2.297002655E-1
2.015943090E2,4.783417091E-2,-1.998812199E-2,-2.756997263E-1
2.016142990E2,1.230903214E-1,9.642877221E-2,1.278797758E-1
2.016342900E2,1.913435541E-1,1.110807252E-1,8.055241227E-2
2.016542800E2,-2.442450683E-1,1.993760204E-1,-2.080883718E-1
2.016742700E2,-1.462151822E-1,2.164294249E-1,-8.810075837E-1
2.016942600E2,-6.214742392E-2,2.113774306E-1,-2.181865132E-1
2.017142510E2,2.766569155E-1,-1.740704405E-1,8.332966429E-1
2.017342410E2,3.155539097E-1,-3.144761217E-1,9.739695418E-1
2.017542310E2,1.536352989E-1,-1.758380538E-1,4.949966258E-1
2.017742210E2,7.001923800E-2,-2.105465412E-2,-3.931428069E-1
2.017942120E2,8.946634635E-2,1.100048375E-1,-6.901164579E-1
2.018142020E2,8.188762397E-2,4.454116523E-2,-3.216547483E-1
2.018341920E2,3.858665317E-2,-4.823543608E-2,-4.352258027E-2
2.018541830E2,1.067727891E-1,-7.428302765E-2,3.240819275E-2
2.018741730E2,9.498158634E-2,-5.212792754E-3,1.139481997E-1
2.018941630E2,8.015947938E-2,5.167476833E-2,2.091958344E-1
2.019141530E2,3.521544099E-2,-4.592637062E-2,2.515846395E-1
2.019341430E2,5.605901062E-2,-7.711191058E-2,2.938108921E-2
2.019541340E2,-5.363855571E-2,1.089628637E-2,-9.925648570E-2
2.019741240E2,-1.065371463E-1,-7.628160596E-2,1.791996181E-2
2.019941140E2,-4.650261372E-2,-7.875614762E-3,2.903241974E-1
2.020141050E2,4.018060416E-3,6.700909138E-4,1.886732769E-1
2.020340950E2,-1.005447735E-1,-4.825824022E-2,-2.134116769E-1
2.020540850E2,-1.302151537E-1,5.338449419E-2,-5.194011497E-1
2.020740750E2,-2.687320380E-1,9.330460489E-2,-7.489172280E-1
2.020940650E2,-3.272310917E-1,1.791265279E-1,-6.621375310E-1
2.021140560E2,-1.607766496E-1,3.442945826E-1,-1.953659999E-1
2.021340460E2,-2.563520207E-1,2.843065354E-1,2.827292490E-1
2.021540360E2,-5.566110760E-2,1.827132100E-1,4.909181929E-1
2.021740260E2,-6.962798618E-2,1.665199310E-1,6.319775927E-1
2.021940170E2,-1.067270346E-2,3.971879107E-1,6.554389608E-1
2.022140070E2,1.408085543E-1,3.235966086E-1,6.175051492E-1
2.022339970E2,4.466483384E-2,1.743095917E-1,7.443335956E-1
2.022539870E2,-3.248888433E-1,4.181256205E-1,6.831114936E-1
2.022739780E2,-9.344032607E-1,5.490330845E-1,-9.829227984E-2
2.022939680E2,-3.044490239E-1,1.163771331E-1,-4.629334188E-1
2.023139580E2,5.787264150E-1,-2.593953502E-1,-2.820199817E-1
2.023339479E2,6.953826065E-1,-6.736422202E-1,-1.651896894E-2
2.023539389E2,7.643046145E-1,-4.916979191E-1,6.821724308E-1
2.023739289E2,3.319875093E-1,-5.229349145E-1,1.059778601E0
2.023939189E2,1.024350687E-1,-4.817430344E-1,3.060087687E-1
2.024139089E2,3.291186095E-1,-3.600525364E-1,-9.105225742E-2
2.024338999E2,4.014511522E-1,-4.358824450E-1,-5.518496883E-1
2.024538899E2,1.095540172E-1,-2.667879850E-2,-8.982147700E-1
2.024738799E2,1.308671548E-1,2.092844197E-1,-5.149116576E-1
2.024938699E2,-8.172324412E-3,-2.216562510E-2,-3.487250179E-1
2.025138609E2,4.312892378E-1,-3.502014399E-2,-5.016723919E-1
2.025338509E2,4.259152446E-1,-6.794815421E-2,-9.061020792E-1
2.025538409E2,1.136178686E-1,7.487915128E-2,-6.746470642E-1
2.025738309E2,-1.277152497E-2,7.843542784E-2,-1.682395971E-1
2.025938219E2,-1.168789704E-1,7.828076899E-2,4.879396212E-1
2.026138119E2,-7.425587464E-2,9.070844114E-2,8.060158736E-1
2.026338019E2,1.856176682E-1,-5.486296266E-2,3.851601881E-1
2.026537919E2,9.872413326E-2,-1.852134794E-2,5.591107607E-2
2.026737829E2,5.801238265E-2,-7.209324539E-3,-3.435239196E-2
2.026937729E2,2.892507948E-3,1.120408380E-1,-2.577750868E-1
2.027137629E2,-1.690334662E-1,1.448121428E-1,-1.657317263E-1
2.027337529E2,-1.439581570E-1,1.827965328E-1,2.748600662E-2
2.027537429E2,2.287455614E-1,7.895261407E-2,7.759839892E-3
2.027737339E2,1.881722436E-1,-1.155462438E-1,-4.198534727E-2
2.027937239E2,3.062601259E-1,-1.489265361E-1,-2.342084688E-1
2.028137139E2,2.077642898E-1,-5.128797501E-2,-6.824373096E-1
2.028337039E2,-6.671961766E-2,1.664216977E-1,-3.599534261E-1
2.028536949E2,-1.041606551E-1,9.485353231E-3,-5.105379403E-2
2.028736849E2,7.996560764E-2,-3.893046945E-2,2.481382906E-1
2.028936749E2,1.270447934E-1,-1.261472458E-1,3.232504535E-1
2.029136649E2,2.506207260E-1,-7.754840523E-2,1.295982724E-1
2.029336559E2,9.976226985E-2,-4.772614360E-2,-2.373747361E-1
2.029536459E2,-7.941995278E-2,2.300762415E-2,-3.785920107E-1
2.029736359E2,-1.132792783E-1,1.080732098E-1,-2.719101459E-1
2.029936259E2,-7.926123742E-2,1.037664431E-1,9.622938216E-2
2.030136169E2,1.018387623E-1,-3.322358698E-2,4.228881776E-1
2.030336069E2,1.939660303E-1,-1.898392117E-1,2.910024744E-1
2.030535969E2,2.517487636E-1,-1.338161615E-1,1.753346086E-2
2.030735869E2,2.069790819E-1,-6.571217895E-2,-2.494012892E-1
2.030935769E2,7.550630171E-2,-3.784990400E-2,-2.627463895E-1
2.031135679E2,1.813043599E-1,-2.374583513E-2,2.093887925E-2
2.031335579E2,1.384361196E-2,-1.363184774E-1,-2.489159703E-3
2.031535479E2,3.079392269E-2,-4.009318829E-2,-1.882686496E-1
2.031735379E2,-2.030507762E-2,7.364509642E-2,-4.046320009E-1
2.031935289E2,-8.270941358E-2,1.054735377E-1,-3.193942147E-1
2.032135189E2,-1.966414604E-1,8.054539561E-4,8.015947938E-3
2.032335089E2,-3.328330167E-2,6.372471035E-2,3.161963725E-1
2.032534989E2,1.131557924E-1,3.548324347E-2,4.448637682E-1
2.032734899E2,2.086093221E-1,-5.266587138E-3,3.610708290E-1
2.032934799E2,2.339511913E-1,5.426654667E-2,2.403679258E-1
2.033134699E2,2.508685018E-1,5.786989331E-2,-1.436321747E-1
2.033334599E2,1.480053804E-1,1.166531217E-1,-3.573625249E-1
2.033534493E2,1.008994802E-1,9.063301206E-2,-2.238676679E-1
2.033734403E2,3.634826593E-2,6.040203005E-2,-1.792288542E-1
2.033934303E2,-5.864461284E-2,8.712497503E-2,5.665308774E-2
2.034134203E2,6.169455707E-2,-1.150264263E-2,3.189416403E-1
2.034334103E2,5.911286518E-2,-3.698422372E-2,2.993581456E-1
2.034534013E2,1.282142730E-1,-4.709113598E-2,1.372189486E-1
2.034733913E2,1.093168395E-1,-4.025281727E-2,-2.229250968E-2
2.034933813E2,8.373421121E-2,1.716684043E-2,-8.803275526E-2
2.035133713E2,3.961590931E-2,3.449827999E-2,-2.040666568E-1
2.035333623E2,-7.132532325E-2,6.615101248E-2,-1.738149172E-1
2.035533523E2,-1.520937536E-2,2.821544677E-2,1.058696866E-1
2.035733423E2,6.498756275E-2,-5.025681853E-2,9.459216177E-2
2.035933323E2,8.759289846E-2,-2.439224482E-2,7.107758403E-2
2.036133223E2,8.045944154E-2,-7.151963353E-2,2.179076010E-1
2.036333133E2,6.610788926E-2,-1.729498217E-1,3.046615702E-1
2.036533033E2,6.597574219E-2,-1.868667796E-1,1.024186599E-1
2.036732933E2,1.875987779E-2,-1.617629287E-1,-1.732594317E-1
2.036932833E2,2.726070609E-2,-1.571915755E-1,-3.028810930E-1
2.037132743E2,2.103049781E-2,-7.256657749E-2,-3.819857347E-1
2.037332643E2,5.659932990E-2,2.461122304E-2,-3.529718506E-1
2.037532543E2,4.876497455E-2,-9.208458334E-2,-2.098863906E-1
2.037732443E2,7.664237916E-3,-8.918728799E-2,1.470469487E-1
2.037932343E2,6.752806831E-2,-9.534996092E-2,2.801903880E-1
2.038132253E2,8.070805784E-2,-3.178137124E-2,3.299993098E-1
2.038332153E2,7.757727586E-2,1.955893636E-4,5.543271536E-1
2.038532053E2,1.531458139E-1,-7.069196016E-2,6.284107912E-1
2.038731953E2,1.559882916E-1,-6.621767074E-2,3.468270117E-1
2.038931863E2,1.804849823E-1,-1.193875721E-1,-2.610167831E-1
2.039131763E2,2.186025426E-2,4.902858165E-1,-5.634055406E-1
2.039331663E2,-5.150476053E-2,3.362555382E-1,3.622092819E-1
2.039531563E2,-3.754139028E-2,-2.200462201E-1,1.679665906E0
2.039731463E2,3.109233534E-1,-7.896802148E-1,1.256572491E-1
2.039931373E2,2.008997317E-1,-2.334091544E-2,-1.734588218E0
2.040131273E2,-1.279568859E-1,4.698234853E-1,-1.870944117E0
2.040331173E2,-1.907807596E-1,1.461061317E-1,-4.207703161E-1
2.040531073E2,-5.871773958E-3,-2.010477394E-1,5.146877092E-1
2.040730983E2,3.566236926E-1,-2.274362236E-1,8.722233117E-1
2.040930883E2,2.094476301E-1,-2.019341773E-1,6.099236494E-1
2.041130783E2,-1.137013011E-1,7.330244958E-2,2.879285932E-2
2.041330683E2,-2.573018277E-1,2.722910920E-1,-1.677536935E-1
2.041530583E2,-3.046117958E-2,2.718320855E-1,3.184218228E-2
2.041730493E2,-7.853797339E-2,3.596563876E-2,3.601604176E-1
2.041930393E2,6.650436703E-2,-5.513164222E-2,6.519961202E-1
2.042130293E2,-5.447831455E-1,1.610665253E-1,4.716422617E-1
2.042330193E2,1.046387746E-1,-1.263986760E-1,-2.045548993E-1
2.042530103E2,1.879800529E-1,-5.979467976E-1,-5.031470597E-1
2.042730003E2,3.341722483E-1,3.846292609E-1,9.682813704E-2
2.042929903E2,-6.291267827E-2,2.930829138E-2,3.588898176E-1
2.043129803E2,5.511011716E-2,-5.934923887E-2,4.104686916E-2
2.043329703E2,9.142797757E-2,2.232224277E-1,-1.840954918E-1
2.043529624E2,-2.718098661E-1,6.455001560E-1,-7.465011585E-1
2.043729524E2,-5.412467129E-1,6.250477651E-1,-1.246491891E0
2.043929424E2,-5.473904920E-1,7.186228037E-4,-9.041309828E-1
2.044129324E2,3.308714585E-2,-3.356217000E-1,9.678486764E-2
2.044329224E2,4.344359169E-1,-3.628697249E-1,2.709827775E-1
2.044529134E2,8.239591511E-1,-6.181486353E-1,-2.536416900E-1
2.044729034E2,9.675063220E-1,-6.548004448E-1,-4.782408446E-1
2.044928934E2,6.348709412E-1,-5.361773962E-1,-1.533502471E-1
2.045128834E2,2.582189087E-1,-1.798471972E-1,9.960556448E-2
2.045328744E2,1.759032137E-1,-1.862817657E-1,-3.375913346E-1
2.045528644E2,-3.178330813E-2,1.632656631E-1,-8.975452638E-1
2.045728544E2,2.071201825E-1,1.171591982E-1,-4.510963154E-1
2.045928444E2,6.813871497E-1,5.773795089E-1,-2.976741475E-1
2.046128344E2,4.092978597E-1,1.878555438E-1,1.033413506E-1
2.046328254E2,-1.171286283E-1,-3.889828053E-1,2.571541125E-1
2.046528154E2,-4.610591669E-1,-3.274706814E-1,-2.306340659E-1
2.046728054E2,-2.943502977E-1,4.939289242E-2,-6.517832816E-2
2.046927954E2,1.931983640E-1,2.093195030E-1,6.650330722E-2
2.047127854E2,-4.997949971E-1,2.356041992E-1,-3.808490360E-1
2.047327764E2,-7.736514618E-1,-5.111504361E-2,-1.879552388E-1
2.047527664E2,7.147629105E-2,1.318639223E-1,1.257178262E0
2.047727564E2,4.574816941E-1,8.705758587E-2,2.228561581E0
2.047927464E2,7.560750970E-1,2.144222219E-1,2.125288643E0
2.048127374E2,9.365274811E-1,3.050150344E-1,1.357466197E0
2.048327274E2,8.056046681E-1,1.519521779E-1,1.175835891E0
2.048527174E2,3.968081340E-1,-2.894371748E-5,3.528057897E-1
2.048727074E2,-1.051826936E-1,5.526016402E-1,-1.079548622E0
2.048926974E2,-1.058241368E0,-9.573938549E-2,-3.246163630E-1
2.049126884E2,-4.575739340E-1,-8.843533605E-1,3.328650302E-1
2.049326784E2,-1.587684599E-1,-2.600081384E-1,8.985042071E-1
2.049526684E2,-5.598256742E-2,-2.187507695E-1,2.702208853E-1
2.049726584E2,-5.894973517E-1,8.250421286E-4,-6.599594432E-1
2.049926484E2,-4.593704910E-1,1.578096262E-1,-2.897505856E-1
2.050126394E2,9.205395855E-2,-2.942131805E-1,7.600526655E-1
2.050326294E2,-1.947568297E-1,-6.882611364E-1,3.424655735E-1
2.050526194E2,-2.211150911E-1,-3.602536806E-1,-2.461245096E-1
2.050726094E2,2.810497825E-1,1.745794407E-1,2.328302801E-1
2.050926004E2,6.655113014E-1,4.283240417E-1,2.332349074E-1
2.051125904E2,2.428021582E-1,4.185001346E-1,-5.773260069E-1
2.051325804E2,-1.048360451E-1,2.378325731E-1,-7.537318254E-1
2.051525704E2,-3.541950881E-4,4.374535918E-2,-1.636027551E-1
2.051725604E2,6.487149552E-2,-3.566389319E-1,2.789765060E-2
2.051925504E2,-3.704612381E-1,-1.845933822E-1,-7.962621331E-1
2.052125414E2,2.408553643E-1,1.499325496E-1,-7.784982920E-2
2.052325314E2,8.034126201E-1,2.901408872E-1,2.898605132E-1
2.052525214E2,1.575336376E-1,6.234008968E-2,-3.621578264E-1
2.052725114E2,-1.996308129E-1,-7.003064007E-2,-9.308434027E-1
2.052925024E2,2.327974626E-1,2.716095990E-1,-6.729449397E-1
2.053124924E2,4.650466025E-1,1.083524144E-1,3.064408779E-2
2.053324824E2,-2.108059383E-1,-2.926429108E-1,-4.361882544E-1
2.053524718E2,-3.385698661E-2,-1.752936780E-1,-5.681680977E-2
2.053724618E2,3.318699437E-1,1.992760330E-2,1.871167481E-2
2.053924528E2,1.131503837E-1,-5.118857235E-2,-1.248140806E-1
2.054124428E2,-1.476921889E-1,-1.711345536E-1,1.413155079E-2
2.054324328E2,-6.743932950E-1,-8.686345831E-1,5.261669630E-1
2.054524228E2,-1.615789606E-1,-2.799930444E-1,3.364300776E-1
2.054724128E2,3.213747398E-1,2.332173657E-1,3.198017657E-1
2.054924038E2,1.056069493E0,4.996837538E-1,6.612610334E-1
2.055123938E2,1.326924435E0,6.983104536E-1,6.895071781E-1
2.055323838E2,9.389436968E-1,5.441351643E-1,-7.563958168E-3
2.055523738E2,-4.265941429E-1,6.013656646E-2,-9.933138853E-1
2.055723638E2,-7.560674226E-1,-4.650176588E-1,-1.131937335E0
2.055923548E2,-5.992092115E-1,2.326899469E-3,-5.037376285E-3
2.056123448E2,5.097979020E-2,-4.963730603E-2,4.597952181E-1
2.056323348E2,5.676860679E-2,-4.243461809E-1,5.660981834E-2
2.056523248E2,4.297140710E-2,-3.948019543E-1,9.274853468E-3
2.056723148E2,1.333075268E-1,-1.999899781E-1,-9.861680031E-2
2.056923058E2,-1.192225710E-1,3.211878482E-1,-1.030314481E-1
2.057122958E2,1.676487725E-1,5.758703426E-1,5.592201036E-1
2.057322858E2,3.631165505E-1,-3.028945416E-2,6.741664231E-1
2.057522758E2,-1.479426690E-1,-3.199529162E-1,2.208961129E-1
2.057722658E2,-5.958231620E-1,-3.344969881E-1,-1.625368077E-1
2.057922568E2,-6.304993435E-1,-4.155882213E-1,-3.604241270E-1
2.058122468E2,-2.784879711E-1,-4.317882246E-1,-6.614604235E-2
2.058322368E2,7.628204450E-2,-2.898777625E-1,-7.990629494E-2
2.058522268E2,2.209298806E-1,-4.428768843E-2,-2.436680943E-1
2.058722168E2,2.377823601E-1,5.779095590E-2,-4.865719575E-1
2.058922068E2,1.193840638E-1,6.154720724E-2,-5.563602304E-1
2.059121978E2,7.695728827E-2,3.646382153E-1,-1.377720952E-1
2.059321878E2,8.300137237E-2,2.015754506E-1,-1.065596581E-2
2.059521778E2,-1.571739242E-1,-1.087845236E-1,-2.543006712E-1
2.059721678E2,-6.741605759E-2,-2.086912197E-1,4.710516930E-3
2.059921578E2,2.038018510E-1,-1.630209571E-1,4.219988161E-1
2.060121488E2,2.667869252E-1,-4.901165396E-2,3.419808394E-1
2.060321388E2,1.853594771E-1,1.372785902E-1,7.601087987E-2
2.060521288E2,2.136209707E-1,1.496764416E-1,4.435522377E-2
2.060721188E2,1.730472143E-1,1.041666850E-1,2.628036922E-1
2.060921088E2,7.591535099E-2,-5.196859092E-2,2.149109030E-1
2.061120998E2,-8.155228615E-2,-2.425074220E-2,1.136184168E-1
2.061320898E2,-3.929018285E-2,-1.481731224E-1,-4.777467549E-2
2.061520798E2,2.268756218E-3,-2.455757484E-1,-1.812753797E-1
2.061720698E2,-2.139043048E-2,-1.292301902E-1,-2.351820302E-1
2.061920598E2,1.022900943E-2,-6.750844359E-2,-1.903169292E-1
2.062120508E2,5.140075319E-2,-5.549007654E-2,-2.417250645E-1
2.062320408E2,1.054446671E-2,-5.208319634E-2,-2.604425865E-1
2.062520308E2,5.511037298E-3,-8.923201919E-2,-1.779518223E-1
2.062720208E2,1.935019076E-2,-4.189354599E-2,-5.938315272E-2
2.062920108E2,1.241019628E-1,4.693793893E-2,2.202967733E-1
2.063120018E2,5.350268103E-2,6.675883055E-2,2.418922949E-1
2.063319918E2,-8.655121699E-3,-1.811859173E-1,2.873508883E-1
2.063519820E2,2.659138262E-2,-2.858411372E-1,2.382933336E-1
2.063719720E2,1.355278607E-1,-9.886004448E-2,-3.239240527E-2
2.063919620E2,2.640821859E-1,1.536396843E-1,-8.854672551E-2
2.064119520E2,3.195766479E-1,1.762494054E-1,-6.046956539E-2
2.064319430E2,2.780398551E-1,8.414377213E-2,-3.625683010E-2
2.064519330E2,1.037127584E-1,2.238401860E-2,-9.620190024E-2
2.064719230E2,8.744255193E-2,3.577209592E-2,1.362576663E-2
2.064919130E2,2.342996854E-1,1.085535586E-3,2.090917540E-1
2.065119030E2,3.601503311E-1,-7.613893390E-2,-2.978688598E-2
2.065318940E2,1.634209798E-1,1.079007170E-1,-1.871307814E-1
2.065518840E2,-1.658499131E-1,-5.239748418E-2,-2.729106045E-1
2.065718740E2,-1.399533990E-1,-8.267348975E-2,-2.199710834E-1
2.065918640E2,1.023813839E-1,-1.797346383E-2,-2.120393354E-1
2.066118540E2,1.842618451E-1,6.574726224E-2,-2.588246620E-1
2.066318440E2,2.066698372E-2,-1.175348818E-2,-1.260864347E-1
2.066518350E2,-5.464851603E-2,-6.480907649E-2,4.587316096E-2
2.066718250E2,2.872547016E-2,5.450862139E-2,1.840685946E-1
2.066918150E2,1.426045997E-1,5.654549897E-3,2.175427347E-1
2.067118050E2,1.019394075E-1,-2.559033930E-3,2.743396640E-2
2.067317950E2,6.638935961E-2,1.264162177E-1,-1.420581043E-1
2.067517860E2,3.803482220E-2,1.808137420E-1,-2.289547455E-1
2.067717760E2,4.526965521E-2,1.630773827E-1,-2.354948562E-1
2.067917660E2,2.257766376E-1,1.753556585E-1,-2.927531308E-1
2.068117560E2,3.993551081E-1,2.303361502E-1,-9.762160420E-2
2.068317460E2,3.944037589E-1,1.638255340E-1,1.533362138E-1
2.068517370E2,2.172011112E-1,2.726732075E-2,2.268684590E-1
2.068717270E2,2.646223225E-2,-7.421315342E-2,9.802096903E-2
2.068917170E2,5.821363650E-2,-5.057052165E-2,-5.197239161E-2
2.069117070E2,7.440231085E-2,-2.031498134E-2,-2.271485406E-1
2.069316970E2,1.973077141E-2,9.673575103E-2,-6.899831414E-2
2.069516870E2,5.045672022E-2,3.574373692E-2,7.088287175E-2
2.069716780E2,1.163207075E-1,6.066106170E-2,4.202160001E-2
2.069916680E2,1.117609026E-1,1.477395514E-1,-3.134458423E-2
2.070116580E2,6.806356363E-2,4.709113598E-2,-1.372107625E-2
2.070316480E2,-1.482831962E-2,-9.601303518E-2,6.680326939E-2
2.070516380E2,-3.878604323E-3,-1.316857284E-1,4.750511885E-2
2.070716290E2,6.913718551E-2,-1.019751486E-1,1.070227575E-1
2.070916190E2,1.205927563E-1,1.397484541E-4,-2.669487834E-2
2.071116090E2,7.520330630E-2,5.686475694E-2,-1.358319890E-1
2.071315990E2,9.002066240E-2,4.799189955E-2,-1.790978765E-1
2.071515890E2,1.153371327E-1,2.104792982E-2,-1.105123758E-4
2.071715790E2,5.971037753E-2,-4.435405433E-2,1.120466852E-1
2.071915700E2,-1.584449261E-3,-1.328879160E-1,-4.872484803E-3
2.072115600E2,-8.818478286E-3,-4.260895282E-2,-6.637700737E-2
2.072315500E2,1.289639957E-1,9.194746614E-3,1.194211936E-1
2.072515400E2,1.550092484E-1,-4.805271059E-2,1.431328225E-1
2.072715300E2,9.663620219E-2,-2.773568273E-2,9.471670747E-2
2.072915210E2,8.276236743E-2,1.669116944E-2,4.397690892E-2
2.073115110E2,4.757601634E-2,8.298309982E-2,-8.112134635E-2
2.073315010E2,6.317090593E-2,7.221720636E-2,-1.638226104E-1
2.073514908E2,1.114369668E-2,7.868744284E-2,-1.307817489E-1
2.073714808E2,1.498727618E-1,9.448808134E-3,3.503593147E-2
2.073914708E2,8.709391169E-2,-5.276819766E-2,7.212540507E-2
2.074114618E2,1.857754699E-1,-3.029939443E-2,3.376883984E-2
2.074314518E2,1.265435408E-1,-3.954998195E-2,-1.944573426E-1
2.074514418E2,2.350590925E-1,-8.921974003E-3,-1.759240079E-1
2.074714318E2,2.178606771E-1,2.584469318E-4,-3.844421500E-1
2.074914218E2,1.916276557E-1,7.767265856E-2,-4.600776386E-1
2.075114118E2,2.648738258E-1,7.691632122E-2,-5.178200626E-1
2.075314028E2,1.635997584E-1,1.026882166E-1,-6.719596839E-1
2.075513928E2,2.297351296E-1,2.146623963E-1,-4.532732338E-1
2.075713828E2,9.438984811E-2,2.167349419E-1,-4.261965322E-1
2.075913728E2,-4.081546560E-2,9.277630895E-2,-5.247969604E-1
2.076113628E2,-3.072450893E-1,7.198828787E-2,-7.926912385E-1
2.076313538E2,-3.484249096E-1,6.711083293E-2,-7.435494840E-1
2.076513438E2,-3.402031396E-1,1.868360817E-2,-5.591955453E-1
2.076713338E2,-3.885306694E-1,-2.438668996E-2,-5.323158950E-1
2.076913238E2,-5.184280269E-1,1.414850771E-2,-6.611721557E-1
2.077113138E2,-6.265420210E-1,1.326929113E-1,-6.005809683E-1
2.077313038E2,-6.745915157E-1,9.072422862E-2,-4.479984605E-1
2.077512948E2,-7.653446880E-1,-6.891323715E-2,-4.177894056E-1
2.077712848E2,-9.356259866E-1,-1.264118323E-1,-3.321657032E-1
2.077912748E2,-1.045460085E0,-2.080073878E-1,-2.712874174E-1
2.078112648E2,-1.117065746E0,-2.075735244E-1,-2.646356249E-1
2.078312548E2,-1.144076666E0,3.163636029E-3,-5.434525019E-1
2.078512448E2,-1.244285883E0,3.382161096E-1,-9.356024516E-1
2.078712358E2,-1.193669461E0,5.688130456E-1,-8.605405748E-1
2.078912258E2,-9.464825119E-1,5.414197174E-1,-3.961207938E-1
2.079112158E2,-8.632025197E-1,5.433343881E-1,3.277031082E-1
2.079312058E2,-7.531149441E-1,5.890713090E-1,1.023127668E0
2.079511958E2,-8.717267369E-1,5.399161059E-1,1.087152926E0
2.079711868E2,-1.080840564E0,6.346961094E-1,7.139625728E-1
2.079911768E2,-9.711691640E-1,6.689069988E-1,7.539668834E-1
2.080111668E2,-8.196469758E-1,5.248088010E-1,9.145782030E-1
2.080311568E2,-8.879985879E-1,3.158402771E-1,5.773055416E-1
2.080511468E2,-1.078739659E0,2.645695513E-1,-2.690128505E-2
2.080711368E2,-1.121580893E0,3.127066080E-1,-7.448072201E-1
2.080911278E2,-1.001351614E0,4.592859256E-1,-1.096749961E0
2.081111178E2,-7.977655984E-1,6.841746636E-1,-1.085871801E0
2.081311078E2,-5.617622172E-1,7.771771136E-1,-7.658706450E-1
2.081510978E2,-4.289624114E-1,7.341271345E-1,-5.216874111E-1
2.081710878E2,-3.804756182E-1,7.558409160E-1,-4.029351389E-1
2.081910778E2,-3.718155263E-1,7.918267277E-1,-4.858603513E-1
2.082110688E2,-4.257927820E-1,8.375088309E-1,-6.595051146E-1
2.082310588E2,-4.251653027E-1,8.949631333E-1,-7.770861894E-1
2.082510488E2,-4.112309127E-1,9.677301241E-1,-9.961538780E-1
2.082710388E2,-4.749291644E-1,1.065016537E0,-1.224375967E0
2.082910288E2,-5.030356702E-1,1.236810071E0,-1.174251296E0
2.083110198E2,-5.791781855E-1,1.234875228E0,-9.828257346E-1
2.083310098E2,-7.050454228E-1,1.170259840E0,-4.911076427E-1
2.083509997E2,-5.793510073E-1,1.146983098E0,1.956004733E-1
2.083709897E2,-4.098287138E-1,1.105707310E0,4.591274661E-1
2.083909797E2,-2.763638970E-1,1.125956584E0,3.236977655E-1
2.084109697E2,-1.085062692E-1,1.340663053E0,2.541533214E-1
2.084309607E2,2.973860259E-1,1.302452376E0,4.711119193E-1
2.084509507E2,8.760905870E-1,1.147037696E0,1.025453691E0
2.084709407E2,1.235960179E0,9.862875056E-1,1.432874814E0
2.084909307E2,1.212075472E0,3.408318615E-1,1.056565556E0
2.085109207E2,8.556145880E-1,-2.473421191E-1,5.976404035E-1
2.085309107E2,5.595233548E-1,-7.412930435E-1,7.338279033E-1
2.085509017E2,4.984187818E-1,-1.266525329E0,7.930251145E-1
2.085708917E2,4.775516772E-1,-1.682820625E0,5.587160736E-1
2.085908817E2,6.667324924E-1,-2.009192614E0,6.221162635E-1
2.086108717E2,1.105463262E0,-2.094548076E0,8.680437219E-1
2.086308617E2,1.443751512E0,-2.033147049E0,6.611645544E-1
2.086508517E2,1.424550717E0,-1.719985966E0,1.472217804E-1
2.086708427E2,1.255539288E0,-1.534572658E0,-3.593792295E-1
2.086908327E2,1.273321548E0,-1.448003607E0,-4.630655658E-1
2.087108227E2,1.427472279E0,-1.446333935E0,-5.402131444E-1
2.087308127E2,1.343226765E0,-1.218274617E0,-6.618188578E-1
2.087508027E2,9.985768180E-1,-9.620118396E-1,-9.666394722E-1
2.087707937E2,4.705792379E-1,-9.171688849E-1,-1.033529865E0
2.087907837E2,1.544724740E-1,-1.163378179E0,-7.285531300E-1
2.088107737E2,-4.793108851E-3,-1.299499532E0,-3.674782079E-1
2.088307637E2,-3.059760243E-2,-1.054123320E0,-3.032453746E-1
2.088507537E2,-1.992277935E-2,-6.302186041E-1,-2.493235213E-1
2.088707437E2,1.288778955E-1,-3.517155033E-1,2.224660903E-1
2.088907347E2,8.387465402E-2,-1.421374071E-1,5.381116551E-1
2.089107247E2,-8.838139549E-2,-1.079877674E-1,4.079660833E-1
2.089307147E2,-3.540927619E-3,-1.507697247E-2,6.759983557E-1
2.089507047E2,3.851021545E-1,-3.271056689E-2,1.103881810E0
2.089706947E2,6.244905254E-1,-2.179529169E-1,9.299400079E-1
2.089906847E2,4.429172301E-1,-3.632752293E-1,3.065040278E-1
2.090106757E2,2.539556855E-1,-4.503254331E-1,-2.493428171E-1
2.090306657E2,5.858588487E-2,-3.696513256E-1,-6.025257522E-1
2.090506557E2,1.841782299E-1,-3.816072006E-1,-3.215734720E-1
2.090706457E2,3.644971512E-1,-5.310252683E-1,2.440505022E-1
2.090906357E2,1.578983577E-1,-5.415811005E-1,2.079720122E-1
2.091106257E2,-3.119039315E-1,-4.023113141E-1,-3.712783134E-1
2.091306167E2,-2.399097964E-1,-5.135485985E-1,-5.656561339E-1
2.091506067E2,4.121813411E-1,-5.295158096E-1,-3.729740059E-1
2.091705967E2,1.195533553E0,-1.141460549E-1,2.028106749E-2
2.091905867E2,1.310791675E0,1.789929921E-1,1.803532737E-1
2.092105767E2,5.946037982E-1,3.893631667E-2,-2.126059306E-1
2.092305667E2,-5.633105233E-2,-3.104909518E-1,-1.205385965E-1
2.092505577E2,1.385687783E-1,-2.676765425E-1,7.942933756E-1
2.092705477E2,5.225147921E-1,-3.219638468E-1,1.148115996E0
2.092905377E2,6.457200113E-1,-3.920793445E-1,1.026165882E0
2.093105277E2,6.984402618E-1,-2.873169744E-1,6.550682473E-1
2.093305177E2,9.733585078E-1,-2.532611094E-1,3.295011270E-1
2.093505084E2,1.078121609E0,-1.561446315E-1,1.018304300E-1
2.093704994E2,1.107312810E0,-1.234357457E-1,4.589146274E-1
2.093904894E2,9.995205586E-1,-4.621148086E-1,7.145268291E-1
2.094104794E2,9.699764782E-1,-7.762729148E-1,5.665835023E-1
2.094304694E2,8.375621867E-1,-7.652108599E-1,2.187835139E-1
2.094504594E2,7.851347356E-1,-7.093741896E-1,1.914407641E-1
2.094704494E2,5.408917138E-1,-7.660058619E-1,8.360904425E-1
2.094904404E2,3.179041980E-1,-9.977340880E-1,1.009475589E0
2.095104304E2,3.484677404E-1,-1.406899728E0,6.741699314E-1
2.095304204E2,4.156971256E-1,-1.190089064E0,1.157742852E-1
2.095504104E2,7.213278718E-1,-5.876070200E-1,-3.487267721E-1
2.095704004E2,9.081526977E-1,-2.815577593E-1,-2.129158330E-1
2.095903904E2,6.156840339E-1,-3.838469034E-1,-1.673063815E-1
2.096103804E2,3.100594273E-1,-7.121982486E-1,7.377431989E-3
2.096303714E2,3.332551856E-1,-8.432774746E-1,1.866173959E-1
2.096503614E2,5.465407088E-1,-4.396730487E-1,5.015496004E-1
2.096703514E2,9.786544771E-1,-3.064287449E-1,7.189865005E-1
2.096903414E2,1.301617248E0,-2.704644949E-1,7.145046097E-1
2.097103314E2,1.237900870E0,-2.347641005E-1,3.808975679E-1
2.097303214E2,1.063995759E0,-3.843445015E-1,-9.971724629E-2
2.097503124E2,9.403172077E-1,-4.210832883E-1,-4.176432252E-2
2.097703024E2,7.254139061E-1,-6.244077873E-1,2.862744159E-1
2.097902924E2,4.674834296E-1,-9.005549718E-1,4.749178720E-1
2.098102824E2,5.169317244E-1,-9.358971512E-1,4.800312620E-1
2.098302724E2,1.019320766E0,-6.340631483E-1,1.161827717E0
2.098502624E2,1.307271651E0,-6.461513896E-1,1.438554799E0
2.098702534E2,1.044345021E0,-7.867092445E-1,1.259304310E0
2.098902434E2,6.221906693E-1,-8.627287491E-1,8.771145076E-1
2.099102334E2,3.388176419E-1,-9.924989296E-1,5.149701297E-1
2.099302234E2,2.922265525E-1,-1.082888698E0,2.410310000E-1
2.099502134E2,2.550123139E-1,-1.056414405E0,-7.858014643E-2
2.099702034E2,2.640348966E-1,-1.036325857E0,-3.157946688E-1
2.099901944E2,2.847151096E-1,-1.097191864E0,-3.236463100E-1
2.100101844E2,2.958097262E-1,-1.198976393E0,-1.267746520E-1
2.100301744E2,2.066741678E-1,-1.438705365E0,-2.499076581E-1
2.100501644E2,-1.119504620E-1,-1.310563341E0,-7.007197988E-1
2.100701544E2,-5.605022153E-1,-8.580908838E-1,-1.292472641E0
2.100901444E2,-9.853403297E-1,-5.545104638E-1,-1.973600174E0
2.101101344E2,-1.186138247E0,-7.979402840E-2,-2.124872906E0
2.101301254E2,-7.871141642E-1,4.645829183E-1,-1.453967475E0
2.101501154E2,-2.015584937E-1,8.731892717E-1,-1.501945049E-1
2.101701054E2,6.634270979E-2,6.824896422E-1,1.039271831E0
2.101900954E2,-3.200883523E-1,-6.744003117E-2,1.180874437E0
2.102100854E2,-1.115763717E0,-3.764282486E-1,8.053259021E-1
2.102300754E2,-1.566378734E0,-1.638196868E-1,-1.733477247E-1
2.102500654E2,-1.935121110E0,2.073656559E-1,-1.735465300E0
2.102700564E2,-2.240263906E0,1.016265961E0,-2.266430488E0
2.102900464E2,-2.061303731E0,1.549414499E0,-1.740105066E0
2.103100364E2,-1.891187470E0,1.251814904E0,-6.840739453E-1
2.103300264E2,-1.853767044E0,7.250766680E-1,2.046759367E-2
2.103500194E2,-1.401761487E0,3.491995195E-1,4.114861071E-1
2.103700094E2,-8.104851928E-1,3.085625401E-1,8.591273028E-1
2.103900004E2,-8.336484991E-2,-8.486444145E-2,9.229262727E-1
2.104099904E2,2.471158319E-1,-2.346125114E-1,4.773240012E-1
2.104299804E2,7.243141910E-1,-2.569795731E-1,1.717531890E-1
2.104499704E2,1.320157599E0,-3.649691677E-1,3.492822576E-1
2.104699604E2,1.819235727E0,-5.617244661E-1,4.456934881E-1
2.104899504E2,1.745481142E0,-6.189152053E-1,-4.861445260E-1
2.105099404E2,1.301030333E0,-3.862273049E-1,-1.643010296E0
2.105299304E2,9.292593920E-1,-7.436021090E-2,-1.963999631E0
2.105499214E2,5.065048233E-1,2.980910540E-2,-1.909254490E0
2.105699114E2,9.470618248E-2,8.297929913E-2,-1.733042799E0
2.105899014E2,7.997061431E-2,1.685328349E-1,-1.549475895E0
2.106098914E2,2.604697761E-1,4.065960807E-1,-1.302770757E0
2.106298814E2,3.717953534E-1,6.373500144E-1,-6.110141551E-1
2.106498714E2,4.863260821E-1,6.501785132E-1,6.111001092E-1
2.106698624E2,6.384570386E-1,2.715160435E-1,1.208451660E0
2.106898524E2,6.403182073E-1,2.845594275E-1,1.259261625E0
2.107098424E2,1.332767266E0,4.853759095E-1,1.535874687E0
2.107298324E2,1.505483345E0,2.791837898E-1,4.230150622E-1
2.107498224E2,8.631360076E-1,2.840302545E-1,-5.826048732E-1
2.107698124E2,5.350132155E-1,-9.220474362E-3,-6.382762134E-1
2.107898024E2,1.240178360E-1,-2.395358670E-1,-7.243431348E-1
2.108097924E2,-2.233937511E-1,-2.051954618E-1,-1.311941530E0
2.108297834E2,-3.685298297E-1,1.500652814E-1,-1.261241493E0
2.108497734E2,-2.565085799E-2,3.708216459E-1,-3.468363672E-1
2.108697634E2,2.863217783E-1,2.025095433E-1,5.950302064E-1
2.108897534E2,3.944473207E-1,9.355545044E-6,8.439917850E-1
2.109097434E2,4.044384581E-1,2.234738579E-1,4.595508045E-1
2.109297334E2,4.778964436E-1,7.271267018E-1,1.012036085E-2
2.109497234E2,3.763200751E-1,9.356626779E-1,7.909002364E-2
2.109697144E2,-5.048111773E-1,1.069599584E0,3.286164433E-1
2.109897044E2,-2.186156111E0,1.641806939E0,-1.463517147E-1
2.110096944E2,-4.406833599E0,2.940738122E0,-6.269279373E-1
2.110296844E2,-5.731576438E0,3.506224394E0,7.782351673E-2
2.110496744E2,-5.316256896E0,2.702301239E0,4.947054344E-1
2.110696644E2,-3.817935660E0,1.642123565E0,3.249087238E-1
2.110896544E2,-1.731297112E0,1.162351043E0,8.184260041E-1
2.111096444E2,4.889424187E-1,7.503588590E-1,2.832036336E0
2.111296354E2,1.625018413E0,-3.513837469E-1,4.666371621E0
2.111496254E2,1.535409833E0,-1.972297707E0,3.797680027E0
2.111696154E2,1.084099802E0,-3.098838062E0,8.631747454E-1
2.111896054E2,8.864343846E-1,-3.518840346E0,-1.515656185E0
2.112095954E2,1.227774369E0,-3.207018568E0,-1.748527980E0
2.112295854E2,1.702205168E0,-3.216683431E0,-1.547572042E0
2.112495754E2,1.853286111E0,-2.657350184E0,-1.334826947E0
2.112695654E2,1.919535356E0,-1.822071919E0,-1.110882096E0
2.112895564E2,1.651441396E0,-4.185723478E-1,-7.478302306E-1
2.113095464E2,9.080515409E-1,1.395825101E0,-3.969674706E-1
2.113295364E2,7.824790764E-1,1.652531317E0,-1.949473393E-1
2.113495230E2,4.836819711E-1,9.055729061E-1,1.320635755E0
2.113695130E2,2.935837278E-1,-1.494706196E-1,2.360333848E0
2.113895030E2,6.144336069E-1,-9.318035156E-1,2.426710271E0
2.114094930E2,1.387824064E0,-1.183922006E0,1.739998646E0
2.114294830E2,1.853306576E0,-1.005331083E0,1.977294445E-1
2.114494740E2,1.876687837E0,-8.373259592E-1,-2.026189447E0
2.114694640E2,1.308078275E0,-7.778591913E-1,-3.905647695E0
2.114894540E2,8.507877114E-1,-1.087863362E0,-4.946325781E0
2.115094440E2,2.115937775E-1,-1.339538049E0,-4.882985818E0
2.115294340E2,-7.136319128E-1,-1.347143523E0,-3.557854723E0
2.115494240E2,-9.874207690E-1,-7.194367361E-1,-1.922045274E0
2.115694140E2,-1.609431198E0,7.922673154E-1,-2.270745733E0
2.115894040E2,-1.867255986E0,2.568743817E0,-2.210636356E0
2.116093950E2,-1.409762524E0,3.244731647E0,-9.987096959E-1
2.116293850E2,-4.203674430E-1,2.311542342E0,7.280800903E-1
2.116493750E2,4.299545377E-2,1.215389382E0,3.028230886E0
2.116693650E2,-5.684373620E-1,8.668789566E-2,3.396110213E0
2.116893550E2,-1.879458833E0,-6.367354721E-1,1.757249102E0
2.117093450E2,-2.445697934E0,-1.449665093E-1,3.672636151E-2
2.117293350E2,-2.051316102E0,8.257329771E-1,-4.467091495E-1
2.117493250E2,-1.519246375E0,1.349097954E0,-2.542872226E-1
2.117693150E2,-1.376161792E0,1.053127978E0,-3.001083434E-1
2.117893060E2,-1.565932884E0,4.041238779E-1,-6.413500947E-1
2.118092960E2,-1.541458193E0,3.717425823E-2,-7.066687560E-1
2.118292860E2,-1.390145993E0,8.760883212E-2,-8.869664812E-1
2.118492760E2,-1.062957147E0,1.785488230E-1,-1.076293477E0
2.118692660E2,-8.010156271E-1,2.223181558E-1,-1.156510259E0
2.118892560E2,-4.813141412E-1,2.576207203E-1,-4.913596576E-1
2.119092460E2,-4.729429749E-1,-6.115602851E-3,-3.281773174E-1
2.119292360E2,-9.792038231E-1,-1.042809981E-1,-4.220689827E-1
2.119492270E2,-1.498873652E0,1.538993007E-1,-4.907521319E-1
2.119692170E2,-9.110298201E-1,9.584405065E-2,-8.167221254E-1
2.119892070E2,3.984699127E-1,-2.737894410E-1,6.840014398E-2
2.120091970E2,1.445289622E0,-5.763015747E-1,1.655457264E0
2.120291870E2,1.795157332E0,-1.164343774E0,1.782631865E0
2.120491770E2,9.447609454E-1,-1.164470658E0,-1.796387440E-1
2.120691670E2,1.134777912E-1,-8.776436806E-1,-1.843232993E0
2.120891570E2,-1.155212469E-1,-1.356080407E-1,-1.758828435E0
2.121091470E2,5.577028973E-1,-3.462721109E-3,-3.755684155E-1
2.121291380E2,1.028461645E0,-5.529407787E-1,5.753478938E-1
2.121491280E2,1.195837462E0,-8.129003853E-1,8.583005065E-1
2.121691180E2,1.390883327E0,-5.420813298E-1,7.512871045E-1
2.121891080E2,1.503775958E0,-1.269974309E-1,7.548562449E-1
2.122090980E2,1.423813384E0,-2.289711177E-2,9.409894913E-1
2.122290880E2,1.066413437E0,-2.739619339E-1,1.279495915E0
2.122490780E2,7.345987856E-1,-7.600643599E-1,1.437725079E0
2.122690680E2,5.498698211E-1,-1.032077417E0,1.426274477E0
2.122890580E2,7.414887059E-1,-1.130783095E0,1.276408001E0
2.123090480E2,1.050466252E0,-7.988632670E-1,7.309855717E-1
2.123290390E2,1.188338554E0,-3.379480147E-1,2.051571625E-1
2.123490287E2,1.149072308E0,-3.036233971E-1,-3.217021108E-2
2.123690187E2,1.013222924E0,-4.843090850E-1,1.252590537E-1
2.123890087E2,9.377777620E-1,-7.799361223E-1,5.065267503E-1
2.124089987E2,9.469029267E-1,-9.535016558E-1,6.955561227E-1
2.124289887E2,1.098694672E0,-9.470211866E-1,6.579240274E-1
2.124489787E2,1.211196563E0,-6.847849667E-1,4.518049979E-1
2.124689687E2,1.171390765E0,-3.874192598E-1,8.893147230E-2
2.124889587E2,1.080908684E0,-3.771188048E-1,1.527421367E-1
2.125089487E2,7.524039958E-1,-5.344436967E-1,2.441797256E-1
2.125289397E2,4.957022385E-1,-6.264686385E-1,4.367951953E-1
2.125489297E2,5.486649292E-1,-6.214964586E-1,4.997182524E-1
2.125689197E2,5.365586346E-1,-3.524432623E-1,1.285826111E-1
2.125889097E2,4.767666885E-1,-3.045896494E-1,-3.872090524E-1
2.126088997E2,-5.927176327E-2,-2.434482390E-1,-1.003389223E0
2.126288897E2,-7.012144002E-1,-3.280986723E-1,-1.296595513E0
2.126488797E2,-1.083842817E0,-2.935267174E-1,-1.157775012E0
2.126688697E2,-1.135144533E0,-1.519779056E-1,-7.550193822E-1
2.126888597E2,-1.055275806E0,1.277932370E-1,-4.384639907E-1
2.127088497E2,-6.749753123E-1,3.736341566E-1,-2.946792036E-1
2.127288407E2,-4.881073632E-1,8.056708878E-1,-5.080470264E-2
2.127488307E2,-3.140186501E-1,9.477687532E-1,4.265602291E-1
2.127688207E2,-2.475208978E-1,7.086038920E-1,9.201962078E-1
2.127888107E2,-3.779902592E-1,4.110861576E-1,1.086179949E0
2.128088007E2,-4.859577075E-1,2.150211230E-1,5.572051531E-1
2.128287907E2,-6.062982295E-1,3.917000064E-1,-1.883288759E-1
2.128487807E2,-4.447025312E-1,5.885096839E-1,-7.316971779E-1
2.128687707E2,-2.552431693E-1,8.629850033E-1,-9.325344175E-1
2.128887607E2,2.662295759E-2,1.017523697E0,-7.566735595E-1
2.129087507E2,3.139108421E-1,8.906800479E-1,-4.542573202E-1
2.129287407E2,3.922220166E-1,7.468408817E-1,-3.308033019E-1
2.129487317E2,3.479595443E-1,6.265686259E-1,-4.174315560E-1
2.129687217E2,-3.412142694E-3,4.303729060E-1,-7.186309898E-1
2.129887117E2,-2.153783879E-1,3.103058875E-2,-5.505884439E-1
2.130087017E2,-1.072778423E-1,-2.782988137E-1,-1.443420267E-1
2.130286917E2,4.525671825E-2,-3.250715688E-1,4.653857410E-2
2.130486817E2,4.028534241E-2,-2.800652575E-1,-6.426323891E-2
2.130686717E2,-5.990421273E-2,-4.048878166E-1,-2.913585699E-1
2.130886617E2,-2.404705444E-1,-5.517093551E-1,-9.078913271E-2
2.131086517E2,-9.703110851E-2,-5.885865748E-1,5.747970861E-1
2.131286417E2,-6.801663972E-2,-5.366150603E-1,5.950319606E-1
2.131486317E2,-1.553469982E-1,-1.935633034E-1,2.484476084E-1
2.131686217E2,6.902791567E-2,2.181078681E-1,3.637962162E-1
2.131886127E2,3.487482606E-1,3.338695818E-1,1.202664086E0
2.132086027E2,4.311153562E-1,2.441975597E-1,1.426706001E0
2.132285927E2,3.083628577E-1,3.218985772E-1,7.160517830E-1
2.132485827E2,6.092762165E-2,6.122365156E-1,-1.299713248E-1
2.132685727E2,9.123651780E-2,7.429533604E-1,-4.021440107E-1
2.132885627E2,8.950705759E-2,8.253941309E-1,-4.781057739E-1
2.133085527E2,1.788285392E-1,6.865712911E-1,-2.638608688E-1
2.133285427E2,3.350159284E-1,3.755678308E-1,1.419557780E-1
2.133485327E2,3.896064840E-1,1.420089877E-1,2.262638569E-1
2.133685227E2,3.339560475E-1,-3.368610173E-2,5.282374620E-2
2.133885127E2,2.013658279E-1,-1.158073220E-1,-1.346900278E-1
2.134085027E2,1.982032882E-1,-1.952934945E-1,-1.450840384E-1
2.134284937E2,3.188971283E-1,-2.694423285E-1,-3.339631373E-1
2.134484837E2,3.215151460E-1,-1.610434288E-1,-7.217241669E-1
2.134684737E2,1.440139248E-1,-4.767439574E-2,-9.210849845E-1
2.134884637E2,-7.787073299E-2,-9.730468512E-2,-9.801354307E-1
2.135084537E2,-1.790965609E-1,-4.491106009E-1,-7.078937477E-1
2.135284437E2,-1.485189852E-1,-5.546727240E-1,-3.591079187E-1
2.135484337E2,1.371683702E-1,-2.731292903E-1,-1.784225231E-1
2.135684237E2,2.694484681E-1,1.206765908E-1,-3.060947227E-1
2.135884137E2,2.178643316E-1,2.343751144E-1,-3.129839122E-1
2.136084037E2,2.629712150E-2,6.424335837E-2,2.191448718E-1
2.136283937E2,-8.816548705E-2,-2.135862163E-1,6.273033285E-1
2.136483837E2,-2.347044589E-1,-2.893199381E-1,6.562096238E-1
2.136683737E2,-2.769276416E-1,-2.310120884E-1,2.248084849E-1
2.136883637E2,-3.308285911E-1,-8.037699580E-2,-1.592454100E-1
2.137083547E2,-3.119099249E-1,4.997644454E-2,-1.894661593E-1
2.137283447E2,-3.302171186E-1,-2.978074640E-2,6.458600521E-2
2.137483347E2,-3.757027553E-1,-1.922377396E-1,6.272483647E-1
2.137683247E2,-2.503326045E-1,-3.544099733E-1,9.633340412E-1
2.137883147E2,8.709427714E-3,-2.557934654E-1,1.060379695E0
2.138083047E2,3.209728168E-1,-5.892853171E-2,1.183782842E0
2.138282947E2,4.667700693E-1,-4.911661148E-3,9.883034062E-1
2.138482847E2,3.735560963E-1,-1.135266155E-1,7.287536895E-1
2.138682747E2,3.136936180E-1,-3.030810678E-1,5.297758645E-1
2.138882647E2,2.418874709E-1,-3.768825772E-1,3.596914709E-2
2.139082547E2,1.134801301E-1,-3.852630991E-1,-6.407431537E-1
2.139282447E2,1.343485504E-2,-3.997405127E-1,-1.246760863E0
2.139482347E2,-1.418284549E-1,-3.343209869E-1,-1.657832987E0
2.139682247E2,-1.788979018E-1,-3.286866099E-1,-1.372878288E0
2.139882147E2,-2.290946402E-1,-4.845701632E-1,-7.567571747E-1
2.140082057E2,-3.487548387E-1,-6.082343888E-1,-5.459913629E-1
2.140281957E2,-3.410316901E-1,-6.932090503E-1,-6.268946081E-1
2.140481857E2,-3.657560568E-1,-6.686989841E-1,-6.182956928E-1
2.140681757E2,-3.560735062E-1,-6.766365793E-1,-3.875253868E-1
2.140881657E2,-5.642732674E-1,-8.691757429E-1,-1.132705075E-1
2.141081557E2,-8.704549675E-1,-1.147832406E0,-1.158947378E-1
2.141281457E2,-9.922684032E-1,-1.213746314E0,-2.131093758E-1
2.141481357E2,-7.030681868E-1,-1.170991766E0,1.332697392E-1
2.141681257E2,-2.986561874E-1,-1.251752339E0,6.201305491E-1
2.141881157E2,-2.062872101E-1,-1.363000294E0,6.501174098E-1
2.142081057E2,-3.798280390E-1,-1.387071527E0,1.481462252E-1
2.142280957E2,-4.458383529E-1,-9.465756288E-1,1.491110158E-1
2.142480857E2,-2.262264347E-1,-4.816114721E-1,2.906814623E-1
2.142680757E2,-6.648276888E-2,-9.062102526E-2,6.900883913E-1
2.142880657E2,1.326331966E-1,4.550420165E-2,1.494354193E0
2.143080557E2,3.700163381E-1,-8.378504544E-2,2.578709811E0
2.143280457E2,6.059263466E-1,-3.348954758E-1,3.145010308E0
2.143480357E2,3.769820530E-1,-5.523142496E-1,2.441991384E0
2.143680263E2,8.254909024E-2,-4.151955807E-1,1.219151480E0
2.143880173E2,-4.147020757E-2,-2.123021677E-1,3.719910890E-1
2.144080073E2,-2.143460619E-1,6.231728554E-2,-3.203028721E-1
2.144279973E2,-2.342567083E-1,3.900814971E-1,-6.636969835E-1
2.144479873E2,-1.876511836E-1,6.875238025E-1,-5.793058741E-1
2.144679773E2,7.585168943E-2,8.999987555E-1,2.303101301E-1
2.144879673E2,6.268772127E-1,8.378033844E-1,1.013772123E0
2.145079573E2,7.940409221E-1,1.039425028E0,1.063510294E0
2.145279473E2,8.673772855E-1,1.084400349E0,9.193448532E-1
2.145479373E2,5.076321664E-1,9.294076189E-1,7.724534404E-1
2.145679273E2,1.955018015E-1,5.815427265E-1,7.134164429E-1
2.145879173E2,1.082360548E-1,4.187082955E-1,6.306415039E-1
2.146079073E2,1.932778130E-1,4.185656235E-1,2.288752234E-1
2.146278973E2,1.897542809E-1,4.469193569E-1,-2.044017023E-1
2.146478873E2,1.377574772E-1,5.030616903E-1,-6.242855805E-1
2.146678773E2,1.819384539E-1,5.296074647E-1,-9.790373236E-1
2.146878673E2,4.666392379E-1,4.779481915E-1,-9.093309116E-1
2.147078573E2,8.108711091E-1,4.033292413E-1,-4.164211571E-1
2.147278473E2,8.238582136E-1,2.951724163E-1,-4.247370672E-1
2.147478373E2,6.148565067E-1,2.386886054E-1,-6.369939190E-1
2.147678273E2,4.548103206E-1,2.019081572E-1,-8.316605920E-1
2.147878173E2,5.009154698E-1,3.196930075E-1,-8.928692454E-1
2.148078073E2,7.016329877E-1,4.725216830E-1,-9.006618297E-1
2.148277973E2,7.846292438E-1,4.970451978E-1,-7.444920552E-1
2.148477873E2,5.927101775E-1,3.219231355E-1,-6.941615617E-1
2.148677783E2,3.340559618E-1,1.209151572E-1,-8.437824547E-1
2.148877683E2,1.002164523E-1,1.077510282E-1,-1.143505467E0
2.149077583E2,1.746988700E-1,2.195664561E-1,-1.022987920E0
2.149277483E2,5.553078778E-1,2.897561404E-1,-6.365957236E-1
2.149477383E2,7.303969033E-1,3.979834244E-1,-2.421694529E-1
2.149677283E2,7.533305602E-1,2.779278079E-1,-3.261109114E-2
2.149877183E2,6.735089037E-1,2.158724776E-1,-1.572491705E-1
2.150077083E2,6.945278898E-1,3.962862700E-1,-3.790878546E-1
2.150276983E2,7.395961815E-1,6.291989958E-1,-5.942250448E-1
2.150476883E2,5.870601591E-1,8.046163425E-1,-7.873585778E-1
2.150676783E2,4.021586287E-1,7.966398633E-1,-8.368266070E-1
2.150876683E2,2.807153948E-1,8.457383484E-1,-4.014762586E-1
2.151076583E2,1.943364514E-1,7.632619098E-1,-6.330020249E-2
2.151276483E2,1.307371639E-2,8.042871442E-1,1.060111892E-1
2.151476383E2,3.889297418E-2,7.288022214E-1,2.763271326E-1
2.151676283E2,1.270845544E-1,5.379508567E-1,3.869921207E-1
2.151876183E2,-2.996646859E-2,3.461689076E-1,2.806318527E-1
2.152076083E2,1.196391486E-2,2.326984254E-1,6.485731602E-3
2.152275983E2,5.257414319E-2,2.376232427E-1,1.274517596E-1
2.152475883E2,2.551134342E-1,2.035167262E-1,1.849678963E-1
2.152675783E2,2.307413623E-1,3.443656263E-1,-3.441793925E-1
2.152875683E2,2.444630963E-1,5.856647211E-1,-5.128896904E-1
2.153075583E2,2.207100253E-1,6.105025238E-1,-5.203770500E-1
2.153275483E2,2.844698189E-1,5.477007964E-1,-5.361142462E-1
2.153475383E2,4.132363249E-1,6.386173984E-1,-5.869850224E-1
2.153675283E2,5.326904822E-1,6.021211249E-1,-8.769396758E-1
2.153875183E2,5.728180229E-1,5.860819200E-1,-9.687754601E-1
2.154075083E2,7.281501107E-1,6.642852134E-1,-9.115084147E-1
2.154274983E2,8.888277230E-1,7.005739108E-1,-1.180806025E0
2.154474883E2,9.211327855E-1,8.419475985E-1,-1.755801916E0
2.154674783E2,9.714417174E-1,1.112052417E0,-1.787093291E0
2.154874683E2,1.194421778E0,1.278997732E0,-1.517253644E0
2.155074583E2,4.644311099E-1,6.756545395E-2,-1.332862868E0
2.155274483E2,7.046853074E-1,6.896267536E-1,-7.783293074E-1
2.155474383E2,1.678470589E0,8.637199983E-1,-4.631269616E-1
2.155674283E2,1.861453794E0,5.912382871E-1,-4.077433044E-1
2.155874183E2,1.424554226E0,2.841881293E-1,-1.117131600E0
2.156074083E2,1.241431126E0,3.782490715E-1,-1.128199210E0
2.156273983E2,1.384612480E0,5.604281384E-1,-1.128733646E0
2.156473883E2,1.387756090E0,4.832624334E-1,-9.750126851E-1
2.156673783E2,1.278150032E0,2.365637273E-1,-1.142124939E0
2.156873683E2,1.427998236E0,3.627834785E-1,-1.212988515E0
2.157073583E2,1.714663246E0,5.875902092E-1,-1.295431917E0
2.157273483E2,1.746242742E0,1.071935839E0,-2.155571957E0
2.157473383E2,3.421984727E0,2.267505206E0,1.909904115E0
2.157673283E2,4.011141990E0,2.523723764E0,1.228204139E0
2.157873183E2,2.828268683E0,2.360584109E0,2.227465813E0
2.158073083E2,-1.966917099E-1,8.492536944E-1,4.742992365E-1
2.158272983E2,-4.816308410E-1,-1.748894308E0,1.198499115E0
2.158472883E2,5.363556632E-1,-1.159645828E0,6.047821927E-1
2.158672783E2,-3.010204176E-1,1.087228647E0,2.038986079E0
2.158872683E2,-2.473424663E-1,3.411768472E-1,2.158659872E0
2.159072583E2,1.559535737E-1,-3.197256057E-1,1.318568764E0
2.159272483E2,-8.301302294E-1,-7.300029472E-1,1.102871996E0
2.159472383E2,-1.728193118E0,-1.377001452E0,1.274591271E0
2.159672283E2,-1.678373379E0,-1.970060270E0,6.108124262E-1
2.159872183E2,-9.913252473E-1,-1.343176479E0,2.134888601E-1
2.160072083E2,-1.295778218E0,-1.055387854E0,2.185993266E0
2.160271983E2,-1.496844815E0,-2.439279592E0,4.943526134E0
2.160471883E2,-2.080970549E0,-4.536344748E0,4.387375819E0
2.160671783E2,-2.567994204E0,-4.773651071E0,3.153905092E0
2.160871683E2,-1.005235627E0,-2.958892264E0,3.378324738E0
2.161071583E2,6.034352866E-1,-1.989544362E0,3.667050306E0
2.161271483E2,1.821631332E0,-1.205948175E0,2.001386728E0
2.161471383E2,1.281205349E-1,-1.454282347E0,-2.402416259E0
2.161671283E2,-4.609952129E-1,-1.039927304E0,-2.490558357E0
2.161871183E2,-1.043015949E0,-5.117404202E-1,-3.066118505E0
2.162071083E2,-1.272651311E0,-6.453510520E-1,-3.924448832E0
2.162270983E2,-1.449795633E0,-1.535048768E0,-4.105152354E0
2.162470883E2,-1.907771051E0,-2.149595226E0,-1.380278524E0
2.162670783E2,-1.337073448E0,-1.736089783E0,2.610723317E-1
2.162870683E2,-1.260301845E0,-1.879397145E0,-6.845686197E-2
2.163070583E2,-2.173836174E0,-2.000722484E0,-4.237909877E-1
2.163270483E2,-2.687679107E0,-1.599328963E0,1.592822474E-1
2.163470382E2,-1.607869407E0,-8.009516001E-1,1.322926694E-1
2.163670282E2,-7.534580295E-1,1.399852663E-2,-9.645976245E-2
2.163870182E2,-1.939378906E-1,4.420509651E-1,-1.375295527E0
2.164070082E2,-2.042546448E-1,4.774456233E-1,-2.636010185E0
2.164269982E2,1.311015916E-1,9.346519867E-1,-2.773337308E0
2.164469882E2,4.654814161E-1,8.818814501E-1,-1.250703056E0
2.164669782E2,6.169081485E-1,5.546949434E-1,1.920563589E0
2.164869682E2,1.480340171E0,8.769934702E-1,2.232693808E0
2.165069582E2,9.209807579E-1,-5.179972333E-1,1.745931816E-1
2.165269482E2,4.758243731E-1,1.176182047E-1,-1.609687598E0
2.165469382E2,-1.635437347E-1,5.896200702E-1,-1.646365428E0
2.165669282E2,3.780923844E-3,-1.298666596E-2,-7.080481142E-1
2.165869182E2,5.993600696E-1,-2.003451964E-1,2.397142071E-1
2.166069082E2,3.784667341E-1,-5.875200427E-1,9.091765451E-1
2.166268982E2,1.911841627E-1,-3.907419401E-1,1.853165073E0
2.166468882E2,-8.881476188E-1,-5.869455537E-1,2.182825245E0
2.166668782E2,-3.491870941E-1,7.063933522E-2,1.541927724E0
2.166868682E2,-2.144154245E-1,1.817060271E-1,2.449690998E-2
2.167068582E2,-6.111722492E-1,-4.956620389E-1,-8.370230734E-1
2.167268482E2,-1.116756794E-1,-2.728509629E-1,2.095887673E-1
2.167468382E2,3.756939114E-1,-3.642771497E-1,1.549152544E0
2.167668282E2,3.237527293E-1,-6.593229738E-1,1.925675225E0
2.167868182E2,-2.035569258E-2,-6.768102416E-1,1.166102616E0
2.168068082E2,-9.542809434E-2,-5.302383792E-1,2.418694907E-1
2.168267972E2,2.352186484E-1,-6.692977390E-1,-7.279783487E-2
2.168467872E2,3.750192889E-1,-1.060249887E0,-9.222228527E-3
2.168667772E2,5.195336623E-1,-9.502508962E-1,2.332390004E-1
2.168867672E2,6.934015699E-1,-5.155770707E-1,3.248058128E-1
2.169067572E2,5.171525299E-1,-3.199611023E-1,2.311755180E-1
2.169267472E2,3.321706368E-1,-2.040991089E-1,6.119754374E-2
2.169467372E2,5.532258670E-1,-2.922669348E-1,-2.655103683E-2
2.169667272E2,1.022470441E0,-3.621423313E-1,-3.443355131E-1
2.169867172E2,1.283168259E0,-3.984652349E-1,-1.729898751E-2
2.170067072E2,9.651008505E-1,-3.954878327E-1,5.240286362E-1
2.170266972E2,5.576295879E-1,-3.468281811E-1,1.004525337E0
2.170466872E2,5.738870035E-1,-3.969806269E-1,1.192486423E0
2.170666772E2,8.916111439E-1,-1.925529045E-1,9.983933616E-1
2.170866672E2,7.170988000E-1,-1.405965927E-1,6.883535224E-1
2.171066572E2,5.036302590E-1,-6.936376512E-2,1.866226584E-1
2.171266472E2,3.391400793E-1,-4.311269045E-2,-2.030059719E-1
2.171466372E2,4.071118782E-1,-8.432415873E-2,-6.643857855E-1
2.171666272E2,6.129321515E-1,-9.351656646E-2,-8.925768846E-1
2.171866172E2,7.130938227E-1,-1.576090667E-1,-3.811168385E-1
2.172066072E2,5.784438118E-1,-1.976812050E-1,1.098247433E-1
2.172265972E2,4.460988463E-1,-4.133952230E-2,2.782748401E-1
2.172465872E2,5.216885074E-1,4.197803825E-2,4.002085823E-1
2.172665772E2,6.641233186E-1,-1.543811113E-2,4.921004999E-1
2.172865672E2,9.499203093E-1,-8.224284232E-2,6.601097167E-1
2.173065572E2,9.876613089E-1,4.330711037E-2,7.907803684E-1
2.173265462E2,4.305983527E-1,1.297947389E-1,7.427659571E-1
2.173465362E2,-1.380887767E-1,8.761935711E-2,6.391538805E-1
2.173665254E2,6.787098924E-2,1.281008005E-2,3.973159647E-1
2.173865154E2,5.734252197E-1,-2.003127444E-1,1.451208758E-1
2.174065054E2,4.571849480E-1,-4.165047723E-1,2.430693394E-1
2.174264954E2,6.345504407E-2,-3.603709173E-1,2.160481864E-1
2.174464854E2,-6.815922042E-2,-2.895158198E-1,-3.590278119E-1
2.174664754E2,2.554084810E-1,-9.256288558E-2,-1.284259057E0
2.174864654E2,5.394523120E-1,7.498206228E-2,-1.834055203E0
2.175064554E2,5.560793814E-1,2.723767537E-1,-2.058350887E0
2.175264454E2,6.209643620E-1,5.018478084E-1,-2.039924557E0
2.175464354E2,7.435869793E-1,6.456124225E-1,-1.605468832E0
2.175664254E2,8.465353969E-1,6.330610818E-1,-7.541399610E-1
2.175864154E2,9.832024415E-1,6.366986346E-1,-1.626479048E-1
2.176064054E2,8.536135977E-1,6.269969344E-1,-2.071218270E-1
2.176263954E2,8.406498089E-1,6.239043421E-1,-2.397083598E-1
2.176463854E2,9.941444092E-1,5.594028291E-1,1.074379098E-1
2.176663754E2,1.148652040E0,2.649993217E-1,7.866113037E-1
2.176863644E2,1.431777876E0,2.424752623E-2,9.668067026E-1
2.177063544E2,1.632891543E0,2.966409445E-2,5.063507491E-1
2.177263444E2,1.619494548E0,2.024785531E-1,2.125457042E-1
2.177463344E2,1.291953408E0,2.288486186E-1,1.920412731E-1
2.177663244E2,1.241622184E0,5.509275824E-2,2.146928018E-1
2.177863144E2,1.370104954E0,7.896460086E-2,-3.886527300E-1
2.178063044E2,1.282103481E0,3.113054690E-1,-7.776007444E-1
2.178262944E2,8.672005534E-1,2.725843298E-1,-7.986314249E-1
2.178462844E2,1.148520989E0,3.125944877E-1,-3.947636551E-1
2.178662744E2,1.614293158E0,9.382734597E-2,3.334550142E-2
2.178862644E2,1.884883587E0,3.047013313E-2,4.329600066E-1
2.179062544E2,1.328789405E0,2.445159405E-2,5.590172052E-1
2.179262444E2,9.478520760E-1,1.332565829E-1,4.082151747E-1
2.179462344E2,1.017836377E0,2.240424997E-1,2.283226615E-1
2.179662244E2,1.109871844E0,1.256595880E-1,7.195992887E-2
2.179862144E2,1.444554627E0,1.439485091E-1,-1.155596924E-1
2.180062034E2,1.521510709E0,2.444799802E-1,-2.740180671E-2
2.180261934E2,1.212713257E0,1.771194711E-1,6.155428237E-1
2.180461834E2,7.168027847E-1,2.100787640E-2,1.047308829E0
2.180661734E2,5.278693067E-1,8.533280343E-2,3.545821738E-1
2.180861634E2,5.282330766E-1,3.464600989E-1,-8.146206361E-1
2.181061534E2,5.814736928E-1,4.384195518E-1,-1.175502600E0
2.181261434E2,8.122515636E-1,4.346767491E-1,-7.259692454E-1
2.181461334E2,6.461813566E-1,2.290196496E-1,-9.927285790E-2
2.181661234E2,4.178585124E-1,2.284381440E-1,9.181239545E-2
2.181861134E2,4.271327811E-1,3.142863795E-1,-2.586053914E-1
2.182061034E2,8.328481615E-1,4.486217737E-1,-5.638288790E-1
2.182260934E2,9.109978066E-1,4.607559156E-1,-4.718100768E-1
2.182460834E2,7.633751996E-1,3.471018308E-1,-1.845597607E-1
2.182660734E2,8.200505067E-1,4.209822777E-1,-1.430568087E-1
2.182860634E2,9.159427238E-1,5.192160854E-1,7.366029918E-2
2.183060524E2,8.592063864E-1,6.026254472E-1,3.374837458E-1
2.183260424E2,5.262592028E-1,3.068574920E-1,4.438609707E-1
2.183460324E2,1.492666979E-1,-1.112824541E-1,5.495289284E-1
2.183660228E2,2.689072352E-1,-1.199801874E-1,8.987421888E-1
2.183860128E2,9.192860886E-2,-4.545300928E-1,1.607284977E0
2.184060028E2,-2.457952382E-1,-7.463771975E-1,2.100157894E0
2.184259928E2,-5.487314413E-1,-7.598816344E-1,2.076203606E0
2.184459828E2,-8.362274136E-1,-5.150844428E-1,1.412296708E0
2.184659728E2,-1.006385263E0,-3.723597559E-1,6.539520139E-1
2.184859628E2,-9.538561432E-1,2.081988841E-2,3.677968812E-1
2.185059528E2,-8.081509843E-1,-5.929866046E-2,8.313647228E-1
2.185259428E2,-1.392196319E0,-8.688155544E-1,1.442610428E0
2.185459328E2,-1.816233182E0,-1.540739570E0,1.326131553E0
2.185659228E2,-1.742873138E0,-1.727779720E0,7.912054610E-1
2.185859118E2,-1.835179769E0,-1.604874170E0,1.817630374E-1
2.186059018E2,-2.125543581E0,-1.600383216E0,-4.456490493E-1
2.186258918E2,-2.387960188E0,-1.422624352E0,-9.925110626E-1
2.186458818E2,-2.220081364E0,-1.160655935E0,-1.321022256E0
2.186658718E2,-1.787780923E0,-8.843472210E-1,-1.557126977E0
2.186858618E2,-1.534775264E0,-5.351348376E-1,-1.590939671E0
2.187058518E2,-1.499154465E0,-2.159481990E-1,-1.654914057E0
2.187258418E2,-1.310705867E0,2.985880673E-3,-1.570142294E0
2.187458318E2,-1.418039112E0,3.913687617E-2,-1.262356557E0
2.187658218E2,-1.674317604E0,-1.601599145E-1,-1.012986258E0
2.187858118E2,-1.913720593E0,-9.538299769E-2,-5.662712610E-1
2.188058018E2,-2.103331325E0,-1.844428164E-1,3.523081917E-1
2.188257918E2,-1.910398497E0,-9.128760785E-2,6.649710917E-1
2.188457818E2,-1.497625710E0,1.079162121E-2,4.112919796E-1
2.188657708E2,-1.017338194E0,-3.505727381E-2,5.188936114E-2
2.188857608E2,-5.409498936E-1,-6.095634609E-2,1.976066530E-2
2.189057508E2,-1.148672724E-1,-1.608683047E-1,2.187396598E-1
2.189257408E2,-4.491281061E-1,2.494936752E-1,3.049808282E-1
2.189457308E2,-1.029676696E0,6.517867899E-1,-5.464632332E-2
2.189657208E2,-1.703584380E0,4.863810459E-1,-4.594245046E-1
2.189857108E2,-2.294812873E0,-2.676542500E-1,-4.849552023E-1
2.190057008E2,-2.137983094E0,-3.596373841E-1,-4.234074104E-1
2.190256908E2,-1.505822922E0,-6.316951722E-2,-3.360921085E-2
2.190456808E2,-1.275195288E0,2.744858444E-1,2.094688994E-1
2.190656708E2,-1.486418060E0,7.802454400E-1,7.808699226E-1
2.190856608E2,-1.034248561E0,1.782966034E0,1.781964113E0
2.191056508E2,-5.621233193E-1,1.947850498E0,2.025133440E0
2.191256398E2,-1.290378753E0,3.287421584E-2,1.756860262E0
2.191456298E2,-1.115635736E0,-2.544907057E-1,1.020284168E0
2.191656198E2,-1.229269210E0,-7.924155423E-1,1.092718890E0
2.191856098E2,-1.090152255E0,-1.020993435E0,1.383624301E0
2.192055998E2,-4.495301387E-1,-1.082613147E0,1.116782522E0
2.192255898E2,-1.943131357E-1,-1.127446966E0,2.791063142E-1
2.192455798E2,-7.416231919E-2,-1.059140962E0,-5.674336874E-1
2.192655698E2,5.658181018E-1,-9.812481558E-1,-1.164583510E0
2.192855598E2,1.294283231E0,-1.119319628E0,-1.256456716E0
2.193055498E2,1.491553085E0,-1.455649426E0,-1.052700546E0
2.193255398E2,1.320518665E0,-1.748694041E0,-7.004233450E-1
2.193455298E2,1.669115044E0,-1.693776699E0,-3.840802073E-1
2.193655194E2,1.884962086E0,-1.626284335E0,-1.694002694E-1
2.193855084E2,1.592982980E0,-1.807505043E0,2.113797694E-1
2.194054984E2,7.959434599E-1,-1.826968670E0,8.370692664E-1
2.194254884E2,1.154435521E-1,-2.025858787E0,1.169673511E0
2.194454784E2,-1.011439084E0,-9.683491981E-1,2.347485761E0
2.194654684E2,-2.777642028E0,9.232344210E-2,2.066522371E0
2.194854584E2,-2.582468109E0,-4.693478143E-1,3.603457743E-1
2.195054484E2,1.092027530E0,1.584487561E0,-2.474786662E0
2.195254384E2,2.218967469E0,-2.876147439E0,-1.785094712E0
2.195454284E2,2.377396462E0,-1.962441348E0,1.134141735E0
2.195654184E2,-1.340978657E0,-9.026428664E-1,1.598808854E0
2.195854084E2,-1.364937331E0,-2.214876757E0,-3.230340480E0
2.196053984E2,-2.003039882E0,-1.749706194E0,-2.874012328E0
2.196253874E2,-3.125178161E-1,-2.639267669E0,1.051512977E0
2.196453774E2,-1.583427314E0,-5.865339097E-1,5.111487989E0
2.196653674E2,7.728151638E-1,-1.712209462E-1,3.014878185E0
2.196853574E2,1.436421442E0,-1.802141100E0,3.322721225E0
2.197053474E2,2.227391553E0,-2.313238473E0,3.512995470E0
2.197253374E2,1.018476355E0,-2.619405555E0,1.153525255E0
2.197453274E2,-3.045039877E-2,-2.148097461E0,-6.075666368E-1
2.197653174E2,-2.368160931E0,-9.695709738E-1,-2.543602543E0
2.197853074E2,-1.986106199E0,-1.545030257E-1,-2.088355290E0
2.198052974E2,-6.925193712E-2,-8.942678994E-1,-1.234680516E-1
2.198252874E2,7.659988452E-1,-2.291617954E0,1.059137746E0
2.198452774E2,6.695326509E-1,-2.993574439E0,1.129945773E0
2.198652674E2,5.110030863E-1,-3.004241222E0,4.359385782E-1
2.198852564E2,5.551755846E-1,-2.453526186E0,3.465176940E-2
2.199052464E2,8.166276929E-1,-2.093364015E0,-3.274891001E-1
2.199252364E2,8.303534469E-1,-1.641311972E0,-8.630022526E-1
2.199452264E2,6.407893467E-1,-1.316118781E0,-1.423149140E0
2.199652164E2,7.213245097E-1,-8.065845153E-1,-1.383610268E0
2.199852064E2,7.674198648E-1,-3.079427353E-1,-1.396476481E0
2.200051964E2,2.457777697E-1,3.470799038E-1,-8.776916277E-1
2.200251864E2,-3.401819435E-1,-1.447738436E-1,5.151356059E-1
2.200451764E2,-8.967862952E-1,-1.156335427E0,1.466882220E0
2.200651664E2,-1.156918102E0,-1.446122265E0,2.498402397E0
2.200851564E2,-1.086927516E0,-1.276864376E0,2.803414800E0
2.201051464E2,-8.991286898E-1,-6.294884330E-1,2.489716358E0
2.201251354E2,-5.959058270E-1,-3.122857547E-1,2.145168591E0
2.201451254E2,-5.574396265E-1,-3.911766806E-1,1.604858968E0
2.201651154E2,-5.732262316E-1,-5.363566133E-1,1.032629394E0
2.201851054E2,-1.980928490E-1,-6.662887618E-1,8.473258674E-1
2.202050954E2,2.990742633E-1,-5.859793013E-1,8.019859725E-1
2.202250854E2,1.026414973E0,-4.184431243E-1,6.598074156E-1
2.202450754E2,1.616583220E0,-6.421909243E-2,2.161873502E-1
2.202650654E2,1.733883628E0,2.677802575E-1,-5.695696753E-1
2.202850554E2,1.522929244E0,3.896061185E-1,-1.282508985E0
2.203050454E2,1.437521888E0,5.080154514E-1,-1.240886165E0
2.203250354E2,1.589953246E0,4.925714931E-1,-6.420693022E-1
2.203450254E2,1.610731326E0,2.290608725E-1,-1.196194142E-1
2.203650146E2,1.321976229E0,2.628145096E-1,-1.371528751E-1
2.203850046E2,1.269720540E0,3.747582838E-1,-2.909632981E-1
2.204049946E2,1.288514076E0,5.506480855E-1,2.651098341E-1
2.204249846E2,1.435747258E0,7.745280325E-2,1.027279776E0
2.204449746E2,1.244232527E0,-3.864033061E-1,1.501827520E0
2.204649646E2,1.001107054E0,-8.078238326E-1,1.280673544E0
2.204849546E2,6.495636785E-1,-6.838687080E-1,3.896707302E-1
2.205049446E2,6.621103415E-1,-2.841395974E-1,-2.000326627E-1
2.205249346E2,1.005005978E0,3.054538679E-1,-1.498366553E-1
2.205449246E2,1.284487976E0,3.935866106E-1,-1.367956102E-1
2.205649146E2,1.113603683E0,3.701568174E-1,-4.013552213E-1
2.205849036E2,9.307498473E-1,3.431973526E-1,-4.105932373E-1
2.206048936E2,9.639412746E-1,1.428559569E-1,-2.194805020E-1
2.206248836E2,7.694837858E-1,1.640354490E-1,-2.646215916E-2
2.206448736E2,9.534015222E-1,5.002790004E-2,2.457608128E-1
2.206648636E2,1.020641579E0,1.325990635E-1,5.545540255E-1
2.206848536E2,1.083045257E0,-1.283531079E-1,6.589782804E-1
2.207048436E2,7.356291381E-1,-4.420334235E-1,3.143498218E-1
2.207248336E2,2.995882335E-1,-5.709437710E-1,-3.394349617E-1
2.207448236E2,1.161832979E-1,-4.141179389E-1,-6.296340287E-1
2.207648136E2,1.693093452E-1,-3.173251775E-1,-4.867514670E-1
2.207848036E2,3.173742941E-1,-3.694361481E-1,-2.545228654E-1
2.208047926E2,2.965038273E-1,-2.725618181E-1,-2.072206450E-1
2.208247826E2,3.428813106E-1,-3.504134014E-1,5.746643543E-2
2.208447726E2,1.824992019E-1,-2.607799709E-1,-8.220951319E-2
2.208647626E2,3.902753323E-2,-1.128015608E-1,-3.145702618E-1
2.208847526E2,3.444799393E-2,2.252376705E-1,-1.993994093E-1
2.209047426E2,1.090739608E-1,3.428903738E-1,4.639414787E-2
2.209247326E2,1.559452415E-2,3.328337476E-1,4.117229193E-1
2.209447226E2,-9.283887416E-2,1.409205285E-1,6.746330309E-1
2.209647126E2,-2.485414562E-1,-7.290250003E-2,6.597887045E-1
2.209847026E2,-4.310514754E-1,-5.005655140E-2,4.750289690E-1
2.210046926E2,-4.535372356E-1,2.808534622E-2,3.482209879E-1
2.210246816E2,-3.296139783E-1,1.664024019E-1,4.396644241E-1
2.210446716E2,-9.618962109E-3,1.801711330E-1,4.797804165E-1
2.210646616E2,1.912717795E-1,1.042315891E-1,3.696551263E-1
2.210846516E2,2.628867227E-1,1.699966854E-1,9.993593216E-2
2.211046416E2,4.901241410E-1,2.699045509E-1,1.285463583E-1
2.211246316E2,6.555792940E-1,2.146124026E-1,2.946236551E-2
2.211446216E2,5.643153673E-1,1.770174372E-1,-1.228383064E-1
2.211646116E2,4.860650039E-1,8.235189289E-2,-2.024189115E-2
2.211846016E2,4.283582479E-1,-3.212109447E-2,5.324971586E-1
2.212045916E2,4.250186107E-1,-2.655024746E-1,9.140244716E-1
2.212245806E2,4.676743412E-1,-3.462753269E-1,1.011758342E0
2.212445706E2,6.271510085E-1,-2.041303915E-1,9.436482203E-1
2.212645606E2,6.334709716E-1,-3.949238688E-2,5.606070632E-1
2.212845506E2,5.864763147E-1,1.718420666E-1,2.331039298E-1
2.213045406E2,6.698216495E-1,2.758140394E-1,1.826412892E-1
2.213245306E2,7.430667964E-1,2.435116813E-1,2.078386956E-1
2.213445206E2,6.372041264E-1,1.594883618E-1,-3.908980608E-2
2.213645115E2,3.613324919E-1,2.471638522E-1,-3.357909769E-1
2.213845015E2,3.377471629E-1,4.190740389E-1,-2.347002196E-1
2.214044915E2,4.236144018E-1,4.148915255E-1,-1.161227793E-1
2.214244805E2,3.825023362E-1,4.737180233E-1,-1.332709086E-1
2.214444705E2,2.728348830E-1,5.659058100E-1,-2.162510848E-1
2.214644605E2,3.125687599E-2,5.422146463E-1,-1.726232547E-1
2.214844505E2,-2.892067945E-1,4.959441671E-1,-5.143397999E-1
2.215044405E2,-4.911431645E-1,5.806337768E-1,-8.196732152E-1
2.215244305E2,-3.560555260E-1,7.203980184E-1,-7.779363745E-1
2.215444205E2,9.378349185E-3,7.884552231E-1,-5.364954847E-1
2.215644105E2,1.261601096E-1,6.869531143E-1,-2.347171766E-1
2.215844005E2,8.141663074E-2,3.736724558E-1,-2.759453094E-1
2.216043905E2,-1.013513969E-1,2.218828306E-1,-4.445351547E-1
2.216243795E2,9.832940966E-2,5.546633685E-1,-6.482164800E-2
2.216443695E2,6.776870316E-1,8.881052265E-1,4.399111766E-1
2.216643595E2,7.820773727E-1,9.719630697E-1,2.037573391E-1
2.216843495E2,3.016613638E-1,5.902091771E-1,-3.212805265E-1
2.217043395E2,-1.536662892E-1,6.987890482E-2,-9.810189450E-1
2.217243295E2,-8.786742523E-1,4.735364673E-1,-8.095166016E-1
2.217443195E2,-6.161157046E-1,3.981974325E-1,-4.574978471E-1
2.217643095E2,-2.921429738E-1,3.506113297E-1,-2.257843852E-1
2.217842995E2,2.570795605E-1,1.985942477E-1,-3.912787145E-1
2.218042885E2,5.754531437E-1,5.325135309E-1,-4.919016945E-1
2.218242785E2,6.963696896E-1,1.100148363E0,-2.340166801E-1
2.218442685E2,9.117225690E-1,1.144603866E0,-4.289634347E-2
2.218642585E2,1.078898631E0,1.234305417E0,-1.797831702E-1
2.218842485E2,6.355196167E-1,1.198414622E0,-1.025923222E0
2.219042385E2,1.295431624E-1,1.302512895E0,-1.377505190E0
2.219242285E2,2.254399842E-1,1.604500826E0,-1.015919221E0
2.219442185E2,7.489607166E-1,1.695710666E0,-4.302895832E-1
2.219642085E2,7.235266442E-1,2.060245385E0,3.104766262E-1
2.219841985E2,8.148077470E-1,1.906109857E0,9.566804945E-1
2.220041875E2,9.766158454E-1,9.491068885E-1,1.259901311E0
2.220241775E2,8.565622023E-1,5.218327144E-1,1.274539815E0
2.220441675E2,5.056172890E-1,4.640522835E-1,9.468203348E-1
2.220641575E2,9.288595156E-1,5.693161985E-1,4.351556361E-1
2.220841475E2,1.112202690E0,9.206715864E-1,2.624253774E-1
2.221041375E2,9.265908690E-1,7.801641637E-1,3.223856503E-1
2.221241275E2,1.173235927E0,4.014423448E-1,6.538163584E-1
2.221441175E2,1.676252740E0,2.002700597E-2,1.083178573E0
2.221641075E2,1.756997526E0,-1.762570068E-1,1.175581537E0
2.221840965E2,1.631492158E0,-5.749429742E-1,9.778830832E-1
2.222040865E2,1.434443622E0,-9.705933595E-1,5.360218602E-1
2.222240765E2,1.068417204E0,-1.302006234E0,-1.943450761E-1
2.222440665E2,7.170674443E-1,-1.127758622E0,-8.878131580E-1
2.222640565E2,8.429382630E-1,-6.687270507E-1,-1.260299506E0
2.222840465E2,1.359663873E0,-3.024796817E-1,-9.380079961E-1
2.223040365E2,1.867327761E0,-4.347688428E-1,-2.837530965E-1
2.223240265E2,2.148333250E0,-6.652897650E-1,3.334316254E-2
2.223440165E2,1.975097061E0,-6.579605725E-1,-4.840383589E-1
2.223640058E2,1.401807972E0,-6.423052374E-1,-1.471849430E0
2.223839948E2,7.787839285E-1,-6.049365592E-1,-1.980487610E0
2.224039848E2,6.310404302E-1,-4.252443132E-1,-1.916807923E0
2.224239748E2,8.812116516E-1,-2.613009578E-1,-1.860013917E0
2.224439648E2,8.813493535E-1,-1.968465149E-3,-1.904320024E0
2.224639548E2,8.598324039E-1,4.174031970E-1,-1.490502048E0
2.224839448E2,9.673337560E-1,4.927778998E-1,-1.003243627E0
2.225039348E2,5.510216495E-1,4.813711515E-1,-6.748283279E-1
2.225239248E2,8.935978085E-2,5.971939686E-1,-5.049708062E-1
2.225439138E2,1.019944444E-2,1.072249542E0,-2.218351758E-1
2.225639038E2,-4.823353574E-2,1.561535485E0,-1.168174285E-1
2.225838938E2,-1.186068957E-1,1.809498652E0,-8.095177710E-2
2.226038838E2,-9.749830104E-2,1.781116267E0,1.513452369E-1
2.226238738E2,2.241838561E-1,1.662964504E0,1.077048937E0
2.226438638E2,3.881239955E-1,1.514962997E0,2.271947336E0
2.226638538E2,-2.244424492E-2,1.317289978E0,2.068906866E0
2.226838438E2,-5.818266088E-1,8.878561351E-1,1.355631341E0
2.227038338E2,-9.644001348E-1,1.819454706E-1,1.344104725E0
2.227238228E2,-8.582127982E-1,-4.964537519E-1,2.066690186E0
2.227438128E2,-2.748898870E-1,-1.265419036E0,3.246551886E0
2.227638028E2,-1.958190130E-1,-1.875564587E0,2.688048651E0
2.227837928E2,-4.016445123E-1,-1.538585748E0,7.380987096E-1
2.228037828E2,-7.728832108E-1,-8.159383062E-1,-1.143777362E0
2.228237728E2,-9.047453789E-1,-1.864969432E-2,-1.937028764E0
2.228437628E2,-3.921667604E-1,-4.684116751E-2,-1.363543208E0
2.228637528E2,1.019415271E-1,-3.650524905E-1,-8.373475939E-1
2.228837428E2,5.799211474E-1,-3.995665580E-1,-8.911817390E-1
2.229037318E2,8.151581414E-1,-2.599938127E-1,-1.243077702E0
2.229237218E2,5.891882533E-1,-1.622438622E-1,-1.687195950E0
2.229437118E2,3.239222986E-1,-3.267046961E-1,-1.847143611E0
2.229637018E2,2.842492327E-2,-7.861920583E-1,-2.042390327E0
2.229836918E2,-3.059469344E-1,-1.054462312E0,-2.406542639E0
2.230036818E2,-4.229786633E-1,-9.680799338E-1,-2.566007320E0
2.230236718E2,-2.136053659E-1,-4.697039098E-1,-2.169600597E0
2.230436618E2,5.715898883E-1,-6.130951792E-2,-1.307915137E0
2.230636518E2,7.884682332E-1,1.059269893E-1,-9.395317805E-1
2.230836408E2,2.523248971E-1,3.787498856E-1,-1.127142618E0
2.231036308E2,-3.868221129E-1,8.996505538E-1,-1.113170696E0
2.231236208E2,-2.823177512E-1,1.127199921E0,-4.320998812E-1
2.231436108E2,1.846984128E-1,1.055884940E0,9.577441031E-1
2.231636008E2,5.735908055E-1,1.008675106E0,1.890194905E0
2.231835908E2,6.291825505E-1,1.056827804E0,2.010076860E0
2.232035808E2,4.378103451E-1,1.226085986E0,1.828798556E0
2.232235708E2,6.789409670E-1,1.117644986E0,2.340527574E0
2.232435608E2,1.046781483E0,1.020003209E0,2.317605904E0
2.232635498E2,1.606824509E0,6.853246647E-1,1.707747744E0
2.232835398E2,1.962310370E0,6.350178525E-1,2.561966894E0
2.233035298E2,1.888051170E0,-3.669800252E-1,2.710809522E0
2.233235198E2,1.506114406E0,-1.515715826E0,2.401778328E0
2.233435098E2,7.583476174E-1,-2.072052375E0,1.222058131E0
2.233634995E2,1.533846361E-1,-1.924319548E0,-9.030381382E-2
2.233834895E2,3.635572113E-1,-1.427902341E0,-5.177428794E-1
2.234034795E2,9.212267795E-1,-9.860074970E-1,-4.844687140E-1
2.234234685E2,1.271644420E0,-6.095175603E-1,-6.758211851E-1
2.234434585E2,1.530403740E0,-2.383632079E-1,-1.173364858E0
2.234634485E2,1.476461713E0,1.344307038E-1,-1.694335985E0
2.234834385E2,1.188995269E0,1.465712777E-1,-1.912773929E0
2.235034285E2,8.296487112E-1,-3.356094208E-1,-2.134534845E0
2.235234185E2,4.410066524E-1,-5.864684209E-1,-2.328608610E0
2.235434085E2,2.812721229E-1,-6.191011468E-1,-2.477743599E0
2.235633985E2,1.212336112E-1,-5.334140021E-1,-2.763793482E0
2.235833885E2,-1.198986918E-1,-1.807312962E-1,-3.001413801E0
2.236033775E2,-2.050352481E-1,3.854905558E-1,-2.804612895E0
2.236233675E2,7.124905363E-2,5.943624544E-1,-1.668022930E0
2.236433575E2,3.677234986E-1,4.316528615E-1,-3.648598248E-1
2.236633475E2,1.773181303E-1,3.588526878E-1,3.616532117E-1
2.236833375E2,-3.942395984E-1,9.598669347E-1,4.628562355E-1
2.237033275E2,-7.536023095E-1,1.543670195E0,8.203257644E-1
2.237233175E2,-6.811477062E-1,1.672576157E0,1.744408032E0
2.237433075E2,-5.349152747E-1,1.312077770E0,2.336911072E0
2.237632965E2,-5.283916824E-1,7.958133593E-1,2.653019151E0
2.237832865E2,-7.256717683E-1,3.399386993E-1,1.680872186E0
2.238032765E2,-1.180181688E0,1.453872165E-1,-2.374384707E-1
2.238232665E2,-1.067864862E0,6.008756679E-1,-7.714582443E-2
2.238432565E2,2.237874149E-1,4.822049645E-1,1.649881943E0
2.238632465E2,1.235601160E0,-6.156875423E-1,3.139623268E0
2.238832365E2,1.499683053E0,-1.666635386E0,3.228709692E0
2.239032265E2,5.672044035E-1,-1.854376324E0,1.782964572E0
2.239232165E2,-5.521502352E-1,-1.351000931E0,-1.433678806E-2
2.239432055E2,-7.881369884E-1,-9.041862389E-1,-9.894143772E-1
2.239631955E2,-3.952330403E-1,-7.427884689E-1,-5.711788291E-1
2.239831855E2,6.470074220E-1,-8.045797974E-1,5.639323747E-1
2.240031755E2,1.317171865E0,-8.005115971E-1,9.831110787E-1
2.240231655E2,1.356884107E0,-5.604488960E-1,6.212543839E-1
2.240431555E2,1.031208667E0,-4.380473766E-1,-3.391133648E-1
2.240631455E2,6.398458254E-1,-5.227203217E-1,-1.057807505E0
2.240831355E2,4.715857630E-1,-6.909011543E-1,-1.385490147E0
2.241031245E2,4.380464995E-1,-7.069821668E-1,-1.792236502E0
2.241231145E2,5.691594201E-1,-3.490273190E-1,-2.099229941E0
2.241431045E2,1.006377369E0,1.615117908E-1,-1.806997213E0
2.241630945E2,1.553340612E0,3.865699518E-1,-1.409445021E0
2.241830845E2,1.665963541E0,5.643761784E-1,-1.321836773E0
2.242030745E2,1.085229630E0,5.745947725E-1,-1.267407382E0
2.242230645E2,4.435749688E-1,2.652030972E-1,-8.952461386E-1
2.242430545E2,2.352831139E-1,1.136461911E-1,-2.432125962E-1
2.242630445E2,5.973050657E-1,4.408739206E-1,4.666785604E-1
2.242830335E2,1.145735887E0,8.937197229E-1,9.510098648E-1
2.243030235E2,1.474128967E0,1.364976068E0,1.432904050E0
2.243230135E2,1.698808228E0,1.396583485E0,1.609427397E0
2.243430035E2,1.757570699E0,1.207502657E0,2.019844633E0
2.243629945E2,1.535678220E0,7.651803812E-1,2.487955177E0
2.243829845E2,1.103708732E0,1.994032100E-1,1.900501792E0
2.244029745E2,7.694465829E-1,1.102343407E-1,1.185059874E0
2.244229645E2,1.065233834E0,3.382006145E-1,9.280788392E-1
2.244429535E2,1.815921233E0,3.541892409E-1,1.422860287E0
2.244629435E2,2.382046460E0,-1.841112792E-1,2.015346370E0
2.244829335E2,2.465355981E0,-1.292505678E0,2.146119348E0
2.245029235E2,1.922844734E0,-2.337682612E0,1.730740750E0
2.245229135E2,1.236163223E0,-2.724223327E0,8.801848805E-1
2.245429035E2,9.727917664E-1,-2.464512520E0,-3.614818883E-1
2.245628935E2,8.023071308E-1,-1.771040930E0,-1.465183604E0
2.245828835E2,8.493627450E-1,-9.735561436E-1,-2.397171891E0
2.246028725E2,6.641812791E-1,-5.547487378E-2,-3.056091700E0
2.246228625E2,6.720210797E-1,9.038488546E-1,-3.362186422E0
2.246428525E2,9.367639279E-1,1.216781019E0,-2.944621550E0
2.246628425E2,1.105096057E0,7.637627238E-1,-2.170582929E0
2.246828325E2,9.195524293E-1,4.006368908E-1,-1.791489812E0
2.247028225E2,6.399624042E-1,3.270616686E-1,-1.673240985E0
2.247228125E2,4.170654837E-1,4.221993756E-1,-1.575334622E0
2.247428025E2,3.635760686E-1,5.720105955E-1,-1.126006504E0
2.247627925E2,4.493098448E-1,6.410928172E-1,-1.354957741E-1
2.247827815E2,5.257834587E-1,2.562697211E-1,5.237111324E-1
2.248027715E2,2.459255946E-1,1.971944243E-2,7.770329797E-1
2.248227615E2,-1.663717771E-1,2.490063098E-1,5.677120149E-1
2.248427515E2,-2.831877438E-1,7.113079369E-1,6.062094980E-1
2.248627415E2,-2.346660134E-1,1.140240089E0,9.955533689E-1
2.248827315E2,1.231920630E-1,1.176006630E0,1.684304502E0
2.249027215E2,3.818942258E-1,1.279278106E0,2.531874783E0
2.249227115E2,2.115522623E-1,1.363324230E0,2.147929062E0
2.249427005E2,-6.316820160E-2,1.512199018E0,1.691346304E0
2.249626905E2,2.159289032E-2,1.212648207E0,2.014162309E0
2.249826805E2,2.066584352E-1,6.610274372E-1,2.690014485E0
2.250026705E2,3.798752553E-1,-2.136329940E-1,3.012189050E0
2.250226605E2,1.031274886E-1,-9.589755267E-1,2.564010496E0
2.250426505E2,-4.400184730E-1,-1.465959529E0,1.052764281E0
2.250626405E2,-1.060477197E0,-1.569528044E0,-8.963623720E-1
2.250826305E2,-1.842844153E0,-1.250440516E0,-2.277304555E0
2.251026205E2,-1.763591138E0,-4.719951412E-1,-2.621568732E0
2.251226095E2,-8.957242215E-1,1.385848582E-2,-1.754289241E0
2.251425995E2,1.194024094E-1,-1.468472663E-1,-4.878308630E-1
2.251625895E2,4.677920164E-1,-4.585205251E-1,-1.490396798E-2
2.251825795E2,2.298802136E-1,-6.026675472E-1,-2.508823889E-1
2.252025695E2,-2.418238094E-1,-5.930474156E-1,-9.656243956E-1
2.252225595E2,-7.505159298E-1,-6.608549443E-1,-1.710990025E0
2.252425495E2,-1.085719335E0,-6.596612352E-1,-1.973059307E0
2.252625395E2,-1.070102226E0,-6.576033077E-1,-2.112572703E0
2.252825285E2,-1.078125994E0,-4.852107257E-1,-2.094410666E0
2.253025185E2,-8.382609290E-1,-1.726893282E-1,-1.717549431E0
2.253225085E2,-6.589669514E-1,1.336919081E-1,-1.125660349E0
2.253424985E2,-5.393989196E-1,3.176663625E-1,-3.551867759E-1
2.253624884E2,-5.342765395E-1,1.911188748E-1,4.438095152E-2
2.253824784E2,-8.767016210E-1,3.824871334E-1,-3.089668751E-2
2.254024684E2,-8.542461202E-1,5.100070131E-1,2.907644928E-1
2.254224584E2,-3.785358409E-1,7.336247125E-1,1.263248257E0
2.254424484E2,4.158910705E-2,8.288644534E-1,2.129895079E0
2.254624374E2,3.136097105E-1,7.284733155E-1,2.820860553E0
2.254824274E2,3.409947430E-1,1.875903726E-1,2.937417780E0
2.255024174E2,-1.390695741E-1,-1.397227263E-1,2.366397995E0
2.255224074E2,-6.071055838E-1,-8.238405257E-2,9.497837037E-1
2.255423974E2,-7.019455945E-1,1.953233153E-1,-2.271742684E-1
2.255623874E2,-2.129497286E-1,5.017177078E-1,5.965136451E-1
2.255823774E2,6.300572209E-1,-3.477520412E-1,2.184841949E0
2.256023674E2,8.112222344E-1,-1.882141828E0,2.616001598E0
2.256223574E2,1.736367233E-3,-2.555835796E0,1.434452392E0
2.256423464E2,-7.705737068E-1,-2.221171577E0,-2.566728866E-1
2.256623364E2,-8.413950366E-1,-1.512696616E0,-1.342202625E0
2.256823264E2,-3.270132829E-1,-8.432304776E-1,-1.602407815E0
2.257023164E2,8.382944774E-2,-3.090215465E-1,-1.325501808E0
2.257223064E2,1.889621659E-1,-6.336101353E-2,-1.225773452E0
2.257422964E2,-3.432512932E-2,5.561900765E-2,-1.362794180E0
2.257622864E2,-2.202580355E-1,1.651449582E-1,-1.455915767E0
2.257822764E2,-1.181242081E-1,1.363196468E-1,-1.329898329E0
2.258022654E2,-1.441871486E-1,-3.391385078E-3,-1.201454297E0
2.258222554E2,-2.312264619E-1,-6.251872212E-2,-9.002408302E-1
2.258422454E2,-2.078948289E-1,-2.199281064E-1,-8.841563094E-1
2.258622354E2,-2.339385832E-1,-4.417390162E-1,-1.182993468E0
2.258822254E2,-4.862607394E-1,-4.469216958E-1,-1.396544893E0
2.259022154E2,-8.147532217E-1,-3.404094002E-1,-1.414881177E0
2.259222054E2,-1.106063479E0,-1.952440855E-1,-1.246618191E0
2.259421954E2,-1.078791261E0,-3.152584791E-2,-1.128137814E0
2.259621854E2,-9.783446478E-1,3.100372079E-1,-8.274125898E-1
2.259821744E2,-8.834497464E-1,4.698986220E-1,-4.906299251E-1
2.260021644E2,-1.001923764E0,6.112895590E-1,-5.226586336E-1
2.260221544E2,-1.264210563E0,8.106550545E-1,-6.102259505E-1
2.260421444E2,-1.517089629E0,8.320473853E-1,-1.379410797E-1
2.260621344E2,-1.658534068E0,1.017252971E0,7.316755432E-1
2.260821244E2,-1.589127326E0,8.606695059E-1,2.219007815E0
2.261021144E2,-2.006238163E0,1.648552287E-1,2.495858274E0
2.261221044E2,-2.466678329E0,-5.411793968E-1,2.796964737E0
2.261420944E2,-2.422448381E0,-9.038374525E-1,2.719842301E0
2.261620834E2,-1.603562494E0,-1.150608372E0,3.228194552E0
2.261820734E2,-4.794349557E-1,-1.482242855E0,3.747178795E0
2.262020634E2,-4.533655101E-2,-1.697526518E0,3.034827130E0
2.262220534E2,-4.142922955E-1,-1.978393137E0,1.017386287E0
2.262420434E2,-1.561036571E0,-1.838699062E0,-1.157270397E0
2.262620334E2,-2.346394086E0,-1.113206365E0,-2.006205418E0
2.262820234E2,-1.960606053E0,-5.311976150E-1,-1.250862100E0
2.263020134E2,-1.013621996E0,-7.431501192E-1,2.991698653E-1
2.263220024E2,-4.659304091E-1,-1.181132592E0,1.740356496E0
2.263419924E2,-4.824563947E-1,-1.650862522E0,1.921363488E0
2.263619824E2,-8.925885791E-1,-1.622838863E0,1.065455078E0
2.263819724E2,-1.089492981E0,-1.229975553E0,2.572114152E-1
2.264019624E2,-9.742988131E-1,-9.274455857E-1,-2.321239364E-1
2.264219524E2,-7.885821077E-1,-7.479293409E-1,-6.094459319E-1
2.264419424E2,-6.196510774E-1,-5.931474030E-1,-9.835162908E-1
2.264619324E2,-5.362939385E-1,-4.319443452E-1,-1.324432352E0
2.264819224E2,-4.867391878E-1,-2.093124864E-1,-1.362062693E0
2.265019114E2,-2.926973264E-1,-4.656547129E-2,-1.134080924E0
2.265219014E2,-1.760119354E-1,-7.085275859E-2,-8.019099587E-1
2.265418914E2,-2.123665784E-1,-1.019181383E-1,-6.087226313E-1
2.265618814E2,-2.333654465E-1,6.282160789E-2,-3.976363921E-1
2.265818714E2,-7.524759896E-2,3.568932858E-1,-4.054418403E-1
2.266018614E2,3.829624755E-2,6.299915859E-1,-6.192827028E-1
2.266218514E2,-1.189411006E-1,1.022733859E0,-7.432658941E-1
2.266418414E2,-2.090550627E-1,1.179729260E0,-1.929242027E-1
2.266618314E2,-1.547185687E-1,1.152064913E0,4.415185761E-1
2.266818204E2,-4.990499888E-2,1.209991525E0,7.137006176E-1
2.267018104E2,-1.527259107E-1,1.400750503E0,4.059739369E-1
2.267218004E2,-4.792923567E-1,1.516655474E0,1.716070086E-1
2.267417904E2,-9.991926759E-1,1.309968095E0,6.749329931E-1
2.267617804E2,-1.186551572E0,9.570474073E-1,1.209602977E0
2.267817704E2,-1.280892376E0,6.401201329E-1,1.636319327E0
2.268017604E2,-1.229451497E0,5.975950876E-1,8.308677095E-1
2.268217504E2,-1.099208861E0,1.159221905E0,-3.735815316E-1
2.268417404E2,-1.070210034E0,1.947761913E0,-3.847567302E-1
2.268617294E2,-6.709573250E-1,1.113355761E0,6.530392635E-1
2.268817194E2,-6.874605064E-1,-6.177820149E-1,1.095694538E0
2.269017094E2,-1.087921542E0,-2.412767877E0,8.517808610E-1
2.269216994E2,-1.762856874E0,-3.284654974E0,6.057306111E-2
2.269416894E2,-2.197502048E0,-3.514772731E0,-5.249887490E-1
2.269616794E2,-2.298592221E0,-3.325819665E0,-6.960192221E-1
2.269816694E2,-2.021993777E0,-2.764978420E0,-8.942298925E-1
2.270016594E2,-1.297441312E0,-1.879286925E0,-1.141982267E0
2.270216484E2,-6.946020032E-1,-7.223275995E-1,-1.360578670E0
2.270416384E2,-3.048977246E-1,4.723293096E-1,-6.065357727E-1
2.270616284E2,-1.304151285E-1,8.343280917E-1,5.501417166E-1
2.270816184E2,-6.077536746E-1,4.638783288E-1,1.238571838E0
2.271016084E2,-1.136116121E0,-2.912214527E-1,1.727637048E0
2.271215984E2,-1.614301929E0,-1.230660262E0,1.289002318E0
2.271415884E2,-2.089723538E0,-1.821049826E0,2.105108732E-1
2.271615784E2,-2.322783906E0,-1.960373772E0,-7.942144382E-1
2.271815684E2,-2.187449808E0,-1.829118691E0,-1.248614430E0
2.272015574E2,-1.803476166E0,-1.704316305E0,-1.082582157E0
2.272215474E2,-1.474660771E0,-1.883605386E0,-9.580271083E-1
2.272415374E2,-1.411013975E0,-2.115956486E0,-5.893472975E-1
2.272615274E2,-1.284498647E0,-2.290773032E0,-9.469565749E-3
2.272815174E2,-1.076115575E0,-2.429250301E0,4.072182244E-1
2.273015074E2,-8.363037928E-1,-2.419516734E0,6.588835555E-1
2.273214974E2,-4.779820322E-1,-2.612960754E0,6.100329924E-1
2.273414874E2,-1.243110008E-1,-2.921896639E0,3.408926725E-2
2.273614764E2,1.537202297E-1,-3.049664148E0,-5.006719333E-1
2.273814654E2,4.771208104E-1,-3.255584372E0,-1.000408897E0
2.274014554E2,4.414024724E-1,-3.581818952E0,-1.589305959E0
2.274214454E2,2.301634746E-1,-4.094706011E0,-1.746362756E0
2.274414354E2,7.113390002E-2,-4.484410363E0,-1.811701298E0
2.274614254E2,-1.655242050E-1,-4.524590967E0,-2.058512855E0
2.274814154E2,-4.182461828E-1,-3.933145396E0,-2.419510594E0
2.275014054E2,-5.869079488E-1,-3.040670545E0,-2.089771485E0
2.275213954E2,-6.489507441E-1,-2.082780993E0,-1.035043709E0
2.275413844E2,-4.000548736E-1,-1.433017047E0,3.557779294E-1
2.275613744E2,-2.064391646E-1,-1.669951926E0,9.101378274E-1
2.275813644E2,-3.350939888E-1,-2.325514556E0,6.400847572E-1
2.276013544E2,-4.081094863E-1,-2.116471626E0,4.019896442E-1
2.276213444E2,-2.816998467E-2,-1.751766460E0,7.906037825E-1
2.276413344E2,-2.495510876E-1,-1.730059695E0,6.783565378E-1
2.276613244E2,-9.782302617E-1,-1.855796613E0,-8.298543870E-1
2.276813144E2,-1.274011227E0,-1.828749147E0,-2.571990191E0
2.277013044E2,-8.078177661E-1,-1.578075065E0,-2.511804215E0
2.277212934E2,-1.949841768E-2,-1.323385554E0,-3.013052684E-1
2.277412834E2,6.615911818E-1,-1.768219209E0,1.393341789E0
2.277612734E2,7.541557485E-1,-2.064977391E0,1.089529819E0
2.277812634E2,3.283901926E-1,-1.871566115E0,1.767092890E-1
2.278012534E2,2.102190423E-1,-1.493885685E0,-3.926522255E-1
2.278212434E2,4.641196726E-1,-6.831018457E-1,-2.954972291E-1
2.278412334E2,8.152204143E-1,4.202791500E-1,1.334327011E0
2.278612234E2,7.008607898E-1,1.742791861E-1,2.552535920E0
2.278812134E2,-2.797934351E-1,2.441272469E-1,2.385532424E0
2.279012024E2,-1.354702803E0,1.396977149E0,1.828027893E0
2.279211924E2,-1.378030270E0,2.294458532E0,2.178597708E0
2.279411824E2,-8.597066887E-1,2.347875770E0,3.898898254E0
2.279611724E2,-5.608532310E-2,9.896023652E-1,4.902588024E0
2.279811624E2,3.581945837E-1,-4.951384208E-1,4.785770010E0
2.280011524E2,6.888799180E-1,-1.403441977E0,3.766470514E0
2.280211424E2,2.204292127E-1,-1.038326629E0,1.041159897E0
2.280411324E2,-7.783614671E-1,1.779209490E0,2.134426671E-1
2.280611224E2,5.983932325E-1,2.072936767E0,3.098529037E0
2.280811114E2,2.119619767E0,-1.175623637E-1,5.232731760E0
2.281011014E2,2.098429165E0,-2.063763362E0,5.321381396E0
2.281210914E2,1.442068976E0,-3.030228003E0,2.886256397E0
2.281410814E2,9.268012226E-1,-2.344218045E0,1.355798571E0
2.281610714E2,8.760206397E-1,-6.925874913E-1,8.800410390E-1
2.281810614E2,4.961380023E-1,4.237892336E-1,-5.941449380E-1
2.282010514E2,4.147489996E-1,1.871037965E0,-1.348373777E-1
2.282210414E2,1.234435517E0,1.822981454E0,1.881967873E0
2.282410314E2,1.964898933E0,1.539999313E0,2.718760566E0
2.282610204E2,1.985585212E0,1.424356298E0,1.892247278E0
2.282810104E2,1.134542416E0,1.539734726E0,-4.489375234E-2
2.283010004E2,8.828952111E-1,1.822166937E0,-2.135653417E0
2.283209904E2,1.296035203E0,1.959939324E0,-3.015091023E0
2.283409804E2,1.114528932E0,2.303296013E0,-2.113517028E0
2.283609712E2,6.543537176E-1,2.470505039E0,-4.824391454E-1
2.283809612E2,1.944592430E-1,2.344503389E0,1.219891153E0
2.284009512E2,-1.245852352E-1,1.789041583E0,1.366601302E0
2.284209412E2,-2.332000434E-1,7.559841728E-1,-4.123994422E-1
2.284409302E2,-8.414616217E-1,9.827152222E-2,-2.803673247E0
2.284609202E2,-1.704851325E0,5.848472804E-1,-4.018975505E0
2.284809102E2,-2.218779189E0,1.493763917E0,-3.527166197E0
2.285009002E2,-2.115489879E0,1.571063523E0,-2.654832373E0
2.285208902E2,-2.204058385E0,1.047314968E0,-2.732822535E0
2.285408802E2,-2.451953139E0,6.742105696E-1,-2.712960713E0
2.285608702E2,-2.543419526E0,1.091175225E0,-2.204784463E0
2.285808602E2,-2.355875346E0,1.632939344E0,-1.276341342E0
2.286008502E2,-2.212447239E0,1.482258643E0,-3.593581796E-1
2.286208392E2,-1.877660960E0,1.056320850E0,3.153064263E-1
2.286408292E2,-1.480163001E0,1.071312526E0,6.046506304E-1
2.286608192E2,-1.336811931E0,1.370408716E0,4.307146758E-1
2.286808092E2,-1.231275682E0,1.240463412E0,3.842714113E-1
2.287007992E2,-7.920253137E-1,1.241512110E0,7.313656408E-1
2.287207892E2,-1.720704735E-1,1.267447727E0,1.806897225E0
2.287407792E2,-8.941278951E-2,8.581259671E-1,2.468790928E0
2.287607692E2,-1.701101214E-1,2.208405644E-1,2.255748795E0
2.287807592E2,-7.276375657E-2,-5.256120622E-1,1.352515944E0
2.288007482E2,3.613191895E-1,-7.781506750E-1,-4.736595511E-2
2.288207382E2,8.823107819E-1,-4.918970168E-1,-9.432745832E-1
2.288407282E2,9.130595349E-1,-2.717525634E-1,-1.374712560E0
2.288607182E2,7.854952164E-1,-4.878144908E-1,-1.687456151E0
2.288807082E2,1.010529331E0,-1.020178625E0,-2.284002541E0
2.289006982E2,6.045514470E-1,-1.496198405E0,-2.588868763E0
2.289206882E2,2.871755449E-1,-1.143583235E0,-4.323830618E0
2.289406782E2,1.653400944E0,-9.303303096E-1,-3.088804532E0
2.289606682E2,2.153733154E0,-1.328305840E0,-1.139734012E0
2.289806572E2,1.231610727E0,-6.690170726E-1,1.697458398E-1
2.290006472E2,1.178771194E0,4.357842118E-2,2.102673951E0
2.290206372E2,1.800679296E0,-4.811995357E-2,3.275921865E0
2.290406272E2,1.810577755E0,4.029330924E-1,3.418948268E0
2.290606172E2,9.645613718E-1,7.673096448E-1,2.993548712E0
2.290806072E2,4.183039606E-2,2.532964119E-1,2.488304840E0
2.291005972E2,-3.613216746E-1,-1.552333429E-1,1.366913543E0
2.291205872E2,-4.464688289E-1,-3.736543295E-1,3.068460900E-1
2.291405772E2,-3.424303441E-1,-1.574292648E-1,2.635667539E-1
2.291605662E2,8.016678840E-3,1.380898914E-1,1.417815310E0
2.291805562E2,-1.163572526E-1,-1.082997894E-1,2.215210049E0
2.292005462E2,-7.985622816E-1,-4.625206053E-1,2.470724017E0
2.292205362E2,-1.398877348E0,-5.112021840E-1,1.917261082E0
2.292405262E2,-1.626403180E0,-4.500610659E-1,8.491893750E-1
2.292605162E2,-1.483506877E0,-2.990915126E-1,-2.712377161E-1
2.292805062E2,-9.106903893E-1,8.502085447E-2,-2.411777651E-1
2.293004962E2,-2.404785843E-1,2.417385131E-2,2.266708231E-1
2.293204862E2,-1.531678140E-3,-4.206779301E-1,-1.691482544E-2
2.293404762E2,-2.288348776E-1,-1.011072464E0,-7.372075939E-1
2.293604645E2,-1.526892194E-1,-1.273363355E0,-1.366008394E0
2.293804545E2,2.614875571E-1,-1.088199870E0,-1.548332180E0
2.294004445E2,4.237982967E-1,-7.566627422E-1,-1.444310798E0
2.294204345E2,4.331769383E-1,-3.159735936E-1,-1.054986808E0
2.294404245E2,4.855261829E-1,-2.010851616E-1,-1.659153289E-1
2.294604145E2,5.636575556E-1,-4.020396379E-1,7.100841147E-1
2.294804045E2,9.555702545E-2,-3.987602270E-1,2.786800522E-1
2.295003945E2,-3.278038265E-1,2.422665167E-1,-4.286301434E-1
2.295203845E2,-3.155957173E-1,1.051138463E0,-4.315443957E-1
2.295403735E2,1.068466102E-1,1.615219357E0,-2.664295506E-1
2.295603635E2,5.364867139E-1,1.871612162E0,5.918142378E-2
2.295803535E2,6.823494552E-1,1.762288525E0,1.245901322E-1
2.296003435E2,3.273097368E-1,1.458456382E0,-3.470100296E-1
2.296203335E2,1.084537174E-1,9.936267114E-1,-7.147613025E-1
2.296403235E2,-9.803317510E-2,8.370344755E-1,-5.273024923E-1
2.296603135E2,4.261501931E-2,8.731834245E-1,-2.096261895E-1
2.296803035E2,2.590149157E-1,8.634668139E-1,-1.400723898E-1
2.297002935E2,3.073497545E-1,6.777004802E-1,-4.193845260E-1
2.297202835E2,2.279804532E-1,3.005319741E-1,-8.296894956E-1
2.297402725E2,1.024394906E-1,5.127189517E-2,-1.127187642E0
2.297602625E2,-3.676897310E-2,-4.795740098E-2,-1.009730528E0
2.297802525E2,1.822385623E-1,8.392187029E-2,-6.617919606E-1
2.298002425E2,1.876029441E-1,8.219314098E-2,-7.899757916E-1
2.298202325E2,-9.648980252E-2,-1.081892771E-1,-1.103613423E0
2.298402225E2,-3.428002536E-1,-3.904463634E-1,-1.034211650E0
2.298602125E2,-5.722584444E-1,-6.964390522E-1,-7.887396902E-1
2.298802025E2,-4.690428820E-1,-6.871978202E-1,-3.496664196E-1
2.299001925E2,-2.005377891E-1,-4.635032299E-1,3.082394814E-1
2.299201815E2,2.467801286E-1,-3.962275055E-1,9.074843609E-1
2.299401715E2,4.039788669E-1,-3.577917105E-1,9.350744480E-1
2.299601615E2,2.703126135E-1,-1.755038854E-1,6.560394698E-1
2.299801515E2,1.792803828E-1,-8.234750748E-2,4.750687301E-1
2.300001415E2,2.247289628E-1,-8.952350289E-2,5.034019983E-1
2.300201315E2,3.463076328E-1,2.892208278E-2,7.120242208E-1
2.300401215E2,4.662121718E-1,2.858379212E-1,7.893057007E-1
2.300601115E2,6.973314104E-1,4.683225051E-1,9.727913278E-1
2.300801015E2,8.643248928E-1,5.762609366E-1,9.448176634E-1
2.301000915E2,8.005330856E-1,5.298998255E-1,5.067232168E-1
2.301200805E2,7.689559284E-1,4.192833692E-1,1.576438576E-1
2.301400705E2,7.024616843E-1,3.367543057E-1,1.282925892E-1
2.301600605E2,6.568916284E-1,3.654720283E-1,3.140779263E-1
2.301800505E2,5.367058748E-1,2.342929611E-1,3.363657582E-1
2.302000405E2,3.086944679E-1,-7.060512900E-3,3.242333704E-1
2.302200305E2,9.823168807E-2,-3.170307702E-1,3.371212184E-2
2.302400205E2,-1.666377158E-1,-4.350889778E-1,-1.879113847E-1
2.302600105E2,-1.485755570E-1,-4.074825186E-1,-3.064192432E-1
2.302800005E2,-2.321191125E-2,-3.938824797E-1,-4.806019503E-1
2.302999895E2,1.084647357E-1,-2.152053103E-1,-4.987213022E-1
2.303199795E2,1.644477874E-1,1.340789938E-1,1.380609477E-1
2.303399695E2,2.425395634E-1,2.690979275E-1,7.216382128E-1
2.303599595E2,2.612785739E-1,2.944260192E-1,1.078237091E0
2.303799493E2,2.301049842E-1,1.320944488E-1,9.644496900E-1
2.303999393E2,1.675551805E-1,-2.618763238E-2,7.604876983E-1
2.304199293E2,1.222119235E-1,9.906352758E-3,2.970151663E-1
2.304399193E2,2.851043880E-1,8.152188063E-2,-4.330564857E-2
2.304599093E2,6.107542099E-1,1.591787517E-1,1.919056177E-3
2.304798993E2,9.390106474E-1,4.126134503E-1,4.590280634E-1
2.304998883E2,1.245848259E0,3.694072044E-1,5.028570378E-1
2.305198783E2,1.517496596E0,1.348274374E-1,2.291968203E-1
2.305398683E2,1.528295087E0,4.929670572E-2,4.544280589E-1
2.305598583E2,1.305386217E0,-2.142922676E-1,9.020745170E-1
2.305798483E2,9.773460165E-1,-5.114939600E-1,9.396300137E-1
2.305998383E2,6.197639287E-1,-6.042617905E-1,3.041879457E-1
2.306198283E2,4.541022593E-1,-5.149139965E-1,-2.501304370E-1
2.306398183E2,3.360906467E-1,-2.017973524E-1,-3.105263275E-1
2.306598083E2,2.802940664E-1,4.095097482E-2,-3.545161003E-1
2.306797983E2,-4.560815784E-1,1.044429660E-2,-7.320749080E-1
2.306997873E2,-1.290258885E0,-5.973199761E-1,-8.623070186E-1
2.307197773E2,-1.776095994E0,-1.246449206E0,-6.251837128E-1
2.307397673E2,-2.200890948E0,-1.531290470E0,-5.154367375E-1
2.307597573E2,-2.559408152E0,-1.158149818E0,-4.333330590E-1
2.307797473E2,-2.303545836E0,-7.562630850E-1,-3.472293001E-1
2.307997373E2,-2.283018162E0,-7.819054645E-1,-3.687529010E-1
2.308197273E2,-2.122414736E0,-9.663944739E-1,-4.360841739E-1
2.308397173E2,-2.093083202E0,-8.772829074E-1,-8.346040803E-1
2.308597073E2,-2.132693849E0,-6.288505018E-1,-1.460959575E0
2.308796973E2,-1.751121220E0,-4.130841511E-1,-1.252496982E0
2.308996863E2,-1.471969882E0,-1.353186035E-1,-1.031834173E0
2.309196763E2,-1.242139955E0,1.198410237E-1,-8.749890447E-1
2.309396663E2,-1.202736007E0,9.349873245E-2,-9.589527225E-1
2.309596563E2,-1.160692918E0,-2.061383253E-1,-3.835568815E-1
2.309796463E2,-1.057877817E0,-2.364040983E-1,5.321042258E-1
2.309996363E2,-9.344652412E-1,-1.370680904E-1,9.253493589E-1
2.310196263E2,-4.163600537E-1,1.255870825E-1,1.149080202E0
2.310396163E2,2.160569572E-1,3.241018081E-1,9.635848868E-1
2.310596063E2,5.916090737E-1,4.286915392E-1,6.204100460E-1
2.310795963E2,6.192942511E-1,3.233405006E-1,4.379915357E-2
2.310995853E2,3.325367090E-1,2.245517921E-1,-1.634612525E-1
2.311195753E2,9.530786097E-2,5.971118152E-2,3.211969113E-1
2.311395653E2,1.887313105E-2,-1.369961697E-1,7.054156977E-1
2.311595553E2,4.621968158E-2,-2.083912575E-1,8.430147153E-1
2.311795453E2,2.233939704E-1,-9.906820536E-2,7.078592491E-1
2.311995353E2,2.625421755E-1,1.654411197E-2,1.918062150E-1
2.312195253E2,1.251901297E-1,-7.921807766E-2,-1.787125450E-1
2.312395153E2,-2.963763580E-1,-4.707476377E-2,-9.523126245E-2
2.312595053E2,-6.514540833E-1,-2.841980696E-1,1.317418617E-1
2.312794953E2,-9.226466297E-1,-4.911322010E-1,2.863176852E-1
2.312994843E2,-1.042736525E0,-5.046761066E-1,2.349645138E-1
2.313194743E2,-1.074320407E0,-3.186305684E-1,2.020692480E-1
2.313394643E2,-9.451915929E-1,-2.683725804E-1,1.901584697E-1
2.313594543E2,-8.058694739E-1,-3.284018505E-1,1.679378808E-1
2.313794445E2,-7.079272961E-1,-5.545932019E-1,-2.048858517E-1
2.313994345E2,-1.080528907E-1,-6.327324682E-1,-3.070244300E-1
2.314194245E2,7.567739855E-1,-3.827844644E-1,-5.450575626E-1
2.314394145E2,1.373251925E0,1.716578794E-1,-1.034189431E0
2.314594045E2,1.956645003E0,6.618229508E-1,-1.453577465E0
2.314793945E2,2.275351585E0,1.054958741E0,-8.308466595E-1
2.314993835E2,2.478857494E0,1.179133721E0,6.011990190E-2
2.315193735E2,2.554289500E0,9.119200587E-1,5.953728533E-1
2.315393635E2,2.671291115E0,6.426516849E-1,4.889424187E-1
2.315593535E2,2.811052433E0,7.899237514E-1,3.556042671E-2
2.315793435E2,2.584045688E0,1.003136623E0,-2.368473172E-1
2.315993335E2,2.109021689E0,9.064727926E-1,-7.377431989E-2
2.316193235E2,1.606142578E0,5.522888142E-1,3.689312410E-1
2.316393135E2,1.122501318E0,1.664351463E-1,8.641997623E-1
2.316593035E2,6.679943215E-1,-1.742055112E-1,1.289757194E0
2.316792935E2,1.316684426E-1,-3.209840727E-1,1.137798584E0
2.316992825E2,-2.068719316E-1,-2.791946071E-1,7.720429659E-1
2.317192725E2,-2.348863438E-1,-1.825225908E-1,7.686585975E-1
2.317392625E2,-2.535362940E-1,-2.725357980E-1,4.403234053E-1
2.317592525E2,-2.210973485E-1,-4.591175258E-1,-5.033914733E-1
2.317792425E2,-4.562221034E-2,-4.975617993E-1,-1.534305294E0
2.317992325E2,5.406834433E-1,-3.866699392E-1,-2.329627780E0
2.318192225E2,1.187127742E0,5.170400441E-2,-2.497914155E0
2.318392125E2,1.570350747E0,2.504204589E-1,-2.397226855E0
2.318592025E2,1.992457152E0,6.275173366E-2,-2.258833201E0
2.318791925E2,1.788903150E0,1.950894266E-1,-1.990332566E0
2.318991825E2,1.157950136E0,3.190995151E-1,-1.425154735E0
2.319191715E2,5.511572318E-1,-5.073535466E-1,-1.433633198E0
2.319391615E2,-3.621151417E-1,-1.577498091E0,-2.319917893E0
2.319591515E2,-1.133449133E0,-1.748561894E0,-2.084349947E0
2.319791415E2,-8.640658611E-1,-1.012074677E0,-7.498755866E-1
2.319991315E2,-2.808287577E-1,-1.565510130E-1,7.032013571E-1
2.320191215E2,-4.292680746E-1,-2.756424236E-1,9.223433053E-1
2.320391115E2,-8.103305340E-1,-5.538982603E-1,7.838596040E-1
2.320591015E2,-9.373864371E-1,-1.361742851E0,1.023426461E-1
2.320790915E2,-1.273278863E0,-1.556322692E0,-4.530381757E-1
2.320990815E2,-8.509055328E-1,-8.177889499E-1,4.078047001E-1
2.321190705E2,-4.544996873E-1,-3.070185828E-1,1.170045394E0
2.321390605E2,-3.180478933E-1,1.443621996E-1,7.867118758E-1
2.321590505E2,-2.532651293E-1,3.142644525E-1,1.147767502E-1
2.321790405E2,-9.872845289E-1,-1.995985070E-1,-1.451725067E0
2.321990305E2,-2.194972835E0,-1.023055163E0,-2.863752803E0
2.322190205E2,-3.254529242E0,-1.860391355E0,-2.634705087E0
2.322390105E2,-2.509557715E0,-1.791122607E0,2.888524532E-3
2.322590005E2,-8.304443711E-1,-9.370192319E-1,2.240903299E0
2.322789905E2,-6.913671774E-1,9.196237653E-2,1.923295408E0
2.322989805E2,-1.195734551E0,4.516009301E-2,-3.334082365E-3
2.323189705E2,-1.193327837E0,-1.140127969E0,-1.030206892E0
2.323389595E2,-1.394718808E-1,-1.191696025E0,1.070231084E0
2.323589495E2,3.258080256E-1,-4.364434853E-2,2.668737051E0
2.323789397E2,1.177325762E0,2.525943075E-1,2.729262750E0
2.323989297E2,1.413235770E0,-5.410677150E-2,2.443642053E0
2.324189197E2,1.206742519E0,9.018928148E-2,2.017729695E0
2.324389097E2,1.266268344E0,6.324298017E-1,1.009715325E0
2.324588997E2,7.763554628E0,3.420592505E0,1.313080568E1
2.324788897E2,3.354385067E0,3.108857485E-1,1.203729449E0
2.324988797E2,-1.235741200E0,5.573640512E-1,-3.751286464E0
2.325188697E2,-1.737683734E0,-3.789898041E-1,-6.355438095E-1
2.325388597E2,1.169301043E0,-2.779601137E-1,1.266392305E0
2.325588487E2,-1.074973176E0,2.060928998E-1,-6.763041651E-1
2.325788387E2,-1.138404940E0,-1.749242802E-1,5.895735848E-1
2.325988287E2,-1.749590419E0,-1.354670132E-1,-4.607296032E0
2.326188187E2,5.486510274E0,-4.176712626E0,1.023975632E1
2.326388087E2,6.162269479E-1,3.109655703E0,-2.189004582E-1
2.326587987E2,-3.396987296E0,-3.418739084E-1,-7.775396994E0
2.326787887E2,8.955396688E-1,9.899583144E-1,-1.868281880E0
2.326987787E2,3.727828020E0,-2.283816088E-1,3.150010262E0
2.327187687E2,-2.398112708E0,-6.902900472E-1,1.800310337E0
2.327387587E2,-8.914150429E-1,3.467502305E-1,1.156040143E0
2.327587487E2,8.451986504E-1,-6.759488737E-1,-5.466292942E-1
2.327787377E2,5.591467211E-1,-1.924837612E-2,-2.107356402E0
2.327987277E2,2.086070783E0,1.161105951E0,-2.359956118E0
2.328187177E2,2.990114642E0,3.059057846E-1,7.973469086E0
2.328387077E2,-4.051322010E0,-9.303455854E-1,-2.441735276E0
2.328586977E2,-1.765082032E0,-5.424028536E-1,-8.389746986E0
2.328786877E2,8.711760753E-1,2.001310568E0,-3.691401036E0
2.328986777E2,2.100388567E0,-1.893190434E0,1.162958802E1
2.329186677E2,-4.376290083E-2,-7.400328954E-1,-2.064135538E0
2.329386577E2,5.721614537E-1,1.688253711E0,-2.757339326E0
2.329586477E2,-2.912717387E-1,-9.248758806E-1,6.528539068E-1
2.329786377E2,-7.473881811E-1,-3.571875469E-1,1.985265369E0
2.329986267E2,-6.363983801E-1,3.358216748E-1,-3.495814011E0
2.330186167E2,5.146008781E-1,1.460125031E-1,6.406876051E-1
2.330386067E2,9.294467953E-1,-2.611717343E-1,2.763506384E0
2.330585967E2,-2.408465204E-1,1.628401320E-1,-1.689413214E0
2.330785867E2,-4.257875195E-1,-4.699356057E-2,-5.854969060E-1
2.330985767E2,-2.289272636E-2,-1.483721470E-1,8.865840733E-1
2.331185667E2,1.760602480E-1,1.507543758E-1,-5.666063064E-1
2.331385567E2,1.807146317E-1,-1.458098240E-2,3.070121509E-1
2.331585467E2,-5.101432532E-2,-3.672891967E-2,1.072391045E-1
2.331785367E2,-2.172088587E-1,3.867289960E-2,-5.727435440E-1
2.331985267E2,1.418783024E-1,-2.298131168E-2,3.108853465E-1
2.332185167E2,8.026268274E-2,3.876703978E-4,4.693033755E-2
2.332385057E2,-1.064108464E-1,-2.059308954E-2,-2.199167043E-1
2.332584957E2,-3.546336293E-4,7.624769211E-4,1.091482204E-1
2.332784857E2,8.090587646E-2,2.194109201E-2,1.023964405E-2
2.332984757E2,5.574443042E-2,1.283449218E-2,2.796080053E-2
2.333184657E2,-4.330681801E-2,-1.360318176E-2,-8.123068929E-2
2.333384557E2,3.209858268E-2,-1.038428955E-2,7.055835128E-3
2.333584457E2,3.627700299E-2,-3.378959745E-3,3.948332369E-2
2.333784353E2,-2.614611715E-2,-3.862794913E-2,-9.688836336E-2
2.333984253E2,-1.475895703E-2,-2.776404172E-3,-5.394056439E-3
2.334184153E2,-2.784180969E-2,-5.666500144E-2,8.480801582E-3
2.334384053E2,-2.625282884E-2,-4.635329045E-2,2.882677317E-4
2.334583943E2,-4.382108063E-2,-6.832471490E-4,-1.683764219E-2
2.334783843E2,1.819653511E-3,1.317955099E-2,-4.015984654E-2
2.334983743E2,4.897744775E-2,-2.799888052E-2,4.658242822E-2
2.335183643E2,-4.815182090E-4,7.841408551E-3,-3.883896053E-2
2.335383543E2,1.201661289E-2,1.469186023E-3,4.315245152E-4
2.335583443E2,8.939808011E-3,-2.955036610E-3,-1.662012577E-2
2.335783343E2,6.371126175E-3,-4.693121463E-3,-1.761415243E-2
2.335983243E2,2.812773854E-2,5.704397410E-3,-3.288474083E-3
2.336183143E2,9.309936762E-3,1.821298040E-2,-3.818348765E-2
2.336383043E2,1.442683518E-2,4.970133305E-4,-2.854669154E-2
2.336582943E2,1.798749715E-2,-1.691577561E-2,1.884557605E-3
2.336782843E2,1.957180023E-2,-4.761460796E-3,-2.092776954E-2
2.336982733E2,7.345272303E-3,-3.522026494E-2,-8.381983638E-3
2.337182633E2,-7.230666876E-3,-9.230195358E-3,-4.863655508E-2
2.337382533E2,-6.212081909E-3,-7.282707095E-3,-4.181402385E-2
2.337582433E2,1.879002750E-2,-4.730105102E-3,-2.724802494E-2
2.337782333E2,1.948116839E-2,1.313379653E-2,-4.469611645E-3
2.337982233E2,1.291562229E-2,6.112167612E-3,1.519457459E-2
2.338182133E2,2.294242769E-2,-5.040299892E-4,-3.605100811E-2
2.338382033E2,-1.116058052E-2,-4.596715495E-3,2.210481405E-2
2.338581933E2,1.165350080E-2,-7.444528788E-3,-4.970601082E-2
2.338781833E2,2.838910908E-2,-5.424242690E-3,1.316325188E-2
2.338981733E2,2.205482036E-2,-6.355411783E-3,2.622359276E-2
2.339181633E2,-6.000412703E-3,-2.317945920E-2,-3.878692031E-2
2.339381523E2,6.523153782E-3,-1.635553926E-2,-1.821524620E-2
2.339581423E2,8.097808957E-3,3.369677290E-3,-4.701746106E-3
2.339781323E2,1.529046893E-3,-1.145264894E-2,-2.363503039E-2
2.339981223E2,-4.797932804E-3,-8.233610541E-3,-2.927642405E-2
2.340181123E2,7.308142483E-3,-3.114153966E-3,-3.036400616E-2
2.340381023E2,4.362373710E-2,-9.540463239E-4,1.308372974E-2
2.340580923E2,2.971935064E-2,1.472526245E-2,1.663825214E-2
2.340780823E2,6.586011350E-3,2.959458567E-2,-5.725593567E-3
2.340980723E2,-9.226321578E-3,-3.409292176E-3,-4.182337940E-2
2.341180623E2,-1.371464431E-3,-2.474834025E-4,-3.328118205E-2
2.341380523E2,-9.156739712E-4,-1.400364295E-2,-1.723174453E-2
2.341580423E2,3.145568132E-2,-1.440476194E-2,-3.508387864E-2
2.341780313E2,2.688929826E-2,4.003515467E-3,1.372575402E-2
2.341980213E2,-1.772378772E-2,-2.555350184E-2,-5.255068123E-2
2.342180113E2,6.413810849E-3,-1.766144179E-2,-4.841903865E-2
2.342380013E2,3.556627393E-2,2.034070909E-2,5.743135214E-2
2.342579913E2,2.915684849E-2,1.755231813E-2,-1.192422688E-2
2.342779813E2,4.321969450E-3,-1.491259262E-3,-1.959285021E-2
2.342979713E2,1.912741184E-2,-1.387398094E-3,2.896710634E-3
2.343179613E2,1.854590625E-2,1.577461839E-2,-1.657276332E-2
2.343379513E2,4.687128067E-3,-1.562266387E-2,-2.257609963E-2
2.343579413E2,-9.421033859E-3,-7.632955313E-3,-5.006853819E-2
2.343779325E2,1.252122760E-2,-5.410282463E-3,-3.235907614E-2
2.343979225E2,1.846258342E-3,-3.228247762E-3,-3.092007637E-3
2.344179115E2,4.449731112E-4,-8.503971174E-3,-3.475000262E-2
2.344379015E2,9.291518033E-3,-5.747082084E-3,-1.393216074E-2
2.344578915E2,3.365014136E-2,1.976431981E-3,-8.320003152E-3
2.344778815E2,5.711267889E-3,-3.397670835E-3,-3.219476938E-2
2.344978715E2,1.433444917E-2,-8.152772784E-3,-1.349654317E-2
2.345178615E2,1.173770070E-2,1.010252684E-3,-1.706100583E-2
2.345378515E2,7.693766356E-3,-3.269105181E-3,-1.076706290E-2
2.345578415E2,7.371877134E-3,-5.514655262E-3,-1.241890132E-2
2.345778315E2,-1.097113073E-2,-1.123359762E-2,-4.249756336E-3
2.345978215E2,-8.088161051E-3,-4.842737094E-3,-5.108770788E-2
2.346178115E2,-1.728612363E-2,-2.737447098E-3,-3.923481703E-4
2.346378015E2,4.651167691E-3,2.987927198E-4,-5.387039781E-3
2.346577915E2,1.130500674E-2,1.494445994E-2,-2.005594969E-4
2.346777805E2,1.490835339E-2,1.263305560E-2,4.349159002E-3
2.346977705E2,1.295158267E-3,-1.721201017E-3,-2.236559987E-2
2.347177605E2,2.035035700E-2,-1.371186689E-2,-5.886391997E-3
2.347377505E2,-2.155868411E-3,-9.662450776E-3,-2.225040972E-2
2.347577405E2,-1.524076760E-2,3.416966647E-3,-4.305538774E-2
2.347777305E2,6.639221013E-3,9.012240395E-3,-2.056758106E-2
2.347977205E2,8.792165816E-3,-1.641825065E-3,6.860538125E-3
2.348177105E2,-1.640728712E-2,8.636849150E-3,-3.935760856E-2
2.348377005E2,3.539202690E-2,1.521306641E-2,3.802619755E-2
2.348576905E2,-1.191194773E-2,6.930266172E-3,3.855654001E-3
2.348776805E2,-2.477465272E-2,-5.666536689E-3,-9.971315324E-2
2.348976705E2,-3.355424702E-3,1.371493667E-2,2.230654299E-2
2.349176595E2,7.557526231E-4,-8.815043047E-3,-2.583241403E-2
2.349376495E2,-7.877953649E-3,-1.520933881E-2,-2.843968749E-2
2.349576395E2,2.934220523E-2,-5.959920734E-3,2.515355229E-2
2.349776295E2,1.148656279E-2,4.594595879E-3,-1.168799937E-2
2.349976195E2,-6.368787289E-3,-8.644596711E-3,-5.602860510E-2
2.350176095E2,-2.953428626E-3,8.382714540E-4,1.646283567E-2
2.350375995E2,1.489870548E-3,6.638197750E-3,-7.674470544E-3
2.350575895E2,7.238852978E-4,3.411923423E-3,-1.053083539E-2
2.350775795E2,2.231969923E-2,1.465136826E-2,2.517226338E-3
2.350975695E2,2.736467689E-2,1.518901974E-2,-1.749194562E-2
2.351175595E2,8.928113580E-3,-1.040723987E-2,-1.898824811E-2
2.351375495E2,-2.244716853E-2,-7.484436035E-3,-6.905269325E-2
2.351575395E2,3.343145549E-3,-1.138811029E-2,-2.354147494E-2
2.351775295E2,-4.998784661E-3,-9.790504798E-3,5.946033597E-3
2.351975185E2,5.072459579E-4,6.773706973E-3,-3.542184770E-2
2.352175085E2,3.600832343E-2,7.885116488E-3,7.873275876E-3
2.352374985E2,4.239026695E-2,-3.214726076E-3,6.452227056E-2
2.352574885E2,-1.738084853E-3,-3.535080403E-3,-4.519839227E-2
2.352774785E2,-2.958311051E-2,-2.285004169E-2,-6.297802091E-2
2.352974685E2,-1.949549407E-2,-9.178666770E-3,-3.540489078E-3
2.353174585E2,1.073928863E-2,-3.132273026E-2,-1.932738662E-2
2.353374485E2,-8.650955558E-4,-1.930787154E-2,7.484436035E-5
2.353574385E2,1.577666491E-2,1.788787521E-2,-2.200131834E-2
2.353774282E2,-1.502734423E-3,8.696710020E-3,4.290686846E-3
2.353974182E2,-1.316442132E-2,-8.995137289E-3,-4.656722546E-2
2.354174082E2,-2.476295829E-3,1.052009113E-2,-3.150479794E-3
2.354373982E2,1.085827947E-2,1.203897849E-2,-1.209087253E-2
2.354573882E2,2.639550090E-2,-1.547414459E-2,-8.301876783E-3
2.354773772E2,2.402387023E-2,-3.015409112E-3,1.971739590E-2
2.354973672E2,-7.618629634E-3,7.403379008E-3,-2.640134811E-2
2.355173572E2,2.309650183E-4,-1.023014233E-2,-2.535352707E-2
2.355373472E2,-8.311524689E-3,1.788370907E-3,-1.663415909E-2
2.355573372E2,7.162839174E-3,2.655147538E-3,-1.330826283E-2
2.355773272E2,-8.760883212E-3,-2.026937306E-3,-1.066239774E-2
2.355973172E2,-1.469697654E-3,-1.070237808E-2,-2.317368507E-2
2.356173072E2,4.259988964E-3,7.147124782E-3,-5.399903655E-3
2.356372972E2,7.310481369E-3,1.769879088E-3,-7.601380348E-4
2.356572872E2,-1.875202060E-3,-6.002605408E-3,-7.373923659E-3
2.356772772E2,-1.287849247E-2,1.207471959E-2,-1.853333473E-2
2.356972672E2,-1.055071592E-2,-1.766334213E-2,-2.841220558E-2
2.357172572E2,-1.085798711E-2,-2.426550642E-2,-2.090321124E-2
2.357372472E2,3.044060469E-3,-1.994931109E-2,-1.590618074E-2
2.357572362E2,4.445491880E-2,-3.079019509E-2,3.465644717E-2
2.357772262E2,3.567532450E-2,-5.186918825E-2,1.797726452E-2
2.357972162E2,-2.460683763E-2,-1.854269028E-2,-7.846261740E-2
2.358172062E2,3.551277190E-2,-1.856929511E-3,3.423778653E-2
2.358371962E2,4.731303781E-2,1.736747302E-2,9.497223079E-2
2.358571862E2,-5.380870968E-2,3.335712276E-2,-9.672990382E-2
2.358771762E2,-4.089571863E-2,3.141263120E-2,-5.751145899E-2
2.358971662E2,1.295421392E-2,2.113658823E-2,1.867074430E-2
2.359171562E2,3.732891709E-2,1.351861641E-2,7.914206386E-3
2.359371462E2,1.101907790E-3,-1.668985382E-2,-1.052381873E-2
2.359571362E2,1.582899749E-2,-3.900845669E-2,-5.767108798E-3
2.359771262E2,1.209671974E-2,-4.829142317E-2,3.287713945E-2
2.359971162E2,-2.002671361E-2,-3.485320598E-2,-5.055678070E-2
2.360171062E2,-1.811350465E-2,-1.630072162E-2,-2.851336241E-2
2.360370962E2,3.716782629E-3,9.691029042E-4,-3.542827964E-3
2.360570852E2,2.528774589E-2,1.724343896E-3,-1.982556939E-2
2.360770752E2,3.975229561E-3,2.503368437E-2,9.537393451E-3
2.360970652E2,-7.103782296E-3,1.661062405E-2,-2.435657680E-2
2.361170552E2,4.301211834E-3,9.200959280E-3,-2.634696901E-2
2.361370452E2,4.236015379E-3,-7.551459745E-3,-1.979867220E-3
2.361570352E2,1.703820169E-2,-1.846112162E-3,-1.485660553E-2
2.361770252E2,1.849474311E-2,-1.475449853E-2,1.021391630E-2
2.361970152E2,-6.152732670E-3,-2.397197619E-2,-3.939620018E-2
2.362170052E2,-1.053025067E-2,-2.453170091E-2,-2.618617058E-2
2.362369952E2,1.914992362E-2,5.406993404E-3,6.647114754E-3
2.362569852E2,1.740394503E-2,7.224819660E-3,1.637337327E-2
2.362769752E2,-1.159385920E-2,-2.196141109E-3,-3.171705186E-2
2.362969652E2,-1.803573668E-2,-2.609685436E-3,-5.451125264E-2
2.363169552E2,2.449690998E-3,-1.985860616E-2,-3.211290836E-3
2.363369452E2,7.699028850E-3,-1.102711782E-2,-1.891866624E-2
2.363569352E2,6.352122724E-3,7.962811366E-3,-2.242758036E-2
2.363769238E2,6.261783242E-3,1.180655167E-2,-2.837887645E-2
2.363969138E2,3.029442430E-3,-1.642555967E-2,-2.526289523E-2
2.364169038E2,1.241363883E-2,1.873586766E-2,-5.105788708E-3
2.364368938E2,9.195623696E-3,-3.939269185E-3,-2.295441449E-2
2.364568838E2,1.774922311E-3,-9.673706666E-3,1.274634540E-2
2.364768738E2,2.760762870E-3,-8.436070383E-3,-3.904770613E-3
2.364968638E2,-2.197617531E-2,-1.801344417E-2,-1.400115788E-2
2.365168538E2,-2.710184455E-3,-2.260562807E-2,-1.398946345E-2
2.365368438E2,2.821076900E-2,5.043442771E-3,2.965298474E-2
2.365568338E2,3.758590221E-3,9.351890534E-4,-7.931748033E-3
2.365768238E2,-1.817373097E-2,-7.659633234E-3,-4.153394222E-2
2.365968138E2,1.544249654E-3,1.889461957E-2,-2.000858724E-2
2.366168038E2,1.266536146E-2,2.497660093E-2,3.973183036E-3
2.366367938E2,9.612530172E-3,7.155383974E-3,-4.574861526E-3
2.366567838E2,5.369498134E-3,-3.014093488E-3,-8.855023384E-3
2.366767728E2,6.082566082E-3,-1.109509170E-2,-9.357299209E-3
2.366967628E2,2.661418676E-2,-1.321046814E-2,1.988053322E-3
2.367167528E2,-1.065830469E-2,-4.009976640E-2,-3.773676038E-2
2.367367428E2,-6.911408901E-4,-2.948568128E-2,-4.139243960E-3
2.367567328E2,-7.879123092E-4,-5.302986056E-3,-1.632951915E-2
2.367767228E2,3.116565943E-4,1.237906717E-2,-2.215977788E-2
2.367967128E2,-1.242650270E-2,1.513369046E-2,-1.768256485E-2
2.368167028E2,-4.176373780E-3,2.045151383E-2,-3.368697882E-2
2.368366928E2,1.922272146E-3,2.412561178E-3,-1.552435756E-3
2.368566828E2,1.383246571E-2,4.652190953E-4,-9.954884648E-3
2.368766728E2,5.068658888E-3,-5.454648212E-3,-4.992937446E-3
2.368966628E2,-1.823921978E-2,-1.891581573E-2,-2.426652968E-2
2.369166528E2,-2.083626062E-2,-1.934755951E-2,-2.192355037E-2
2.369366428E2,2.301551789E-2,-2.998569131E-2,5.554854870E-5
2.369566328E2,2.289594233E-2,2.792191654E-3,2.906066179E-4
2.369766228E2,1.056241035E-2,2.598356456E-4,6.586303711E-3
2.369966128E2,8.776378334E-3,3.628855124E-3,-8.187271357E-3
2.370166018E2,-1.245720059E-2,8.495127261E-3,-2.908931315E-2
2.370365918E2,-2.760879815E-2,5.512681827E-3,-3.954296529E-2
2.370565818E2,-1.643447667E-2,2.080804780E-2,-4.808867097E-2
2.370765718E2,6.264122128E-3,-3.094858155E-3,2.642824531E-2
2.370965618E2,2.163323611E-2,9.139344245E-3,5.057841539E-3
2.371165518E2,-1.599271953E-2,-3.128362700E-2,-3.056339622E-2
2.371365418E2,-7.842577994E-3,-4.186650261E-2,-3.466404855E-2
2.371565318E2,3.814518839E-2,-1.649967313E-2,2.550146163E-2
2.371765218E2,-1.815823585E-2,1.252963297E-2,-3.998793840E-2
2.371965118E2,-8.434316218E-3,-1.781478502E-2,-3.834428608E-2
2.372165018E2,2.321929336E-2,1.080733560E-2,2.547281027E-2
2.372364918E2,2.085994184E-2,2.452329554E-2,-5.563040972E-3
2.372564818E2,1.945310175E-2,-9.332302362E-3,3.309524059E-2
2.372764718E2,1.575678438E-2,2.030226365E-3,-6.414395571E-4
2.372964618E2,3.395185769E-3,1.231547870E-2,2.403205633E-4
2.373164518E2,-4.966946572E-2,-2.071544252E-2,-5.490243137E-2
2.373364418E2,-1.058696866E-2,2.167635933E-3,-2.598853469E-2
2.373564308E2,2.755061835E-2,1.215855405E-3,3.040493667E-2
2.373764211E2,1.336965859E-2,-1.456080951E-2,-1.152953982E-2
2.373964111E2,-2.956059873E-3,-1.418761097E-2,-1.760128856E-2
2.374164011E2,6.453864276E-3,-1.539491482E-2,-1.096528351E-2
2.374363911E2,-1.699230105E-2,-9.316734150E-3,-2.827538073E-2
2.374563811E2,7.233005762E-4,-1.045409068E-2,-3.537565470E-2
2.374763711E2,1.483233958E-2,3.075269982E-3,2.243810534E-2
2.374963611E2,7.354043126E-3,5.988572091E-3,-2.564822674E-2
2.375163511E2,-3.549990803E-2,1.013454035E-2,-2.354732215E-2
2.375363411E2,-2.139642388E-2,-2.395194948E-2,-7.030867517E-2
2.375563311E2,1.021479338E-2,1.178747512E-2,2.457233906E-2
2.375763211E2,3.183194965E-2,6.798265278E-3,6.488596737E-2
2.375963111E2,-3.736078441E-3,1.917418957E-2,-4.142284513E-2
2.376163011E2,-1.463821203E-2,2.431418449E-3,-1.330416977E-2
2.376362911E2,2.171071172E-3,-5.791301653E-3,-9.987044334E-3
2.376562811E2,2.023692101E-2,-1.712861426E-2,-4.870145917E-3
2.376762711E2,5.895455182E-3,-9.099802449E-3,-1.135178447E-2
2.376962611E2,-6.423751116E-3,-8.470130414E-3,-1.987117767E-2
2.377162511E2,-1.086646557E-2,-1.458726816E-2,-1.938702822E-2
2.377362401E2,-1.246918738E-2,-1.494255960E-3,-3.611942053E-2
2.377562301E2,-1.914378405E-3,2.510355860E-3,-2.797892690E-2
2.377762201E2,1.033466130E-2,1.112491250E-2,-6.367617846E-3
2.377962101E2,3.604223728E-3,2.363079116E-3,1.771121621E-2
2.378162001E2,1.042032301E-2,-3.778763115E-5,-1.384737611E-2
2.378361901E2,-9.809581339E-3,-1.023606263E-2,-1.149738014E-2
2.378561801E2,-7.595533133E-3,-1.488379508E-2,-5.661858916E-3
2.378761701E2,-1.614942491E-2,-9.766458124E-3,-1.473381400E-2
2.378961601E2,-3.646031320E-3,-1.310339101E-2,-1.772524953E-2
2.379161501E2,-3.846590817E-3,-3.774962425E-3,-8.307723999E-3
2.379361401E2,1.321529210E-2,1.928777173E-3,-3.014239669E-3
2.379561301E2,2.200044125E-2,-4.795520827E-3,1.629852891E-2
2.379761201E2,-8.853269219E-3,-1.164604560E-2,-4.041595459E-3
2.379961101E2,2.514302731E-5,-1.778211370E-3,-1.988287210E-2
2.380161001E2,1.029109955E-4,-1.581540272E-2,-3.693686128E-3
2.380360901E2,-1.783634663E-2,-6.196075156E-3,-3.439098358E-2
2.380560801E2,-2.924251020E-2,-1.139761202E-2,-1.220196962E-2
2.380760701E2,1.662363410E-3,-2.022478804E-3,-2.872912467E-2
2.380960591E2,7.435904145E-3,-2.828371301E-3,-1.543255627E-2
2.381160491E2,1.193533659E-2,-3.541293070E-3,-4.253849387E-3
2.381360391E2,8.558569551E-3,-8.045841828E-3,1.010749698E-2
2.381560291E2,5.400780737E-3,-1.600477941E-2,8.781348467E-3
2.381760191E2,1.673765481E-3,-1.017035455E-2,-2.844261110E-2
2.381960091E2,-3.049030602E-3,-1.601691239E-2,-2.043718815E-2
2.382159991E2,-8.253344893E-3,-3.966604918E-3,-2.738251090E-2
2.382359891E2,2.419285476E-3,-7.184985504E-3,-1.371464431E-2
2.382559791E2,1.211046070E-2,-3.934006691E-3,5.682324171E-3
2.382759691E2,8.056586087E-3,-6.936113387E-3,8.871395588E-3
2.382959591E2,2.543538809E-3,4.287909418E-3,-2.710359871E-2
2.383159491E2,-6.021755040E-3,1.514048785E-2,-1.238674164E-2
2.383359391E2,-9.001788497E-3,6.717281342E-3,-2.189957678E-2
2.383559291E2,1.006071925E-2,-1.343295470E-2,-1.665462434E-2
2.383759183E2,2.001326501E-2,7.688430771E-3,9.895827770E-3
2.383959083E2,2.132274896E-2,5.430966988E-3,4.112346768E-3
2.384158983E2,-3.409511447E-3,-4.507326186E-3,-5.927322507E-3
2.384358883E2,-3.280287981E-3,7.070233896E-3,6.771075726E-4
2.384558783E2,-8.040213883E-3,-1.719373763E-3,-1.426486731E-2
2.384758683E2,-7.860704362E-3,-4.987528771E-3,-1.576292396E-2
2.384958573E2,1.039050221E-3,9.199862927E-4,-1.637863576E-2
2.385158473E2,8.053077757E-3,4.266859442E-3,-1.624941230E-3
2.385358373E2,2.462262511E-3,-5.990910977E-3,-2.470624030E-2
2.385558273E2,-8.509745300E-3,6.503492519E-3,-2.186624765E-2
2.385758173E2,-5.320966244E-3,2.203377038E-3,-1.099978209E-2
2.385958073E2,7.089164257E-3,8.902385831E-5,-1.929581165E-3
2.386157973E2,-2.541199923E-3,-6.998824775E-3,-3.145041883E-2
2.386357873E2,-1.262092263E-2,-7.614317313E-3,-1.633770525E-2
2.386557773E2,-9.267836809E-3,6.753534079E-3,-2.074182808E-2
2.386757673E2,-1.201018095E-2,5.699134916E-3,-3.644043267E-2
2.386957573E2,1.202684551E-2,-1.777699739E-2,9.550842047E-3
2.387157473E2,-5.899840593E-3,-1.789321080E-3,-2.110494018E-2
2.387357373E2,7.656928897E-3,1.317282669E-2,-6.764059067E-3
2.387557273E2,1.254344702E-2,1.313767031E-2,4.418156147E-3
2.387757173E2,1.197772890E-2,5.604410022E-3,-4.353252053E-3
2.387957073E2,8.907355964E-3,-5.050532520E-4,-1.999104559E-2
2.388156973E2,-1.249023736E-2,-1.018468022E-2,-2.219018340E-2
2.388356873E2,-8.096931875E-3,-1.678728305E-2,-1.262823164E-2
2.388556773E2,-1.119741797E-4,-9.150307775E-3,-2.206446826E-2
2.388756673E2,-8.414143324E-4,7.688430771E-3,-2.536522150E-3
2.388956573E2,4.040133655E-3,-2.368999422E-3,-8.515300155E-3
2.389156473E2,-3.779932559E-3,-2.917322069E-3,-1.540507436E-2
2.389356363E2,4.777175188E-4,-8.660749644E-3,4.048612118E-3
2.389556263E2,2.636509538E-3,-8.014997765E-3,-2.738660395E-2
2.389756163E2,-1.443794489E-2,2.352407947E-3,-6.035495996E-3
2.389956063E2,-3.624104261E-3,-3.658529744E-3,-1.025133848E-2
2.390155963E2,1.773548216E-2,-1.270088330E-2,4.753201604E-3
2.390355863E2,1.507558376E-2,4.591526091E-3,-9.541486502E-3
2.390555763E2,3.460382223E-3,-4.752982333E-3,-1.999689281E-2
2.390755663E2,-1.278786063E-3,-1.130719945E-2,-6.355923414E-3
2.390955563E2,4.690928757E-3,-1.013907194E-2,2.540030479E-3
2.391155463E2,3.174745739E-3,1.564349458E-3,3.904185891E-3
2.391355363E2,-6.878079772E-3,-7.236733362E-3,-3.978737891E-2
2.391555263E2,-2.097951740E-2,-3.200473487E-3,-4.215667069E-2
2.391755163E2,-6.895329058E-3,-8.644962162E-3,-1.055831730E-2
2.391955063E2,-1.430696726E-2,-7.265823260E-3,-2.714862227E-2
2.392154963E2,-1.113426805E-2,4.834624082E-3,-1.641956627E-2
2.392354863E2,-9.247371554E-4,-1.003828056E-2,-3.105339289E-2
2.392554763E2,4.414355457E-3,-3.839427978E-4,-1.054720759E-2
2.392754663E2,7.913329303E-3,1.822562501E-2,4.506449103E-3
2.392954563E2,5.080938041E-3,3.686377108E-3,2.435365319E-3
2.393154463E2,2.679486573E-3,2.148267031E-3,1.238791108E-2
2.393354363E2,-7.335332036E-4,-6.305564269E-3,-1.251888871E-3
2.393554263E2,-6.086659133E-3,-1.623252846E-2,-8.365026712E-3
2.393754172E2,-2.481470615E-2,-2.834306225E-2,-4.537497818E-2
2.393954072E2,-1.667801321E-2,-3.611671619E-2,-4.667422950E-2
2.394153962E2,9.482721984E-3,-1.667011946E-2,-1.363219857E-2
2.394353862E2,-2.627153993E-3,1.115107879E-2,-2.565173507E-2
2.394553762E2,-4.775713384E-3,1.146741316E-2,-3.205619037E-2
2.394753662E2,1.133190393E-3,1.022056751E-2,1.118396938E-2
2.394953562E2,1.679027975E-3,8.953402787E-3,-1.974604726E-3
2.395153462E2,6.945907474E-3,8.241796643E-3,-6.574024558E-3
2.395353362E2,-5.614204109E-3,-1.208853364E-2,1.841288209E-3
2.395553262E2,1.290919036E-2,-1.222813591E-2,6.181676388E-3
2.395753162E2,8.308893442E-4,-1.914824255E-2,3.553937674E-3
2.395953062E2,-1.617836863E-2,-1.703498572E-2,-3.087095976E-2
2.396152962E2,-1.797229439E-2,2.497272715E-3,-2.987050116E-2
2.396352862E2,1.199907124E-2,8.272933066E-3,-8.456827998E-3
2.396552762E2,1.036185086E-2,6.911847442E-3,-2.675685883E-3
2.396752662E2,-1.151930720E-2,-4.622808695E-3,-1.370178044E-2
2.396952562E2,-1.848538756E-2,-5.938505307E-3,-3.030553401E-2
2.397152462E2,7.803109288E-4,7.976552323E-3,1.540741324E-3
2.397352362E2,-6.489532292E-3,-2.526070252E-3,-6.224945784E-3
2.397552262E2,-8.745972812E-3,-1.589923717E-2,-2.514478147E-2
2.397752162E2,-1.397338361E-2,-1.141288787E-2,-2.897295356E-2
2.397952062E2,1.154445022E-2,-1.425419614E-2,-1.944783926E-3
2.398151962E2,1.208911836E-2,-1.331484094E-3,1.482269168E-2
2.398351862E2,-8.696563840E-3,-5.149496645E-3,-5.699281096E-3
2.398551762E2,-1.832897455E-2,1.340839639E-2,-3.610655665E-3
2.398751662E2,1.135032266E-2,8.613898829E-3,-1.895667315E-3
2.398951562E2,2.458754182E-3,-1.273128882E-2,-7.016658783E-5
2.399151462E2,-1.124711931E-2,2.979594916E-3,-2.359585404E-2
2.399351352E2,-9.987044334E-4,-5.593665764E-3,-2.026995778E-2
2.399551252E2,1.719578415E-2,6.330853477E-3,-2.033603132E-2
2.399751152E2,5.798391402E-3,-2.122466192E-3,-1.766736209E-2
2.399951052E2,1.612077355E-3,4.167091325E-3,-5.817394853E-3
2.400150952E2,-2.457847863E-2,-5.201683044E-3,-4.795418501E-2
2.400350852E2,-9.419864416E-3,4.067615569E-3,-1.761941493E-2
2.400550752E2,2.460771471E-2,4.753201604E-3,1.024139822E-2
2.400750652E2,1.156257659E-2,-5.357145891E-3,2.168790758E-2
2.400950552E2,4.034286439E-3,9.019914865E-3,-3.607147336E-3
2.401150452E2,1.158508837E-2,7.801866755E-3,-1.040687442E-2
2.401350352E2,-8.701533973E-3,1.277755491E-2,-2.337775290E-2
2.401550252E2,4.936219454E-3,4.991183281E-3,-4.537439346E-4
2.401750152E2,-1.147223711E-2,-1.772846550E-2,-2.278367579E-2
2.401950052E2,-1.944491565E-2,-1.506790929E-2,-3.679652810E-2
2.402149952E2,-1.200988859E-2,-1.093180820E-2,-1.747732759E-2
2.402349852E2,5.098187327E-3,-1.138540596E-2,-2.538568676E-2
2.402549752E2,5.977023840E-3,-3.474561721E-3,-8.840990067E-3
2.402749652E2,2.975648046E-3,9.981781840E-3,-1.340825021E-2
2.402949552E2,-1.535186470E-3,6.394661218E-3,8.440455794E-3
2.403149452E2,1.414733827E-3,8.978545815E-3,-3.212577224E-2
2.403349352E2,-9.940266609E-4,7.182427347E-3,2.221941948E-5
2.403549252E2,-5.045562387E-3,-8.169291168E-3,-4.349159002E-3
2.403749147E2,-3.888106048E-3,-3.842497766E-3,-1.735687494E-2
2.403949047E2,-3.285258114E-3,7.455199957E-4,-2.346429169E-2
2.404148947E2,-1.700370312E-3,4.748231471E-3,-1.143598437E-2
2.404348847E2,-1.339889467E-3,-7.736012489E-3,-1.256917477E-2
2.404548747E2,-1.441660255E-2,-1.179354161E-2,-2.373384833E-2
2.404748647E2,-4.717533588E-3,-1.378510326E-2,-1.231423616E-2
2.404948547E2,-1.801176310E-2,-1.222375050E-2,1.182891726E-3
2.405148437E2,1.053960621E-3,-2.939029858E-3,-2.261059821E-2
2.405348337E2,-1.079279065E-2,1.665601306E-2,-1.110093892E-2
2.405548237E2,3.193749189E-3,8.949821368E-3,-7.469817996E-3
2.405748137E2,1.122665405E-4,1.115268677E-2,1.086997390E-3
2.405948037E2,4.581001103E-3,-4.609871730E-3,2.175164223E-3
2.406147937E2,9.363146424E-3,6.179995313E-3,-5.661858916E-3
2.406347837E2,5.137948394E-3,6.709095240E-3,-3.928744197E-3
2.406547737E2,-1.286767513E-2,-8.994187117E-3,-4.662569761E-3
2.406747637E2,-5.339092612E-3,2.439385280E-3,-2.097396255E-3
2.406947537E2,-1.260396570E-2,-3.044206649E-3,-1.437421024E-2
2.407147437E2,-7.405498624E-3,-3.651293814E-3,-1.249374568E-2
2.407347337E2,8.778717220E-3,-5.493605286E-3,-1.480865836E-2
2.407547237E2,4.213211238E-3,1.370792001E-2,1.524836898E-2
2.407747137E2,5.552808344E-3,-2.787294611E-3,-2.521962583E-2
2.407947037E2,-4.575738609E-3,1.502091229E-2,-7.344102859E-3
2.408146937E2,-8.952379525E-3,-6.467751414E-4,-7.064605951E-3
2.408346837E2,1.179968119E-3,-1.057373933E-2,-2.593240142E-2
2.408546737E2,-1.116379648E-2,-1.702986941E-2,-1.991795540E-2
2.408746637E2,-3.515930772E-3,-1.849613182E-2,-1.985714436E-2
2.408946537E2,1.541618407E-3,-1.766955480E-3,-1.910753131E-2
2.409146437E2,3.594575822E-3,5.437252745E-3,1.559452415E-2
2.409346337E2,3.715320826E-3,3.010292798E-3,-1.135061502E-2
2.409546237E2,5.756583810E-4,-5.858690813E-3,5.554854870E-5
2.409746137E2,-1.510949761E-2,-2.249277681E-3,3.674975038E-3
2.409946037E2,-1.234347224E-3,3.388022929E-3,-3.320867658E-2
2.410145937E2,-8.315617740E-3,9.517512918E-3,-5.905103087E-3
2.410345837E2,-5.179171264E-3,4.046127051E-3,-1.256274283E-2
2.410545737E2,2.485066652E-4,5.145549774E-4,5.230334401E-3
2.410745637E2,7.168101668E-3,-2.092279941E-3,6.012107134E-3
2.410945537E2,-7.669208050E-3,-7.535599172E-5,-2.165516317E-2
2.411145437E2,2.329823077E-3,2.245330811E-4,-2.686971009E-2
2.411345337E2,-6.008014083E-4,-5.885514915E-3,5.164845586E-3
2.411545237E2,1.002125055E-2,8.075954989E-3,-2.670715749E-2
2.411745137E2,1.730132639E-2,-2.640894949E-3,1.481158197E-2
2.411945027E2,1.284691751E-2,1.325965784E-2,-2.462847233E-3
2.412144927E2,-2.385225445E-2,-2.521611750E-5,-4.050658643E-2
2.412344827E2,-2.100933820E-2,-1.115356386E-2,-2.258019269E-2
2.412544727E2,-2.705038905E-2,-5.874332115E-3,-4.623042583E-2
2.412744627E2,-1.790329725E-2,-7.197995558E-3,-3.886117995E-2
2.412944527E2,-1.434146583E-2,9.973595738E-3,-8.484894633E-3
2.413144427E2,-1.467826545E-2,-8.200939223E-3,-1.235458195E-2
2.413344327E2,1.582402736E-2,1.669160798E-3,2.501555800E-2
2.413544227E2,1.207245380E-2,-6.194759533E-3,2.009980381E-2
2.413744130E2,1.049838334E-2,-8.060386777E-4,1.814040184E-2
2.413944030E2,3.788995743E-3,4.219058454E-3,-5.025681853E-3
2.414143930E2,1.605353057E-3,3.745945618E-3,-1.280423284E-2
2.414343830E2,-1.053112775E-2,-7.310627550E-3,-1.472153485E-2
2.414543730E2,-4.669001698E-3,6.303517744E-3,-1.079746842E-2
2.414743630E2,-1.492911100E-2,-1.482108369E-2,-1.817022264E-2
2.414943530E2,-9.192407727E-3,-7.914571837E-3,-1.744107485E-2
2.415143430E2,-9.368116558E-3,-1.816291362E-3,-1.727852225E-2
2.415343330E2,-7.447890937E-3,-1.596794195E-2,-1.586057246E-2
2.415543230E2,-5.893993378E-3,-2.700609639E-3,-8.594822288E-3
2.415743130E2,1.581788778E-2,1.268831179E-2,-2.466472507E-2
2.415943030E2,-4.337756932E-3,2.435051031E-2,-3.984877467E-3
2.416142930E2,-9.712225199E-3,5.171935335E-3,-8.857946992E-3
2.416342830E2,2.176041305E-2,-9.325870425E-3,-1.136230946E-2
2.416542730E2,7.639679611E-3,-4.623978138E-3,2.393850088E-3
2.416742630E2,-2.195571005E-2,-1.110400870E-2,-2.994943857E-3
2.416942530E2,-8.519100845E-3,-1.725228287E-2,-2.728544712E-2
2.417142430E2,-2.765148282E-3,-3.597645611E-3,9.934419394E-4
2.417342330E2,-1.053755969E-2,1.208027445E-2,-1.016713858E-2
2.417542230E2,3.076512516E-3,3.139954805E-3,-1.616930544E-2
2.417742130E2,-6.169104874E-3,-3.622788638E-3,-9.049150944E-3
2.417942030E2,-1.340708077E-2,-8.943170160E-3,-2.712114036E-2
2.418141930E2,1.321470737E-3,-3.975010291E-3,-7.780889869E-3
2.418341830E2,-8.535765409E-3,-2.286283247E-2,-4.452888608E-2
2.418541730E2,-2.178380191E-2,-1.620797016E-2,-4.115913570E-2
2.418741630E2,7.004964352E-4,-6.900226101E-3,4.064399600E-3
2.418941530E2,9.887934029E-3,-3.564097211E-3,1.068110883E-2
2.419141430E2,1.180582076E-2,1.127101980E-2,9.532130957E-3
2.419341330E2,-1.447185874E-3,4.031435922E-3,-1.333749890E-2
2.419541230E2,-1.691219419E-2,-1.612369716E-4,-1.477532923E-2
2.419741130E2,-6.629865468E-3,-7.020605654E-3,-1.027004957E-2
2.419941030E2,1.339743286E-2,-1.313708559E-2,-1.748609841E-2
2.420140930E2,1.014784276E-2,-1.313796267E-3,1.176927567E-2
2.420340830E2,4.781560600E-3,-1.918734580E-2,-2.308597684E-2
2.420540730E2,-3.834311664E-3,-5.509831309E-3,-1.946771979E-2
2.420740620E2,-5.838444829E-3,4.561266750E-3,-2.127275527E-2
2.420940520E2,-8.152188063E-3,4.131423309E-3,-1.375323594E-2
2.421140420E2,-2.015359819E-2,-5.624875277E-3,-2.551198661E-2
2.421340320E2,-9.901382625E-3,-6.938452274E-3,-1.713234186E-3
2.421540220E2,2.014073431E-3,4.853992984E-3,-6.451817751E-3
2.421740120E2,-3.669127822E-4,-1.338588461E-2,-1.817431569E-2
2.421940020E2,7.851056457E-3,4.856551141E-3,1.182307005E-3
2.422139920E2,3.915295601E-3,9.033144191E-3,-4.069077373E-3
2.422339820E2,-1.819039553E-2,2.839627191E-3,-2.491674006E-2
2.422539720E2,-1.534543276E-2,1.301663294E-3,-3.458803475E-2
2.422739620E2,6.899714470E-4,3.950890526E-3,-1.699434757E-2
2.422939520E2,2.407006323E-3,-2.862138972E-3,3.916465044E-3
2.423139420E2,-1.047528684E-3,1.118981659E-2,-2.672236025E-2
2.423339320E2,-8.478755057E-3,-7.321079448E-3,-1.869939566E-3
2.423539220E2,3.133230507E-3,-1.186604708E-2,-9.638550282E-3
2.423739119E2,-1.162748069E-2,-1.792902499E-3,-4.736244678E-3
2.423939019E2,4.431020021E-3,6.397584826E-3,4.288932681E-3
2.424138919E2,-1.128395677E-2,-1.083050519E-2,-1.609504580E-2
2.424338819E2,-1.247912765E-2,-8.355305716E-3,-2.282402158E-2
2.424538719E2,1.460605234E-2,9.512762055E-3,7.604303956E-3
2.424738619E2,2.761289120E-2,1.681176826E-2,3.740171492E-2
2.424938519E2,-1.459465027E-3,-6.339331940E-3,-1.623771787E-2
2.425138419E2,4.978904128E-4,9.981928021E-3,-4.186021686E-3
2.425338319E2,-3.395478129E-3,4.251291230E-3,-1.654118836E-2
2.425538219E2,-4.215696305E-2,-1.283076458E-2,-6.350602448E-2
2.425738119E2,-1.353718132E-2,-1.329817638E-2,-4.055511832E-2
2.425938019E2,1.911074728E-2,-1.548803173E-2,1.027706623E-2
2.426137919E2,3.041458458E-2,-4.071489349E-3,2.874958992E-2
2.426337819E2,-9.974472821E-3,9.078606293E-3,-3.561071277E-2
2.426537719E2,1.021508574E-3,6.818291992E-3,4.767819643E-3
2.426737619E2,-1.817811638E-2,2.454295680E-3,-2.376600802E-2
2.426937519E2,-1.760947466E-2,-8.145244494E-3,-3.520023823E-2
2.427137419E2,-1.500834078E-2,-2.916693494E-2,1.146054268E-4
2.427337319E2,-2.368707061E-3,-1.769301675E-2,-5.113390088E-3
2.427537219E2,4.076678753E-2,2.493311226E-2,3.269879937E-2
2.427737119E2,2.827128768E-4,5.361896753E-3,-8.122367263E-3
2.427937019E2,-1.352753341E-2,-6.958113536E-3,-4.687303483E-2
2.428136919E2,-2.061435878E-3,3.880870119E-3,-2.586808205E-3
2.428336819E2,1.191954911E-2,9.125749469E-3,4.846757054E-3
2.428536719E2,-1.499898523E-2,-7.118546516E-3,-4.713966787E-2
2.428736619E2,1.370002627E-2,-5.973588601E-3,4.322261810E-3
2.428936519E2,2.666008741E-2,-5.656377152E-3,2.620955944E-2
2.429136419E2,-3.653340340E-3,1.844211817E-3,-1.213121831E-2
2.429336319E2,-2.688315868E-2,-2.150971368E-2,-4.786998510E-2
2.429536219E2,-5.246121883E-3,-3.900567926E-2,2.913082838E-3
2.429736119E2,-2.046525478E-4,7.617460191E-4,-2.379816771E-4
2.429936019E2,-1.582344264E-2,3.868444785E-3,-5.272025049E-2
2.430135919E2,-1.270863086E-2,7.251205221E-3,-2.584176958E-2
2.430335819E2,-2.099852085E-2,-1.700991578E-2,-2.621540666E-2
2.430535719E2,6.724298000E-5,-3.108957253E-2,-5.363183141E-2
2.430735619E2,5.071787149E-2,2.879351713E-2,5.486150086E-2
2.430935519E2,1.509517193E-2,-1.649996549E-2,7.044725418E-3
2.431135419E2,-3.555925727E-2,-4.774573177E-2,-6.454332054E-2
2.431335319E2,-2.015915304E-2,-2.283271931E-2,-5.723839402E-3
2.431535219E2,1.684670538E-2,-4.597373307E-3,-7.459293008E-3
2.431735119E2,3.113057613E-3,-5.289537460E-3,-1.346262932E-2
2.431935019E2,1.136727959E-2,2.043974631E-2,7.776212096E-3
2.432134919E2,1.198269904E-2,2.066939570E-2,-2.485651374E-3
2.432334819E2,-3.961664021E-2,1.701378956E-2,-3.100719988E-2
2.432534719E2,-3.654188186E-2,7.758670449E-3,-2.773042023E-2
2.432734619E2,2.155400634E-2,1.491792820E-2,1.494431376E-2
2.432934519E2,1.888036698E-2,1.633565873E-3,1.748902202E-2
2.433134419E2,2.059944838E-2,3.231975362E-3,2.030562580E-2
2.433334319E2,-1.257589906E-2,-4.426634610E-3,-4.614973426E-2
2.433534219E2,-6.738916039E-3,-2.077932335E-2,-3.232048452E-2
2.433734109E2,4.008851051E-3,1.645552665E-3,-7.541738749E-3
2.433934023E2,-1.870670468E-2,2.037754655E-4,-2.990383029E-2
2.434133913E2,-9.978273511E-3,1.628800392E-2,-9.004712105E-4
2.434333813E2,-2.000566363E-2,-3.280887321E-2,-5.092340112E-2
2.434533713E2,1.186429292E-2,-7.753042504E-3,4.384827018E-3
2.434733613E2,1.122987002E-2,-6.718158424E-3,1.379884422E-2
2.434933513E2,-2.408351183E-2,-1.403360993E-2,-2.942903638E-2
2.435133413E2,-2.200775027E-2,-2.644768730E-3,-2.988161087E-2
2.435333313E2,1.662275702E-2,-2.831148729E-3,-5.246706605E-3
2.435533213E2,2.919573247E-2,-2.043309510E-2,5.090644419E-2
2.435733113E2,5.462761223E-3,8.236534148E-4,-3.741223991E-2
2.435933013E2,-5.569180548E-3,2.328003131E-2,-2.725153327E-2
2.436132913E2,-2.644578695E-2,4.468003660E-4,-1.384328306E-2
2.436332813E2,-3.545663863E-2,1.250046998E-2,-5.908494473E-2
2.436532713E2,1.996151716E-2,-6.666045114E-3,3.038447142E-2
2.436732613E2,4.671048224E-2,4.767673463E-3,6.749031723E-2
2.436932513E2,-1.072379351E-3,-1.610981002E-3,-2.455772102E-2
2.437132413E2,-2.334442377E-2,-2.295836136E-3,-1.321178377E-2
2.437332313E2,1.520860791E-3,-1.245646968E-2,-2.822450995E-3
2.437532213E2,-9.257896543E-3,-1.453237742E-2,-3.424831152E-2
2.437732113E2,-2.998422951E-2,1.672449857E-3,-3.927574754E-2
2.437932013E2,-3.250174820E-3,-2.336832426E-2,-3.062011421E-2
2.438131913E2,3.994963914E-2,-6.881441921E-4,2.919105470E-2
2.438331813E2,-2.467817366E-3,3.857261986E-3,1.408301890E-2
2.438531713E2,-2.836162716E-2,-1.778452568E-2,-7.358720899E-2
2.438731613E2,-1.440987825E-2,-3.645614706E-2,7.344102859E-3
2.438931513E2,-2.234221101E-3,-9.060333744E-3,-2.530557990E-2
2.439131413E2,2.193144411E-2,-2.339354038E-2,1.318079352E-2
2.439331313E2,2.096840769E-2,5.131735727E-3,2.510209680E-2
2.439531213E2,-5.512491792E-2,1.117644109E-2,-8.875664055E-2
2.439731113E2,9.774498045E-3,6.108074561E-3,-1.735044301E-2
2.439931013E2,4.277472138E-2,3.877215609E-2,6.239680767E-2
2.440130913E2,1.756123513E-2,-8.016313389E-3,-4.298872948E-3
2.440330813E2,-4.275805682E-2,-1.867169447E-2,-4.432364881E-2
2.440530713E2,-1.269284338E-2,-1.033882745E-2,-1.515890658E-2
2.440730613E2,2.481587559E-2,-2.717098787E-2,3.417463660E-2
2.440930513E2,1.540741324E-2,-1.958904952E-2,8.977814913E-3
2.441130413E2,-1.412277997E-2,-9.673341215E-3,-5.624962986E-2
2.441330313E2,4.136905074E-3,-2.299271375E-3,-8.649786115E-3
2.441530213E2,-1.031039536E-2,-1.276001327E-2,-1.212420166E-2
2.441730113E2,-2.853733599E-2,-9.271929860E-3,-5.862593830E-2
2.441930013E2,-1.156111479E-2,2.380913123E-3,-2.224222362E-2
2.442129913E2,-6.519645452E-5,-1.458346747E-2,-1.298549652E-2
2.442329813E2,1.754807889E-2,-6.567665711E-3,7.615998387E-3
2.442529713E2,1.774103701E-2,3.840158880E-3,2.831806540E-3
2.442729613E2,2.864550948E-3,-2.385261990E-2,1.432041585E-2
2.442929513E2,-2.686854064E-2,-9.741753638E-3,-4.355123162E-2
2.443129413E2,1.606493264E-2,8.914299533E-3,-1.649265647E-2
2.443329313E2,1.807374358E-3,1.032274760E-2,-2.362275124E-3
2.443529213E2,-1.865700334E-2,-2.378647327E-3,-3.281983674E-2
2.443729113E2,9.944359660E-3,-6.728537232E-3,1.222418904E-2
2.443929006E2,1.279575437E-2,-2.030189820E-2,-1.309542418E-2
2.444128906E2,-1.436660886E-3,-3.108891472E-2,-3.534115613E-2
2.444328806E2,-6.300082505E-3,-7.976917773E-3,-2.931209207E-3
2.444528706E2,-2.356135547E-3,-1.433971167E-2,-4.421781421E-2
2.444728606E2,-5.549007654E-3,5.849554539E-3,-1.900929809E-3
2.444928506E2,2.996054828E-2,3.690974481E-2,8.820524812E-3
2.445128406E2,2.899254173E-2,-7.792218849E-3,9.709301591E-3
2.445328306E2,1.932124704E-2,2.664064541E-3,1.385790110E-3
2.445528206E2,-3.645738959E-3,-7.024113983E-3,-3.014122725E-2
2.445728106E2,3.550136983E-3,-2.459002689E-2,-9.308767319E-3
2.445928006E2,-3.468743742E-2,-1.496302485E-2,-1.813513935E-2
2.446127906E2,-6.872232556E-3,-8.730623871E-4,-1.283288419E-2
2.446327806E2,-7.656928897E-3,-3.625054434E-3,4.562582374E-3
2.446527706E2,4.375179112E-3,-4.901574701E-3,-1.884148300E-2
2.446727606E2,1.175290346E-4,-1.008958988E-2,-3.108262897E-2
2.446927506E2,9.212288260E-4,-8.677852750E-3,-3.555516422E-2
2.447127406E2,9.549672604E-3,3.031488955E-3,1.495016098E-2
2.447327306E2,2.427705467E-2,-6.700470597E-3,-6.844165921E-3
2.447527206E2,-2.051934153E-2,9.251172245E-3,-1.398244679E-2
2.447727106E2,3.007807732E-3,-2.698490024E-3,5.537313223E-4
2.447927006E2,1.224406958E-3,-7.012273371E-3,-3.508329391E-4
2.448126906E2,6.582210660E-3,-5.382362008E-3,-1.141961217E-3
2.448326806E2,1.797551036E-2,9.156374261E-3,-1.682828665E-3
2.448526706E2,6.281371415E-3,2.640602589E-3,-2.079854608E-3
2.448726606E2,-1.681249917E-2,5.928418860E-3,-3.508095503E-2
2.448926506E2,-2.571897805E-2,-1.386053234E-2,-4.220754147E-2
2.449126406E2,-2.330583215E-2,-9.740876555E-3,-3.201175153E-2
2.449326306E2,-5.069243610E-3,-4.123456478E-3,-5.006970763E-3
2.449526206E2,2.104208261E-2,-7.393073291E-4,2.197325170E-2
2.449726106E2,1.594623417E-2,5.554123968E-3,-7.642310858E-4
2.449926006E2,1.028057456E-2,-1.181137562E-4,7.061097622E-3
2.450125906E2,-4.627778828E-3,-1.437684149E-3,-2.703986406E-2
2.450325806E2,-1.554628462E-2,-1.137312680E-2,-1.948350728E-2
2.450525706E2,-1.300157636E-2,-1.055758640E-2,-2.125755250E-2
2.450725606E2,5.163383782E-3,1.035695381E-2,-1.578572810E-2
2.450925506E2,1.661223203E-2,1.743530072E-2,9.060845375E-3
2.451125406E2,7.946073711E-3,-6.765886322E-3,1.467651129E-3
2.451325306E2,-1.242533326E-2,-1.643381886E-2,-2.455421269E-2
2.451525206E2,-1.361874998E-2,-1.205586232E-2,-3.059964895E-2
2.451725106E2,-8.177038729E-3,-6.356654316E-4,-3.628021896E-2
2.451925006E2,5.619758964E-3,6.105443314E-3,1.475252509E-3
2.452124906E2,1.525597036E-2,-5.265856236E-3,-1.434263527E-2
2.452324806E2,1.098545641E-2,1.680051237E-3,2.622476220E-3
2.452524706E2,-3.272394240E-3,-7.311577722E-3,-2.130374551E-2
2.452724606E2,3.911787271E-4,7.865089774E-3,-1.755100250E-2
2.452924506E2,4.737706482E-3,1.854137465E-2,9.509326816E-3
2.453124406E2,1.485777497E-3,1.756057732E-2,-1.874617338E-3
2.453324306E2,-1.010603517E-2,-6.117430106E-3,-1.393333018E-2
2.453524206E2,-1.352197856E-2,-1.762277707E-2,-3.734967470E-2
2.453724106E2,-5.909196138E-3,-2.003731169E-2,-3.605393171E-3
2.453924012E2,8.001622260E-3,-5.609014705E-3,-1.065479636E-2
2.454123912E2,-1.600090563E-3,2.893421575E-3,-1.057819784E-2
2.454323812E2,-1.265922189E-4,3.029296249E-3,-2.409345210E-2
2.454523712E2,7.325976491E-3,-1.366640478E-3,-2.178672552E-3
2.454723612E2,5.648117959E-3,-9.720996022E-5,-1.311413527E-2
2.454923512E2,-1.296561599E-2,-1.399282560E-2,-2.507403016E-2
2.455123412E2,-1.689026713E-2,-1.378539562E-2,-3.634512305E-2
2.455323312E2,1.201456636E-2,-6.175609902E-3,1.912039518E-2
2.455523212E2,-2.838530838E-3,-1.199366257E-2,-2.037345350E-2
2.455723112E2,-1.308606863E-2,-5.915920436E-4,-1.953379333E-2
2.455923012E2,-8.480216861E-3,-8.541247174E-3,-2.305732548E-2
2.456122912E2,-6.930704713E-3,3.254925683E-3,-8.496004343E-4
2.456322812E2,8.930160105E-3,-2.205935195E-3,2.683287263E-3
2.456522712E2,-1.334948570E-2,-1.327354498E-2,-1.421516597E-2
2.456722612E2,-2.485066652E-3,-1.337375164E-2,-9.474243522E-3
2.456922512E2,-5.658642948E-3,-3.645446599E-3,-1.565591991E-2
2.457122412E2,-5.044977665E-3,1.158253022E-2,-1.308606863E-2
2.457322312E2,-1.157368630E-2,1.333559856E-2,-1.935077548E-2
2.457522212E2,-2.644403279E-3,9.129403979E-3,-1.949344754E-2
2.457722112E2,-2.830929458E-3,8.296102658E-3,-5.767108798E-3
2.457922012E2,1.538197786E-2,-1.350728743E-2,8.437532187E-4
2.458121912E2,-5.541406274E-3,-5.579047725E-3,-3.499850929E-2
2.458321812E2,5.153151155E-3,-5.852624327E-3,-1.544015765E-2
2.458521712E2,2.012494683E-2,2.230639681E-2,2.210189044E-2
2.458721612E2,-1.940223098E-2,3.387657478E-3,-2.228256941E-2
2.458921512E2,-1.052147985E-2,-2.113366462E-2,-3.879569113E-2
2.459121412E2,3.493389755E-2,1.438195780E-2,4.598425806E-2
2.459321312E2,1.358220488E-2,-9.025396630E-3,9.723919630E-3
2.459521212E2,-3.797561914E-2,4.532176852E-3,-6.212900519E-2
2.459721112E2,-3.606357962E-2,2.726191208E-3,-7.608806312E-2
2.459921012E2,2.798477411E-2,-8.434462398E-3,4.837576926E-2
2.460120912E2,8.398648202E-3,-8.538104296E-3,-2.472612083E-2
2.460320812E2,1.053814441E-2,-1.817161135E-2,-8.649201393E-3
2.460520712E2,1.523433566E-2,5.029921085E-3,3.452254593E-2
2.460720612E2,-1.528754532E-3,1.251274914E-2,-1.486420691E-2
2.460920512E2,-1.998052061E-2,1.002410106E-2,-7.290308475E-3
2.461120412E2,-2.886273354E-2,8.676390946E-3,-5.495388687E-2
2.461320312E2,-3.384368420E-3,4.905009940E-3,-2.587977648E-2
2.461520212E2,-4.342142344E-3,-1.059369296E-3,-2.581545711E-2
2.461720112E2,1.836668909E-2,-1.223266751E-2,-1.345970571E-2
2.461920012E2,1.763257116E-2,-1.561447777E-2,-8.135815859E-3
2.462119912E2,1.720572442E-2,-1.993169636E-2,1.637629688E-2
2.462319812E2,3.133522868E-3,7.760278434E-3,1.053726733E-2
2.462519712E2,-2.721323401E-2,-8.772650734E-3,-4.134741604E-2
2.462719612E2,-2.299914569E-2,-9.222813249E-3,-2.608559847E-2
2.462919512E2,-7.957183421E-3,-1.439248279E-2,-1.179909647E-2
2.463119412E2,1.577608019E-2,-4.049927741E-4,-4.663154483E-3
2.463319312E2,-7.194998860E-4,6.164427102E-3,-1.336147249E-2
2.463519212E2,1.637103438E-2,3.239430562E-3,-1.507821500E-2
2.463719122E2,2.311989069E-3,-4.790331423E-4,-7.034200430E-4
2.463919017E2,-1.398303151E-2,-7.790903226E-3,-1.918003678E-2
2.464118907E2,1.616930544E-2,-1.279019952E-2,-7.778550982E-3
2.464318817E2,-1.636343300E-3,-6.687899083E-3,6.647114754E-3
2.464518717E2,-9.062891901E-3,-1.229523271E-3,-2.966000140E-2
2.464718617E2,-8.343976736E-3,-8.832730874E-3,1.235750556E-2
2.464918517E2,-5.207530260E-3,-5.281497538E-4,-3.240351498E-2
2.465118417E2,-8.133476973E-4,-3.425956741E-3,-1.630496085E-2
2.465318317E2,1.064544082E-2,1.103471920E-2,1.403916478E-3
2.465518217E2,-4.829800129E-4,2.852856517E-3,-4.484814405E-4
2.465718117E2,-9.939974248E-3,1.562346786E-2,-1.218676686E-2
2.465918017E2,-1.096469879E-2,-3.286062106E-3,-6.243656874E-3
2.466117917E2,3.856531084E-3,-7.906605005E-3,-1.163420498E-2
2.466317817E2,-5.015156865E-3,-4.499213174E-3,-1.917126596E-2
2.466517717E2,7.279783487E-4,-6.632204354E-3,-8.952671885E-3
2.466717617E2,2.994943857E-3,-1.065179966E-2,1.426369786E-2
2.466917517E2,-6.384282410E-3,3.159177527E-3,-3.330924869E-2
2.467117417E2,-1.085857183E-2,1.372019917E-2,-1.757848442E-2
2.467317317E2,-1.730074167E-2,2.454953492E-3,-3.156268537E-2
2.467517217E2,-1.746855676E-2,-1.641116090E-2,-2.023195088E-2
2.467717117E2,2.021587104E-2,1.604380958E-2,2.058512270E-2
2.467917017E2,3.280872703E-3,8.987608999E-3,-6.367033124E-3
2.468116917E2,1.844796538E-4,-6.469944119E-3,-2.728427768E-2
2.468316817E2,-1.331177115E-2,-1.007036716E-3,-1.997993588E-3
2.468516717E2,7.368953526E-3,-1.199402802E-2,-1.694230735E-2
2.468716617E2,-2.941734195E-3,-3.329031833E-2,-1.650084257E-3
2.468916517E2,1.858391315E-2,-8.318468258E-3,-1.696043372E-2
2.469116417E2,-1.125852138E-2,2.164493054E-3,-2.384143710E-2
2.469316317E2,-2.586983621E-2,2.687380314E-3,-4.279460192E-2
2.469516217E2,5.826458037E-3,9.235750213E-3,-2.179257274E-3
2.469716117E2,2.502842188E-2,1.215723842E-2,2.146512866E-2
2.469916017E2,1.125589013E-4,-5.195470378E-3,1.499284565E-2
2.470115917E2,-1.153948009E-2,-4.570695385E-3,-2.757371485E-2
2.470315817E2,-1.650318146E-2,2.066552192E-3,-1.322757125E-2
2.470515717E2,-3.381093979E-2,-1.356276289E-2,-6.888780177E-2
2.470715617E2,2.476003468E-3,-9.635919034E-3,-1.794685900E-2
2.470915517E2,3.418311507E-2,7.061828524E-3,2.643409252E-2
2.471115417E2,1.191574842E-2,1.411495931E-2,-2.008284688E-2
2.471315317E2,-3.911787271E-3,6.600044668E-5,-2.917585194E-2
2.471515217E2,-1.042003065E-2,-1.525026932E-3,-9.978858232E-3
2.471715117E2,-8.940977454E-3,-2.904238924E-3,-3.046165466E-2
2.471915017E2,-1.920605689E-2,-9.127065092E-3,-1.091850579E-2
2.472114917E2,-2.561372817E-3,2.207711287E-2,7.670377493E-3
2.472314817E2,4.503876328E-2,2.049193271E-2,4.780800462E-2
2.472514717E2,-1.011071295E-2,-4.120825231E-4,-1.618509293E-3
2.472714617E2,-5.529039413E-2,-2.158024572E-2,-9.606098235E-2
2.472914517E2,-2.939395308E-2,-2.657457188E-2,-2.366777480E-2
2.473114417E2,1.426077425E-2,1.121934503E-4,8.035243750E-3
2.473314317E2,2.330612451E-2,1.579954214E-2,6.110457301E-2
2.473514217E2,6.033449471E-3,1.955535494E-2,-1.857075691E-3
2.473714117E2,-8.175576925E-3,4.442275912E-3,-1.832809746E-2
2.473914015E2,-4.762557149E-4,-1.362415865E-2,-1.208268642E-2
2.474113915E2,5.816810131E-3,-1.994602203E-2,-3.686084747E-3
2.474313815E2,-2.072837949E-2,-1.089665182E-2,-2.294622838E-2
2.474513715E2,-1.598424107E-2,-1.298622742E-2,-4.542292535E-2
2.474713615E2,1.420522571E-2,-3.298487440E-3,1.322347820E-2
2.474913515E2,9.554935098E-3,2.427690849E-3,-1.443151295E-2
2.475113415E2,-1.331995726E-2,-7.464628592E-3,-4.179414332E-2
2.475313315E2,3.548382819E-3,-1.579391420E-2,2.350580692E-3
2.475513215E2,2.367332965E-2,3.042891026E-3,-1.092552245E-2
2.475713115E2,-1.404998213E-2,-4.228560179E-3,-2.983307898E-2
2.475913015E2,-8.696563840E-3,-1.512258075E-2,2.690303922E-3
2.476112915E2,1.829710722E-2,-5.944864154E-3,-1.337199748E-2
2.476312815E2,6.524615586E-3,4.446515143E-3,1.013556361E-2
2.476512715E2,6.159164608E-3,1.118747771E-2,2.498924553E-2
2.476712615E2,-8.273810148E-4,5.053456128E-4,-2.879227459E-2
2.476912515E2,-2.784122497E-2,-8.592044860E-3,-1.519282043E-2
2.477112415E2,-1.863215268E-2,-1.948584616E-4,-2.893962443E-2
2.477312315E2,1.163011193E-2,1.389773525E-2,7.452276349E-3
2.477512215E2,4.030193388E-3,-2.078027353E-3,-5.592277050E-3
2.477712115E2,3.185270727E-3,-1.503582269E-2,3.537565470E-3
2.477912015E2,1.178038538E-2,2.401743829E-3,-7.177457213E-3
2.478111915E2,-2.996259481E-2,-2.248320200E-2,-5.078423738E-2
2.478311815E2,-1.836259604E-2,7.077981457E-3,-2.896125913E-2
2.478511715E2,1.638272882E-2,7.362229228E-3,3.562708497E-3
2.478711615E2,6.472283006E-3,-2.265050545E-2,2.586223483E-3
2.478911515E2,-1.456863016E-2,-1.339633651E-2,-4.182220995E-2
2.479111415E2,5.674138069E-3,-1.815414280E-3,1.072203934E-2
2.479311315E2,2.689982325E-2,2.219968513E-3,7.630031705E-3
2.479511215E2,-8.943316340E-3,8.354794085E-3,-1.247386515E-2
2.479711115E2,-1.385205388E-2,9.948087260E-3,-1.459991276E-2
2.479911015E2,-8.691886067E-4,1.938571259E-3,-2.600841522E-3
2.480110915E2,8.376721144E-3,-7.026160508E-4,1.638623714E-2
2.480310815E2,2.842916250E-3,-8.979788348E-3,4.929202795E-4
2.480510715E2,1.903268695E-3,-2.261703014E-3,-3.043475747E-3
2.480710615E2,-1.419236183E-2,-1.906915896E-2,-1.288200080E-2
2.480910515E2,-7.068699002E-3,-1.893671952E-2,-4.139302433E-2
2.481110415E2,-1.985597491E-2,-9.415698275E-3,-5.775879622E-3
2.481310315E2,4.473704696E-3,-3.542827964E-3,2.398527861E-3
2.481510215E2,9.481260180E-4,-3.504674882E-4,-4.650875330E-3
2.481710125E2,-4.863129258E-3,-1.568003967E-3,-1.657861054E-2
2.481910025E2,-1.988053322E-4,-2.567585483E-3,-2.003840804E-3
2.482109925E2,1.149357945E-2,-9.471027553E-4,1.722005010E-2
2.482309825E2,5.937847495E-4,5.266733319E-3,-7.374508381E-3
2.482509725E2,-7.744344771E-3,3.209171221E-3,-1.383334279E-2
2.482709625E2,-1.944988579E-2,-6.614589617E-3,-1.721829593E-2
2.482909525E2,1.891574264E-3,1.632345267E-2,1.184002697E-2
2.483109425E2,-2.984272689E-2,-1.007358313E-2,-6.291837931E-2
2.483309325E2,-2.098565698E-3,1.986883879E-3,-7.410176396E-3
2.483509225E2,9.835601449E-3,-5.543160439E-4,-1.789247990E-4
2.483709125E2,1.182365477E-2,-5.562529340E-3,-8.625812531E-3
2.483909030E2,1.646751344E-2,4.174546525E-3,1.940281570E-2
2.484108930E2,1.680197418E-3,4.188141301E-3,-2.117569149E-2
2.484308830E2,-2.814001769E-2,-1.068805240E-2,-3.407406449E-2
2.484508730E2,-1.366728187E-2,-1.650544725E-2,-1.567580044E-2
2.484708630E2,-2.170778811E-2,-1.577885762E-2,-2.870982885E-2
2.484908530E2,1.414587647E-2,6.125689298E-3,-1.211192250E-2
2.485108430E2,1.671718955E-3,1.768855825E-3,1.490279853E-2
2.485308330E2,-1.089745581E-2,1.605060697E-4,-3.075752378E-2
2.485508230E2,8.163297772E-3,1.908823550E-3,2.225976527E-2
2.485708130E2,1.726682782E-3,-1.288982145E-2,-2.462554872E-2
2.485908030E2,-2.826310158E-2,-1.814091347E-2,-2.407532573E-2
2.486107930E2,1.042266190E-3,1.113309860E-3,6.712603569E-3
2.486307830E2,1.361056387E-2,-8.793481439E-4,7.684995532E-3
2.486507730E2,-2.651390702E-2,-3.234314248E-3,-4.362081349E-2
2.486707630E2,-3.286807626E-2,1.147932686E-2,-3.445296407E-2
2.486907530E2,3.452488482E-3,1.878651917E-2,-1.730600417E-2
2.487107430E2,5.217470527E-3,1.939009801E-3,-1.049516737E-2
2.487307330E2,-1.277528912E-2,-8.565074578E-3,-2.498515248E-2
2.487507230E2,3.382497311E-2,-1.702117167E-2,1.625759840E-2
2.487707130E2,3.018975914E-2,9.418694973E-3,4.135735631E-2
2.487907030E2,1.855877012E-2,3.620888293E-3,-6.581625938E-3
2.488106930E2,-1.539337993E-2,-1.013592906E-2,-8.474369645E-3
2.488306830E2,-1.432684779E-2,-7.228035629E-3,-3.005995095E-2
2.488506730E2,-3.751164258E-2,-2.403351814E-3,-2.752459824E-2
2.488706630E2,-1.275628567E-2,-1.004288524E-2,-4.566850841E-2
2.488906530E2,5.435864031E-3,3.396062851E-3,1.403624117E-2
2.489106430E2,1.842896193E-2,1.823446892E-2,1.140440941E-2
2.489306330E2,-9.329232574E-3,-1.176262446E-2,-3.810630441E-3
2.489506230E2,-2.441943437E-2,-7.430422381E-3,-3.602937341E-2
2.489706130E2,1.287644595E-2,8.480436131E-3,1.561206579E-3
2.489906030E2,1.549658328E-2,-1.933257602E-2,7.732942700E-3
2.490105930E2,-9.601128101E-4,-1.574077763E-2,-2.113417625E-2
2.490305830E2,5.358096063E-3,-5.227849334E-3,-5.580582619E-3
2.490505730E2,2.534914166E-2,1.141318023E-2,-9.112300873E-3
2.490705630E2,-1.464990646E-2,2.861481160E-2,-1.470574737E-3
2.490905530E2,-1.976241946E-2,7.696251422E-3,-5.229398847E-2
2.491105430E2,-1.026566416E-2,-2.341078967E-3,-5.181217790E-3
2.491305330E2,-6.689507067E-3,-1.366603933E-2,-1.653007865E-2
2.491505230E2,1.056124091E-2,-2.208727241E-2,-1.643184543E-2
2.491705130E2,4.010897577E-2,-8.290547803E-3,1.479871809E-2
2.491905030E2,-4.940312505E-3,-6.772537529E-3,-8.277318478E-3
2.492104930E2,-4.314572722E-2,-2.514960542E-3,-5.927439451E-2
2.492304830E2,5.557778478E-3,3.948624730E-3,-1.567638516E-2
2.492504730E2,1.113777637E-2,2.593466721E-2,3.248128295E-2
2.492704630E2,-1.879236639E-2,-4.984020442E-4,-5.505504370E-2
2.492904530E2,2.899049520E-3,-1.713548474E-2,1.769133568E-2
2.493104430E2,8.163005412E-3,-2.375731029E-2,-7.811880112E-4
2.493304330E2,1.688354284E-2,-1.458200566E-2,1.405963004E-2
2.493504230E2,8.145171404E-3,9.095563218E-3,4.145675898E-3
2.493704130E2,1.588016063E-2,-6.741108745E-4,1.193065882E-2
2.493904033E2,-3.267336398E-2,6.883926988E-3,-5.101227880E-2
2.494103943E2,-4.146172911E-2,-8.531233817E-3,-6.382996023E-2
2.494303843E2,-9.003835022E-3,-2.112701342E-2,-3.206613064E-3
2.494503743E2,4.179589748E-3,-1.094891131E-2,-1.148276210E-2
2.494703643E2,1.603131115E-2,-4.755540490E-3,9.421618581E-3
2.494903543E2,4.151230752E-3,1.969634593E-3,-1.625058174E-2
2.495103443E2,-2.083918422E-2,-5.643732548E-3,-2.277315080E-2
2.495303343E2,9.355545044E-3,2.238460332E-3,1.710836828E-2
2.495503243E2,8.380814195E-3,-8.030565977E-3,6.692138314E-3
2.495703143E2,3.684652179E-2,-9.855481982E-4,3.684856832E-2
2.495903043E2,-8.615872264E-4,9.588922039E-3,-4.401783943E-3
2.496102943E2,-2.558010668E-2,7.082439959E-5,-5.197823882E-2
2.496302843E2,-2.952405363E-2,-4.768550545E-2,-5.014922976E-2
2.496502743E2,-1.919465482E-2,-1.448311463E-2,-1.310361028E-2
2.496702643E2,7.837023139E-3,7.763128951E-3,-6.011522412E-3
2.496902543E2,1.106731743E-2,1.893861987E-2,1.568807960E-3
2.497102443E2,3.673396289E-2,2.907242931E-2,2.475067914E-2
2.497302343E2,6.127882004E-4,3.490276113E-3,-2.822743356E-2
2.497502243E2,-4.286359906E-2,-2.000632145E-2,-6.218455374E-2
2.497702143E2,-3.784902692E-3,-1.730286129E-2,-1.104246676E-2
2.497902043E2,1.618333876E-2,-1.644047007E-2,1.286504388E-2
2.498101943E2,8.950625360E-3,-7.137769237E-3,-1.225576401E-2
2.498301843E2,3.076512516E-3,1.389985487E-2,-1.404501200E-3
2.498501743E2,-2.095028132E-2,7.399212867E-3,-1.615000963E-2
2.498701643E2,-4.275279433E-2,2.096358374E-2,-7.133076847E-2
2.498901543E2,-3.646616042E-3,-3.668031469E-3,4.713440537E-3
2.499101443E2,2.631071627E-2,8.216799796E-3,5.600521624E-2
2.499301343E2,-2.021937937E-2,-3.449272513E-3,-2.009044826E-2
2.499501243E2,1.388421357E-3,-1.604402885E-2,-3.216260970E-2
2.499701143E2,4.241891831E-2,-2.147075661E-2,5.229223430E-2
2.499901043E2,9.278361797E-3,-4.038174838E-2,-3.387876749E-3
2.500100943E2,-3.444039255E-2,-2.682505198E-2,-4.385411739E-2
2.500300843E2,-4.594186574E-2,-8.536130860E-3,-2.972432077E-2
2.500500743E2,-1.390204757E-2,2.619435668E-2,-5.183673620E-2
2.500700643E2,-5.148181021E-3,2.134357966E-2,6.743593812E-3
2.500900543E2,2.410397708E-2,2.777836740E-2,5.133270621E-3
2.501100443E2,3.298355877E-2,2.513155214E-2,1.732880831E-2
2.501300343E2,-1.199322402E-2,-2.168184109E-2,-2.951908350E-2
2.501500243E2,-1.442888170E-2,-3.286062106E-2,-1.815618932E-2
2.501700143E2,7.068699002E-3,-5.165327981E-2,-6.478130221E-3
2.501900043E2,-2.261410654E-3,-1.921548553E-2,1.981621385E-3
2.502099943E2,1.644646347E-2,-3.115615770E-3,2.703986406E-2
2.502299843E2,7.461047173E-4,3.353056580E-2,-3.840685129E-2
2.502499743E2,5.975854397E-4,2.944511622E-2,-1.867132902E-2
2.502699643E2,-3.292917967E-2,1.114260033E-3,-3.720583320E-2
2.502899543E2,-1.065801233E-2,1.149949975E-2,-3.917108238E-2
2.503099443E2,-1.438415051E-3,-2.913740650E-2,1.993374288E-2
2.503299343E2,1.707767040E-2,-9.812212586E-3,1.715806961E-2
2.503499243E2,2.519857585E-3,-4.532323033E-4,1.133775115E-2
2.503699143E2,8.141663074E-3,6.960744783E-3,-1.799714506E-2
2.503899050E2,1.510511220E-2,4.841421470E-3,1.267150104E-2
2.504098950E2,-4.182542592E-2,-2.202141814E-2,-6.808556378E-2
2.504298850E2,8.153942227E-4,-1.599366970E-2,-1.848655701E-2
2.504498750E2,2.773831397E-2,1.378517635E-2,1.800650060E-2
2.504698650E2,-1.235545903E-2,3.911421821E-3,-2.634053707E-2
2.504898550E2,-2.783099234E-2,6.565984637E-3,-4.362256765E-2
2.505098450E2,2.329472244E-2,4.787992537E-3,2.269187450E-2
2.505298350E2,1.483584791E-2,1.312955730E-2,1.459640443E-2
2.505498250E2,-3.049439907E-2,-5.635619536E-3,-5.511000752E-2
2.505698150E2,7.864505053E-4,-2.002795614E-2,2.921853662E-3
2.505898050E2,1.877862543E-2,-1.623457499E-2,3.218775272E-2
2.506097950E2,2.371776849E-2,5.410574824E-3,-1.109801531E-2
2.506297850E2,2.628995866E-2,2.142719485E-2,1.598044038E-2
2.506497750E2,-5.733867377E-2,-1.784263238E-2,-5.080411792E-2
2.506697650E2,-1.238180074E-1,-2.986962408E-2,-2.179233885E-1
2.506897550E2,2.452556133E-2,-2.127962574E-2,1.064368665E-2
2.507097450E2,1.169180006E-1,2.140665650E-3,1.528625894E-1
2.507297350E2,-2.257522255E-2,3.048423953E-2,-2.747548163E-2
2.507497250E2,-6.735992432E-2,1.680877157E-2,-1.100598013E-1
2.507697150E2,-1.721741885E-2,-3.251534298E-2,1.070625186E-2
2.507897050E2,8.724338114E-3,-1.962384045E-2,-1.290655911E-2
2.508096950E2,-9.151184857E-3,-2.992458791E-2,-3.556627393E-2
2.508296850E2,3.591155201E-2,-2.612682134E-3,3.750988841E-2
2.508496750E2,2.702875435E-2,2.863746956E-2,2.773568273E-2
2.508696650E2,-1.078489691E-2,3.701389834E-2,-2.111546516E-2
2.508896550E2,-2.541024506E-2,1.255462982E-2,-1.995303869E-2
2.509096450E2,3.801391840E-2,1.887861282E-2,9.403492212E-3
2.509296350E2,-9.367824197E-3,-6.850451678E-3,3.897169232E-3
2.509496250E2,1.236978471E-2,-5.171716064E-3,-3.247718990E-2
2.509696150E2,7.072207332E-4,-3.325669684E-2,-5.067781806E-3
2.509896050E2,-1.251947343E-2,-2.983505242E-2,-3.581653476E-2
2.510095950E2,-9.564875364E-3,-2.834174663E-2,-2.657559514E-2
2.510295850E2,-2.583007514E-3,-1.327895366E-2,-2.504830241E-2
2.510495750E2,1.860905617E-2,-6.006479189E-3,2.405310631E-2
2.510695650E2,3.684038222E-3,2.219464190E-2,-1.330884755E-2
2.510895550E2,-7.368076444E-3,2.047804557E-2,-6.100984812E-3
2.511095450E2,3.518269658E-3,1.390109740E-2,-1.207157671E-2
2.511295350E2,-4.745015502E-4,1.383275807E-2,6.288095713E-3
2.511495250E2,5.275650322E-3,8.246182054E-3,6.796218753E-3
2.511695150E2,-2.066406012E-3,1.532993764E-3,-1.922330618E-2
2.511895050E2,1.133745879E-2,6.403285861E-3,-5.917382240E-4
2.512094960E2,9.000326693E-3,-1.965241872E-2,1.915547848E-3
2.512294860E2,8.600084782E-3,-3.513752684E-2,-6.590396762E-3
2.512494760E2,-2.427617759E-2,-1.212968342E-2,-3.948917091E-2
2.512694660E2,-3.412785888E-2,-1.536772527E-2,-7.536125422E-2
2.512894560E2,-2.021382451E-2,-9.571307302E-3,-3.824663758E-3
2.513094460E2,-1.123308599E-2,1.132686071E-2,-1.826436281E-2
2.513294360E2,5.660689473E-3,1.001759604E-2,2.774503827E-3
2.513494260E2,3.024560004E-2,1.232103355E-2,4.672860861E-2
2.513694160E2,2.162475765E-2,1.739904799E-2,-7.601380348E-3
2.513894060E2,1.603072643E-2,-9.111204520E-3,1.651838422E-2
2.514093960E2,4.271683395E-3,-1.903794944E-2,-5.699865818E-3
2.514293860E2,-6.513798237E-3,-9.506403208E-3,-6.609107852E-3
2.514493760E2,-1.421721250E-2,-2.616358571E-2,1.286212027E-2
2.514693660E2,-2.656945556E-2,-1.028817594E-3,-4.334248602E-2
2.514893560E2,-2.668201447E-2,-2.041957341E-2,-4.124099672E-2
2.515093460E2,-1.782523692E-2,2.499684691E-5,-2.009746492E-2
2.515293360E2,1.987614781E-2,-1.327310644E-2,-9.884718060E-3
2.515493260E2,-9.390628338E-4,8.435412571E-3,1.606405556E-2
2.515693160E2,-2.128825039E-2,-5.641832203E-3,-3.338000000E-2
2.515893060E2,-2.362538248E-2,-1.173667744E-2,-3.733681083E-2
2.516092960E2,-3.384076059E-3,-3.394893408E-3,-6.465851068E-3
2.516292860E2,6.935967207E-3,2.110113949E-3,1.627981782E-2
2.516492760E2,1.155731410E-2,1.599403515E-2,-1.584010720E-2
2.516692660E2,-1.936597824E-2,-5.473140031E-3,-3.196906686E-2
2.516892560E2,-3.305723369E-3,1.089555547E-3,-9.267836809E-4
2.517092460E2,1.459435791E-2,-2.667784832E-2,1.223588347E-2
2.517292360E2,1.079688370E-2,-3.079801574E-3,-9.404661655E-3
2.517492260E2,-1.003762275E-2,-2.453491688E-3,-1.141318023E-2
2.517692160E2,-1.764134198E-2,2.146293595E-3,-1.924669504E-2
2.517892060E2,-9.281285405E-3,-3.326773345E-3,-9.294149280E-3
2.518091960E2,-4.098898172E-3,-1.517842166E-2,-2.250944138E-2
2.518291860E2,-1.640933365E-2,-1.801161692E-3,-1.101498485E-2
2.518491760E2,-4.406461716E-3,9.369432181E-4,-3.332912922E-5
2.518691660E2,7.718324661E-3,1.408228800E-3,-4.919847250E-3
2.518891560E2,8.581666052E-3,-1.465721548E-2,-5.472993851E-3
2.519091460E2,-5.185895562E-3,4.838936403E-3,-1.590267241E-2
2.519291360E2,-7.466894388E-3,-6.414761022E-3,1.516767740E-3
2.519491270E2,-1.089745581E-2,-1.322472073E-2,-8.959688544E-3
2.519691170E2,-6.224945784E-3,-7.412369102E-3,-1.465487659E-2
2.519891070E2,5.432063341E-3,-1.297263265E-2,-3.027103543E-3
2.520090970E2,-1.346116751E-2,-1.021859407E-2,3.806537390E-4
2.520290870E2,-2.082661271E-2,-1.705618188E-2,-4.095682204E-2
2.520490770E2,-1.967851192E-2,-1.042032301E-2,-3.333322227E-2
2.520690670E2,-3.238772750E-3,-1.098728366E-2,1.133775115E-2
2.520890570E2,-7.532675564E-3,-9.467738494E-3,-4.670638919E-2
2.521090470E2,2.634170651E-3,1.000824049E-3,-3.762683272E-3
2.521290370E2,5.596077740E-3,1.352899522E-3,-1.333399057E-2
2.521490270E2,1.464815229E-2,1.886531040E-3,-6.137822270E-3
2.521690170E2,4.107376635E-3,-1.760472380E-2,2.246558726E-2
2.521890070E2,-1.471071750E-2,-8.697660193E-3,-3.684915304E-2
2.522089970E2,-1.139826983E-2,6.755726784E-4,-2.494012892E-2
2.522289870E2,5.477086902E-3,-7.743906230E-4,1.445431709E-2
2.522489770E2,6.103323698E-3,-3.765241429E-3,1.187569499E-3
2.522689670E2,-2.616161227E-2,9.109157994E-3,-3.247835934E-2
2.522889570E2,-1.592898488E-2,-5.569545999E-3,-9.074878693E-3
2.523089470E2,1.100679874E-2,-2.887062728E-4,-3.518854380E-3
2.523289370E2,4.695898890E-3,7.297252044E-3,2.180485189E-2
2.523489270E2,-2.558624625E-2,-2.713546604E-3,-2.766142309E-2
2.523689170E2,1.435783803E-3,-2.888743803E-3,-2.533013821E-2
2.523889065E2,8.122951984E-2,9.647467285E-3,4.440375566E-2
2.524088965E2,3.213191181E-2,-4.093482189E-2,1.648096204E-2
2.524288865E2,-7.016921908E-2,2.168498397E-2,-1.242118174E-1
2.524488765E2,-1.690508983E-1,-3.155574180E-2,-1.354677075E-1
2.524688665E2,4.907304972E-2,1.581657216E-2,1.204222369E-1
2.524888565E2,1.425355294E-1,3.781430908E-2,1.006627411E-1
2.525088465E2,-1.104682294E-1,-2.156211935E-2,-1.123355377E-1
2.525288365E2,-4.299633086E-2,5.993249863E-3,-4.115211904E-2
2.525488265E2,1.255195472E-1,-1.999967024E-2,9.591947973E-2
2.525688165E2,1.726975143E-2,3.259164914E-3,-1.932212412E-2
2.525888065E2,-7.812026292E-2,-1.000451289E-2,-4.243792176E-2
2.526087965E2,3.059263229E-2,-4.217815921E-3,1.218501270E-2
2.526287875E2,-8.886890709E-3,9.515100941E-3,-4.346703172E-2
2.526487775E2,-5.505299717E-2,-6.395172849E-3,-6.687402070E-2
2.526687675E2,2.791636169E-2,-1.037274130E-2,4.034578800E-2
2.526887575E2,5.428759664E-2,4.014259726E-3,2.179666579E-2
2.527087475E2,-3.846883178E-2,-8.709646985E-3,-1.566819906E-2
2.527287375E2,-1.004259288E-3,1.097931683E-2,-4.752909243E-2
2.527487275E2,6.221115857E-2,-2.989096642E-3,5.146836162E-2
2.527687175E2,1.766005307E-2,-2.653766133E-2,-5.455452204E-2
2.527887075E2,-6.772040516E-2,-3.148418650E-2,-7.283818066E-2
2.528086975E2,1.397455305E-2,1.205615468E-2,3.053883791E-2
2.528286875E2,-2.573067248E-3,1.982622720E-2,-7.825211763E-2
2.528486775E2,3.015409112E-3,-1.908385009E-3,4.181460857E-2
2.528686675E2,4.484697461E-2,2.119615674E-5,9.289880812E-2
2.528886575E2,-1.124185681E-2,9.472489357E-5,-9.166563034E-2
2.529086475E2,3.679068089E-3,5.930246115E-3,4.487796485E-2
2.529286375E2,-4.109189272E-2,1.540945977E-2,-4.990890920E-2
2.529486275E2,3.328469038E-2,4.303623810E-3,8.073835373E-3
2.529686175E2,1.972704381E-2,-1.451256998E-2,4.987265646E-2
2.529886075E2,-2.761464536E-2,1.256413154E-2,-6.726110637E-2
2.530085975E2,3.419159353E-2,-9.569260776E-3,5.994214654E-2
2.530285875E2,2.259744197E-2,2.798053488E-2,2.540615201E-3
2.530485775E2,-3.107356578E-2,1.235078126E-2,-1.832341969E-2
2.530685675E2,-2.743893653E-2,-4.913269132E-3,-8.213934660E-2
2.530885575E2,-1.422042847E-3,-2.808490768E-2,-2.754330933E-2
2.531085475E2,-4.392720759E-3,8.775574341E-3,3.524701595E-3
2.531285375E2,-2.974507838E-2,2.343198583E-3,-5.578711510E-2
2.531485275E2,-3.786101371E-2,-2.318603732E-2,-2.213171124E-2
2.531685175E2,2.678229421E-2,3.102386445E-3,-2.741174698E-3
2.531885075E2,1.150907457E-2,-1.591319740E-3,9.061488569E-2
2.532084975E2,-5.580377966E-2,-6.578117609E-4,-5.361078143E-2
2.532284875E2,-4.521534920E-2,-1.864311621E-3,-2.113826931E-2
2.532484775E2,2.484598875E-2,9.033948183E-4,-8.841399372E-2
2.532684685E2,1.357068586E-1,1.790768266E-2,1.418318170E-1
2.532884585E2,5.826107204E-2,1.121612906E-2,2.284624100E-2
2.533084485E2,4.475751221E-3,-3.086979032E-2,-2.715020102E-1
2.533284385E2,-1.078470395E0,-7.328074180E-2,-9.930454981E-1
2.533484285E2,-1.092300814E-1,-5.790497661E-2,4.312456030E-1
2.533684185E2,2.349960887E-1,1.001821730E-1,6.025152272E-1
2.533884087E2,6.339925432E-1,-1.387865871E-2,5.659654516E-1
2.534083987E2,9.189440265E-1,-8.671157688E-2,-1.567714530E-1
2.534283887E2,-6.812321985E-1,9.217930824E-2,-3.373644626E-1
2.534483787E2,-6.102765289E-1,-1.463040307E0,8.341626155E-1
2.534683687E2,-4.370577353E-1,-2.901315317E0,-1.399481950E0
2.534883587E2,1.414317798E0,-1.574662046E0,2.446469182E-1
2.535083487E2,1.333601956E0,1.520803050E0,1.377163128E0
2.535283387E2,2.689236805E-1,2.143846536E0,3.283854783E-2
2.535483287E2,3.030699581E-2,2.111242607E0,1.131450262E0
2.535683187E2,1.054235148E0,-6.305250712E-1,1.483222264E0
2.535883087E2,1.883630529E0,-2.012882207E0,1.562984717E0
2.536082987E2,-5.249212137E-1,1.079293829E0,6.086733978E0
2.536282887E2,2.243883625E-1,1.211794660E0,7.694871479E0
2.536482787E2,3.326081035E0,1.200240342E0,5.411450737E0
2.536682687E2,4.126601111E0,2.179697642E-1,2.212020392E0
2.536882587E2,1.571121703E0,-5.039634772E-2,-1.980931413E-1
2.537082487E2,-8.737172753E-1,-1.543957293E-2,3.741107047E-1
2.537282387E2,6.424612118E-1,1.771005700E0,6.115736167E0
2.537482287E2,-5.980122864E-2,-2.056187125E0,6.188282572E0
2.537682187E2,2.257093362E0,-2.038300492E0,8.738885987E-1
2.537882087E2,2.176551036E0,-1.565846345E0,-3.677360702E0
2.538081987E2,-5.410750240E-1,-2.205146698E0,-1.676648743E0
2.538281887E2,-1.877681718E0,-2.168813562E0,7.129913503E-1
2.538481787E2,-9.090612088E-1,-1.401455970E0,6.013188869E-1
2.538681687E2,1.917529761E0,-1.195844771E0,8.098270887E-1
2.538881597E2,3.270892383E0,-1.893708790E0,1.176410673E0
2.539081497E2,1.333376253E0,-1.790237923E0,-1.702147281E0
2.539281397E2,1.351416083E0,-1.695970282E0,-4.596772213E0
2.539481297E2,1.301080912E0,-2.450614858E-1,-2.212616808E0
2.539681197E2,2.528445391E0,-6.536690086E-2,-2.159028831E0
2.539881097E2,2.980548012E0,2.388801017E-1,-1.865384585E-1
2.540080997E2,2.631775047E0,-1.612011282E0,-9.507619429E-1
2.540280897E2,3.359396716E0,-1.132257178E0,-2.832361149E0
2.540480797E2,4.457279867E-1,2.315593877E-1,-3.424165739E0
2.540680697E2,-1.530411049E0,-7.940074468E-1,-3.845064986E0
2.540880597E2,-9.906767911E-1,-7.745274478E-1,-2.979988141E0
2.541080497E2,2.656080168E-1,-9.296423846E-1,-3.107050769E0
2.541280397E2,2.551994467E0,-9.820495167E-1,-3.114207176E0
2.541480297E2,3.387400786E0,-2.150079668E-1,-2.834899718E0
2.541680197E2,1.692793490E0,2.035518095E-1,-2.404537629E0
2.541880097E2,5.767576575E-2,2.059822047E-1,3.606101854E0
2.542079997E2,3.537606400E-1,-4.551127678E-1,3.735500152E0
2.542279897E2,2.572254485E-1,-1.538353906E0,5.418034117E0
2.542479797E2,8.896597087E-1,-1.658203116E0,1.743257300E0
2.542679697E2,1.128557060E0,1.410020094E0,2.084906017E0
2.542879597E2,1.966462478E0,7.837011445E-1,-3.676378369E-1
2.543079497E2,6.451507849E-1,2.342941305E-1,-1.723481432E0
2.543279397E2,-1.156003890E0,2.888527456E-1,-1.356399665E0
2.543479297E2,-1.431929319E0,-8.917129585E-1,-4.868894613E-1
2.543679197E2,-3.847672552E-1,-1.241729042E0,-2.757079124E-2
2.543879099E2,-3.601884842E-4,-8.891682503E-1,5.218645817E-1
2.544078999E2,2.705389738E-2,-9.147758389E-1,3.553423119E-1
2.544278899E2,3.927732629E-1,-1.029398807E0,9.445118541E-1
2.544478799E2,2.552742326E-1,-3.088256648E-1,7.435348660E-1
2.544678699E2,-4.297703505E-2,4.903665081E-1,2.176227247E0
2.544878599E2,7.594217509E-1,-2.646932200E-1,2.229916965E0
2.545078499E2,2.030371376E0,1.576084819E-1,-2.703881156E-1
2.545278399E2,3.087610531E-1,-2.849451098E0,-4.119259931E0
2.545478299E2,-2.475628077E0,6.249372527E-1,-4.603551475E0
2.545678199E2,2.009633641E0,1.166197341E0,-4.187372392E0
2.545878109E2,2.023830680E0,3.528312251E-1,-2.161496941E0
2.546078009E2,1.963222828E0,1.252839044E-1,1.734067816E-1
2.546277909E2,3.489587604E0,9.914725971E-1,-7.269661957E-1
2.546477809E2,-4.138475052E-1,3.116138219E0,1.577477041E0
2.546677709E2,1.350269736E0,2.120200980E0,2.438760797E0
2.546877609E2,2.682688216E0,1.692908680E0,2.716765496E0
2.547077509E2,2.454714925E0,2.866919363E0,1.352928758E0
2.547277409E2,3.566773189E0,3.130581719E0,-7.568986773E-2
2.547477309E2,3.208461953E0,2.958156100E0,-1.383392751E-2
2.547677209E2,3.290310986E0,2.362639113E0,1.463414236E0
2.547877109E2,3.007995427E0,1.942735793E0,8.943649632E-1
2.548077009E2,2.772473089E0,7.953109373E-1,-3.211817086E0
2.548276909E2,8.900143424E-1,1.189965249E0,-3.790252894E0
2.548476809E2,5.162796137E-1,9.642614096E-1,-3.720647639E-1
2.548676709E2,1.106264842E0,-4.038217230E-1,4.471213782E-1
2.548876609E2,3.734154707E-1,-1.999163178E0,-1.745823643E0
2.549076509E2,-1.880810124E0,-3.194847881E0,-3.600827081E0
2.549276409E2,-3.060392034E0,-3.432322020E0,-1.188937747E0
2.549476309E2,-2.911603200E0,-2.760788306E0,2.460192012E0
2.549676209E2,-2.648519426E0,-2.996599789E0,4.752786452E-1
2.549876109E2,-2.230438537E0,-4.762760047E0,-1.948494569E0
2.550076009E2,-4.483842598E0,-6.086190771E0,1.762287648E0
2.550275909E2,-3.005479078E0,-6.752082215E0,5.328630189E0
2.550475809E2,-1.799973391E0,-5.072311059E0,4.949873872E0
2.550675709E2,-1.147488005E0,-3.645067407E0,2.015636392E0
2.550875609E2,-1.248194893E0,-1.975085367E0,8.793422967E-1
2.551075509E2,-7.423426187E-1,-1.089582151E0,-7.333279663E-1
2.551275409E2,-6.348981307E-1,-2.181504066E-1,-2.186253467E0
2.551475309E2,-2.493212555E-1,-5.698567736E-1,-5.126142865E-1
2.551675219E2,4.435308223E-1,-1.842833628E0,6.782056797E-1
2.551875119E2,1.256595587E0,-1.627304674E0,-1.051643370E0
2.552075019E2,1.555415643E0,-2.787964118E-1,-4.469683565E0
2.552274919E2,-6.139900956E-1,7.571237952E-2,-5.326349190E0
2.552474819E2,-1.453532661E-1,4.905188280E-1,-3.372365255E0
2.552674719E2,4.119952169E-1,5.816549930E-1,1.045819543E0
2.552874619E2,9.425319868E-1,8.137920856E-2,2.571715372E0
2.553074519E2,8.297185855E-1,-6.390509695E-2,1.047816367E0
2.553274419E2,4.918855416E-1,1.324101107E0,2.064517946E0
2.553474319E2,2.466962211E0,1.359695448E0,4.441891750E0
2.553674219E2,3.163016516E0,7.793762514E-1,3.127494974E0
2.553874114E2,1.873668189E0,9.708608696E-1,-5.000246465E-2
2.554074014E2,1.543141899E0,1.084600324E0,-1.786008632E0
2.554273914E2,1.631594630E0,1.421383573E0,-1.416822453E0
2.554473814E2,8.400379709E-1,1.091780120E0,-1.205950806E0
2.554673714E2,-1.908608299E-1,9.167220846E-1,-8.386246258E-1
2.554873614E2,-8.500977400E-1,-1.640655622E-1,1.187998685E0
2.555073514E2,-1.155563741E0,-1.314921856E0,2.510103260E0
2.555273414E2,-1.667465690E0,-1.632847250E0,1.536727796E0
2.555473314E2,-1.561047973E0,-1.487907053E0,2.980904692E-1
2.555673214E2,1.093101444E0,-5.727230787E-1,7.334443259E-1
2.555873114E2,4.211401525E-1,2.852973461E-1,1.912150615E-1
2.556073014E2,1.269545416E0,-1.141768259E-1,-8.776752555E-1
2.556272914E2,1.029643513E-1,-2.469910669E-1,-1.047808181E0
2.556472814E2,-1.962196934E-1,-2.771667928E-1,-2.362009075E0
2.556672724E2,2.897587717E-1,-1.019263244E-1,-1.873443217E0
2.556872624E2,1.660033587E0,7.657993090E-1,-6.430533886E-1
2.557072524E2,1.478078176E0,1.460677739E0,2.170661867E-2
2.557272424E2,1.012871068E0,1.239969322E0,-2.551409161E-1
2.557472324E2,4.181478399E-1,3.059695923E-1,1.726051283E-1
2.557672224E2,1.729091835E-1,7.764166832E-2,-2.864580184E-1
2.557872124E2,7.036817059E-1,-1.267881006E-1,-8.256163251E-1
2.558072024E2,8.843431279E-1,2.180619675E-1,-9.757663912E-1
2.558271924E2,6.150124812E-1,2.072644991E-1,-5.411913836E-1
2.558471824E2,-1.054127267E-1,-1.056200105E-1,-2.705728877E-1
2.558671724E2,-3.909819683E-1,-1.328183341E-1,3.225558043E-2
2.558871624E2,-3.652594820E-1,-2.416771173E-2,2.865808100E-1
2.559071524E2,-1.436839226E-1,2.501397926E-1,1.727267504E-3
2.559271424E2,4.755756837E-1,4.643034214E-1,-9.904774010E-2
2.559471324E2,6.923024395E-1,3.384274864E-1,-2.074299753E-1
2.559671224E2,8.623792318E-1,2.816925377E-1,-5.165734363E-1
2.559871124E2,1.991316068E-1,1.033413506E-1,-7.088883591E-1
2.560071024E2,5.987683314E-1,2.805803972E-1,-1.111731112E-2
2.560270924E2,1.887405199E-1,4.306199509E-1,-3.855794334E-1
2.560470824E2,1.120493165E-1,1.565679699E-1,-3.774477106E-1
2.560670724E2,1.282016650E-1,-2.207353145E-1,-1.281183422E-1
2.560870624E2,6.426531467E-1,4.059487939E-2,-3.094352371E-1
2.561070524E2,1.328593669E0,6.699342084E-1,-3.146971464E-3
2.561270424E2,1.570892053E0,9.771211910E-1,2.471922112E-1
2.561470324E2,1.359934891E0,8.859981823E-1,5.829393339E-1
2.561670234E2,1.067414334E0,5.791556007E-1,1.801456976E-1
2.561870134E2,6.535119378E-1,4.844043946E-1,-3.039663363E-1
2.562070034E2,1.283667757E-1,2.417016757E-1,-2.636965621E-1
2.562269934E2,-3.688855597E-1,-2.515045327E-1,8.829295635E-3
2.562469834E2,-7.490910365E-1,-6.243955082E-1,1.084307671E-1
2.562669734E2,-8.551869372E-1,-7.526512599E-1,1.882376593E-1
2.562869634E2,-8.038309883E-1,-6.712545097E-1,5.341618609E-1
2.563069534E2,-5.838686392E-1,-6.092751932E-1,6.350731087E-1
2.563269434E2,-3.387557345E-1,-2.108535200E-1,3.684003139E-1
2.563469334E2,-3.274082623E-2,1.316208243E-2,1.557616389E-1
2.563669234E2,1.160119562E-2,-8.023198485E-2,-3.156531662E-1
2.563869134E2,-4.912905052E-2,-1.498243761E-1,-5.506691355E-1
2.564069038E2,1.120440631E-1,8.279131114E-2,-5.797485083E-1
2.564268938E2,7.213530149E-1,4.456344312E-1,3.134633839E-2
2.564468838E2,1.677568363E0,1.034774153E0,7.679236025E-1
2.564668738E2,2.414495876E0,1.696149791E0,8.859525740E-1
2.564868638E2,2.770038309E0,2.048212985E0,5.243829775E-1
2.565068538E2,2.801843069E0,1.897719103E0,3.323569071E-1
2.565268438E2,2.587257271E0,1.496525849E0,-2.683836901E-1
2.565468338E2,2.251845194E0,1.115714235E0,-7.332525373E-1
2.565668238E2,2.047002757E0,7.566396457E-1,-7.261592799E-1
2.565868138E2,1.714336679E0,1.723466814E-1,-4.560968542E-1
2.566068038E2,1.028409824E0,-3.368171632E-1,-4.335499907E-1
2.566267938E2,1.796824519E-1,-9.049180180E-1,-3.856501848E-1
2.566467848E2,-5.436016059E-1,-1.401881062E0,-2.343564034E-1
2.566667748E2,-1.045890879E0,-1.545886289E0,-1.083664477E-1
2.566867648E2,-1.175612820E0,-1.415278788E0,1.265407634E-1
2.567067548E2,-1.013121475E0,-1.386681810E0,3.108637118E-1
2.567267448E2,-1.277364459E0,-1.445086724E0,1.789557892E-1
2.567467348E2,-1.610972670E0,-1.460870697E0,2.215176719E-1
2.567667248E2,-1.842329160E0,-1.561462103E0,4.198768616E-2
2.567867148E2,-1.909949870E0,-1.631960812E0,-7.603017569E-2
2.568067048E2,-1.845255106E0,-1.680012061E0,1.003563470E-1
2.568266948E2,-1.637385128E0,-1.619315624E0,2.859224135E-1
2.568466848E2,-1.535726606E0,-1.549208677E0,2.907118678E-2
2.568666748E2,-1.407949010E0,-1.356796106E0,-2.572716415E-1
2.568866648E2,-1.387997726E0,-1.083366269E0,-5.061279702E-1
2.569066548E2,-1.213904043E0,-7.916545272E-1,-4.489106262E-1
2.569266448E2,-7.917676708E-1,-5.727020288E-1,-2.565214437E-1
2.569466348E2,-5.959232225E-1,-3.878908378E-1,-1.169753033E-1
2.569666248E2,-3.570456058E-1,-2.692204267E-1,2.871275246E-1
2.569866148E2,-3.730231225E-2,-1.576415187E-1,6.120689929E-1
2.570066048E2,3.579796985E-1,1.552897686E-1,7.011150706E-1
2.570265948E2,5.073284036E-1,4.268338788E-1,4.493930215E-1
2.570465848E2,4.936611217E-1,5.399453419E-1,1.374540067E-1
2.570665748E2,4.107819562E-1,4.423173058E-1,2.722171247E-2
2.570865648E2,2.230914500E-1,2.025194836E-1,-4.394767284E-2
2.571065548E2,-1.091154760E-1,-1.521328568E-2,-1.377896369E-1
2.571265458E2,-2.739394221E-1,-2.470238113E-1,-1.518083364E-1
2.571465358E2,-3.696747145E-1,-3.633687848E-1,-1.765894210E-1
2.571665258E2,-4.322660883E-1,-4.198944032E-1,-4.924174190E-2
2.571865158E2,-3.730593753E-1,-3.581144768E-1,2.269696158E-1
2.572065058E2,-2.161106054E-1,-2.972613341E-1,2.835969758E-1
2.572264958E2,-1.408870532E-1,-1.332007420E-1,7.949582040E-2
2.572464858E2,-1.088093743E-2,9.802915514E-2,-1.594863153E-1
2.572664758E2,2.003318209E-1,1.794112873E-1,-7.738088250E-2
2.572864658E2,3.629439115E-1,3.310904002E-1,1.093312383E-1
2.573064558E2,4.601582571E-1,4.728152132E-1,-6.793529034E-2
2.573264458E2,3.355592810E-1,4.590362495E-1,-5.109776509E-1
2.573464358E2,2.264337185E-1,2.302867413E-1,-4.470354241E-1
2.573664258E2,2.397439548E-1,-9.803851068E-2,-4.425564569E-1
2.573864158E2,1.604264744E-1,-7.508994341E-2,-4.339978874E-1
2.574064058E2,2.231341347E-1,2.157575798E-1,-3.111888170E-1
2.574263958E2,4.841906789E-1,8.645353925E-1,-3.484747571E-1
2.574463858E2,7.066775268E-1,1.704830568E0,-7.820206547E-1
2.574663758E2,1.081436542E0,1.896618072E0,-1.888511492E0
2.574863658E2,7.059958877E-1,4.592262840E-1,-2.850243981E0
2.575063558E2,8.701855570E-2,-1.630959769E0,-2.579287516E0
2.575263458E2,-5.262945785E-1,-5.512212880E0,1.070689505E-1
2.575463358E2,2.678780521E-1,-8.549120450E-1,3.037587016E0
2.575663258E2,1.193546523E0,-2.779831225E0,-1.822846091E-1
2.575863168E2,9.412741046E-1,1.907303274E-2,-1.765635763E0
2.576063068E2,1.673225490E0,-5.692755604E-1,-7.101922882E-1
2.576262968E2,2.069838912E0,1.216344817E0,1.699831198E0
2.576462868E2,1.640583116E0,6.873665124E-1,1.440787851E0
2.576662768E2,4.462787944E-1,-2.044747925E-1,-5.826253384E-1
2.576862668E2,-7.257754102E-1,-4.536860472E-1,-1.523941104E0
2.577062568E2,-1.355713202E0,-2.019675064E-1,-4.852048784E-1
2.577262468E2,-1.014708555E0,-1.943661261E-1,1.199830526E0
2.577462368E2,-8.106325427E-1,4.091062903E-1,2.460417130E0
2.577662268E2,-7.867911056E-1,4.358637339E-1,2.642866631E0
2.577862168E2,-1.046246974E0,-4.944054723E-1,1.567684709E0
2.578062068E2,-9.911012989E-1,-2.845108956E-1,4.237886488E-1
2.578261968E2,-7.727618811E-1,1.135774863E-1,4.647402084E-1
2.578461868E2,-2.484692430E-1,3.990783155E-2,2.964298600E-1
2.578661768E2,1.544629723E-1,9.022429168E-2,2.910609466E-1
2.578861668E2,-2.581232885E-1,9.724808407E-1,7.846612573E-2
2.579061568E2,-2.225043896E-1,1.155044362E0,4.168520969E-1
2.579261468E2,-5.138334310E-1,8.539226961E-1,1.196112281E-1
2.579461368E2,-6.482378224E-1,5.298127019E-1,-2.505911976E-1
2.579661268E2,-3.581659323E-1,1.653668600E-1,-1.880639970E-2
2.579861168E2,-1.347762743E-1,2.982471746E-1,7.882245505E-1
2.580061068E2,-1.269953844E-1,1.129752231E-1,1.199411865E0
2.580260978E2,-2.165288275E-1,-2.179198802E-2,1.203199106E-1
2.580460878E2,-2.336722791E-2,1.450594801E-1,-1.056246298E0
2.580660778E2,1.102477893E-1,2.540334535E-1,-1.306942161E0
2.580860678E2,1.842864034E-1,2.745314527E-1,-9.204464686E-1
2.581060578E2,2.803959176E-1,2.671259540E-1,-1.779401278E-1
2.581260478E2,3.626677036E-1,7.250547409E-3,5.407697994E-1
2.581460378E2,3.590582174E-1,-1.347432375E-2,1.994578815E-1
2.581660278E2,1.955072102E-1,1.199509513E-1,-5.884614444E-1
2.581860178E2,-7.586265296E-2,1.521486443E-1,-9.238992494E-1
2.582060078E2,-2.059956533E-1,1.058989227E-2,-6.365688264E-1
2.582259978E2,-2.434885848E-1,-1.068789160E-1,-2.621026111E-1
2.582459878E2,-1.100533694E-1,-2.255773938E-1,-6.176940143E-2
2.582659778E2,3.052305043E-2,-7.664296389E-2,4.936260384E-1
2.582859678E2,1.317421541E-1,-5.394056439E-2,5.573133266E-1
2.583059578E2,1.152141219E-1,-3.669654071E-2,5.383373576E-1
2.583259478E2,4.249551684E-2,9.740233362E-2,1.511516941E-1
2.583459378E2,1.017971009E-1,1.245971489E-1,-3.555376089E-1
2.583659278E2,1.772647744E-1,2.245593935E-1,-7.081726599E-1
2.583859178E2,2.625516772E-1,2.870743150E-1,-6.681139702E-1
2.584059084E2,3.312854049E-1,2.506104934E-1,-3.289269304E-1
2.584258984E2,3.858674088E-1,1.639120728E-1,-9.005355299E-2
2.584458884E2,1.960393068E-1,-4.921484470E-2,-1.246679002E-1
2.584658784E2,-4.921835303E-2,-1.999467087E-1,-1.846702731E-1
2.584858684E2,-1.645941505E-1,-2.291786939E-1,7.387956977E-2
2.585058594E2,-5.121459246E-2,-1.656177056E-1,6.007487833E-2
2.585258494E2,-2.880893916E-2,-5.432355702E-2,1.260110056E-1
2.585458394E2,-3.448220015E-2,1.489987493E-2,7.772528350E-2
2.585658294E2,-4.526505053E-2,-2.094297230E-2,5.296583354E-2
2.585858194E2,-8.160403401E-2,-2.921970606E-2,-8.190253437E-2
2.586058094E2,2.027726680E-2,4.833600819E-2,-3.757771611E-2
2.586257994E2,3.964850754E-2,8.658030689E-2,2.740999281E-2
2.586457894E2,-3.358231366E-2,7.823340654E-2,2.162791514E-1
2.586657794E2,-4.359567046E-2,1.134359837E-4,2.356854755E-1
2.586857694E2,1.268933505E-2,-4.023702979E-2,1.214110011E-1
2.587057594E2,7.963147581E-2,3.367996216E-3,6.737220347E-2
2.587257494E2,1.111172703E-1,1.214022303E-1,3.891906738E-3
2.587457394E2,1.320032322E-1,8.707322717E-2,-1.187136805E-1
2.587657294E2,9.926993430E-2,4.593631089E-2,-2.865316933E-1
2.587857194E2,1.257607448E-1,-3.710759997E-2,-4.350708514E-1
2.588057094E2,7.487944365E-2,4.132285774E-2,-2.393832546E-1
2.588256994E2,5.512754917E-3,1.178716815E-1,1.009217727E-1
2.588456894E2,-9.792185873E-2,5.508018672E-2,2.752319491E-1
2.588656794E2,-2.089455736E-1,-8.275622785E-2,2.040444374E-1
2.588856694E2,-2.506581482E-1,-2.055039024E-1,5.619700491E-2
2.589056594E2,-2.246245900E-1,-1.745002109E-1,6.658867657E-2
2.589256504E2,-1.861329541E-1,-1.459149277E-1,4.949317217E-2
2.589456404E2,-9.759763062E-2,-8.708258271E-3,4.828923047E-2
2.589656304E2,4.486773223E-2,8.122601151E-2,3.207899451E-2
2.589856204E2,1.149056813E-1,5.800964177E-2,1.491566241E-2
2.590056104E2,1.841639042E-2,-6.535900712E-2,-8.079448700E-2
2.590256004E2,-1.631753236E-2,-1.531245446E-1,-2.185063559E-1
2.590455904E2,2.913755268E-2,3.815308213E-3,-1.765625238E-1
2.590655804E2,1.939603293E-1,1.722309065E-1,-2.182473242E-2
2.590855704E2,2.185168809E-1,1.562539744E-1,-5.834000945E-2
2.591055604E2,1.448217908E-1,1.119314951E-1,-7.160968065E-2
2.591255504E2,1.262396318E-1,1.581192362E-1,-3.967920542E-3
2.591455404E2,1.231865081E-1,1.180342340E-1,-1.855906248E-2
2.591655304E2,2.221123338E-2,3.109841645E-2,7.759255171E-4
2.591855204E2,-3.455148965E-2,5.956558585E-2,6.067129433E-2
2.592055104E2,7.765102386E-3,6.009300470E-2,9.284735262E-2
2.592255004E2,4.493409812E-2,9.622236550E-2,1.152398497E-1
2.592454904E2,-7.808401018E-2,1.625028938E-1,2.732006264E-1
2.592654804E2,-1.088140520E-1,4.687888205E-2,2.070031285E-1
2.592854704E2,-1.290167668E-1,-7.250021160E-2,-8.977814913E-3
2.593054604E2,-7.295044720E-2,-1.201386470E-1,-1.550476938E-1
2.593254504E2,-7.500632823E-2,-8.385433495E-2,-9.072773695E-2
2.593454404E2,-3.820395291E-2,-9.081661463E-2,6.816684008E-3
2.593654314E2,1.691365600E-2,9.013716817E-2,7.354978681E-2
2.593854214E2,1.395192432E-1,1.141651314E-1,5.118944943E-2
2.594054108E2,9.125398636E-2,1.783225358E-2,-7.126177132E-2
2.594254008E2,7.321824968E-2,5.108712316E-2,-1.344204712E-1
2.594453908E2,8.878529191E-2,4.201809168E-3,-1.582969916E-1
2.594653808E2,1.312085956E-2,-1.710836828E-2,-1.911057186E-1
2.594853708E2,-9.212697566E-2,-6.310256660E-2,-2.137894070E-1
2.595053608E2,-9.525962144E-2,-2.576400161E-2,-5.073921382E-2
2.595253508E2,-4.907918930E-2,-4.192979872E-2,1.670549512E-2
2.595453408E2,2.065090388E-2,2.528686881E-2,1.369464684E-1
2.595653308E2,-1.626695395E-2,7.529518068E-2,8.638968766E-2
2.595853208E2,4.894528806E-2,1.242533326E-1,2.139583915E-1
2.596053108E2,2.568126351E-2,-1.747089565E-2,-1.274809957E-2
2.596253008E2,4.366291344E-2,-3.487571776E-2,-1.221682155E-1
2.596452908E2,-2.453199327E-2,3.026869655E-2,-3.465352356E-2
2.596652808E2,-4.143161595E-2,5.981701612E-3,1.392923713E-2
2.596852708E2,-5.883409917E-2,3.363727748E-2,1.276540732E-1
2.597052608E2,-3.192959815E-2,-1.199603069E-1,-5.537781000E-2
2.597252508E2,-4.344481230E-2,-3.631179392E-2,-7.941688299E-3
2.597452408E2,-1.195375532E-2,-5.862593830E-2,-1.159175420E-1
2.597652308E2,1.514545798E-2,-6.890358925E-3,-7.507532537E-2
2.597852208E2,5.055619597E-2,-1.099305779E-1,-2.127193666E-1
2.598052118E2,7.597725838E-2,-5.949483454E-2,-1.362798858E-1
2.598252018E2,7.360533535E-2,-4.795418501E-2,-1.922962117E-1
2.598451918E2,2.007641494E-2,1.947532117E-2,-1.308852446E-1
2.598651818E2,-1.061912835E-1,8.309945941E-2,3.762683272E-2
2.598851718E2,-1.083772650E-1,1.824214339E-2,2.382021171E-1
2.599051618E2,-7.229088128E-2,-5.845636904E-2,1.237118804E-1
2.599251518E2,-2.718955278E-4,4.854241490E-2,7.236572564E-2
2.599451418E2,-5.871569306E-2,-4.960485399E-2,-3.630068421E-2
2.599651318E2,-1.044593382E-1,-5.381718814E-2,-1.129342926E-1
2.599851218E2,-6.768415242E-2,-9.046636641E-2,-1.586472398E-1
2.600051118E2,-7.376701087E-2,-7.587814808E-2,-7.150209188E-2
2.600251018E2,-1.007875791E-1,-1.940340042E-2,3.933948219E-2
2.600450918E2,-7.062851787E-3,1.233060837E-1,1.824541783E-1
2.600650818E2,5.303190708E-2,1.812192464E-1,2.368549186E-1
2.600850718E2,3.587237567E-2,6.910882652E-2,4.365998983E-2
2.601050618E2,-4.754985005E-2,5.696182072E-2,-5.287403226E-2
2.601250518E2,-1.514224201E-2,1.406337225E-1,7.344161332E-2
2.601450418E2,1.370183891E-1,1.938474780E-1,2.045601618E-1
2.601650318E2,1.562916890E-1,1.567346156E-1,1.822968882E-1
2.601850218E2,8.869729131E-2,1.335100597E-1,1.250011915E-1
2.602050128E2,1.267392763E-1,8.758719742E-2,1.562960744E-2
2.602250028E2,1.923160923E-1,3.379398286E-2,-1.687775409E-1
2.602449928E2,1.150226256E-1,3.777359784E-2,-2.510829484E-1
2.602649828E2,3.388490707E-2,6.655300856E-3,-2.107389146E-1
2.602849728E2,2.404345840E-2,-8.284744442E-2,-6.454975247E-2
2.603049628E2,-6.794289172E-2,-6.198633313E-2,6.443105400E-2
2.603249528E2,-5.912032038E-2,-5.116547585E-2,2.106284022E-2
2.603449428E2,2.778041393E-2,2.742636502E-2,1.278903008E-2
2.603649328E2,3.242573440E-2,6.403695166E-2,-1.076530874E-1
2.603849228E2,-2.454982728E-2,4.766240895E-2,-1.911571741E-2
2.604049130E2,-6.842470229E-2,-3.457166255E-2,3.929445863E-2
2.604249030E2,-6.331920594E-2,-2.321812391E-2,1.614942491E-2
2.604448930E2,4.267970413E-2,-3.000147879E-2,-1.129109037E-1
2.604648830E2,3.162583530E-2,4.685315430E-2,-1.439531869E-1
2.604848730E2,3.766747087E-2,6.483626604E-2,-3.709473610E-2
2.605048630E2,5.240771681E-2,1.076905096E-1,6.282774746E-2
2.605248530E2,1.101220742E-1,1.060421795E-1,1.376036954E-1
2.605448430E2,2.422296792E-2,3.862670660E-2,1.290726078E-1
2.605648330E2,-4.463062763E-2,-2.425600469E-2,7.470227301E-2
2.605848230E2,-1.858888328E-2,-7.918767214E-2,-1.663988936E-1
2.606048140E2,-2.811078161E-2,-4.412893653E-2,-2.383102906E-1
2.606248040E2,-6.134606302E-3,2.148267031E-2,-9.725147545E-2
2.606447940E2,3.020086884E-4,7.020868778E-2,6.440123320E-3
2.606647840E2,1.122431517E-2,7.423391104E-2,1.263741177E-1
2.606847740E2,4.026246518E-2,2.908405066E-3,9.205037713E-2
2.607047640E2,8.999449611E-3,9.322215915E-3,5.903115034E-2
2.607247540E2,-5.375052989E-3,-2.298540473E-2,-6.575661778E-2
2.607447440E2,-3.442665160E-2,2.258194685E-3,-9.031784713E-2
2.607647340E2,1.750451714E-2,4.586497486E-2,-4.815766811E-2
2.607847240E2,-6.492631316E-2,1.364447773E-2,-1.756971359E-2
2.608047140E2,-1.191750258E-2,-4.649530470E-2,-4.224437892E-2
2.608247040E2,3.537273109E-3,-3.527098954E-2,3.870272040E-3
2.608446940E2,-7.920053601E-4,-6.962513566E-2,4.408449769E-2
2.608646840E2,-5.484863698E-2,6.156533360E-3,6.652377248E-3
2.608846740E2,-2.438405871E-2,1.493729711E-2,-1.968055844E-2
2.609046640E2,3.367469966E-2,3.644978821E-2,1.016012192E-2
2.609246540E2,7.345857024E-3,7.779661953E-2,9.994060993E-3
2.609446440E2,9.365660727E-2,6.423692644E-2,-2.614874840E-2
2.609646340E2,1.077776331E-1,2.131953299E-2,-1.173676515E-1
2.609846240E2,4.361759752E-2,1.039985776E-2,-1.794849622E-1
2.610046140E2,-5.347278714E-4,-2.866422057E-2,-1.911951810E-1
2.610246040E2,2.087163627E-2,3.948040009E-2,-5.153151155E-2
2.610445950E2,2.746495664E-2,9.404193878E-2,1.194925296E-1
2.610645850E2,1.682653248E-2,8.077109814E-2,2.951709545E-1
2.610845750E2,-1.176752150E-3,5.750268817E-2,1.900087810E-1
2.611045650E2,2.001209557E-3,1.949987948E-2,-4.851259410E-2
2.611245550E2,1.645961970E-2,-4.301445723E-2,-2.145635784E-1
2.611445450E2,2.350843817E-2,-1.752550864E-1,-3.359798419E-1
2.611645350E2,-1.731799096E-2,-1.122332114E-1,-2.816118461E-1
2.611845250E2,-1.125004292E-3,2.725153327E-2,-1.354320395E-1
2.612045150E2,2.800816298E-4,1.432994682E-1,7.442453027E-2
2.612245050E2,8.134763360E-2,1.028794205E-1,2.156037980E-1
2.612444950E2,-5.051204950E-2,7.968702435E-2,2.799939215E-1
2.612644850E2,-1.537759244E-1,-1.617515266E-2,2.537878704E-1
2.612844750E2,-1.257695156E-1,-2.383325100E-3,9.006934047E-2
2.613044650E2,-2.980413526E-2,4.726245940E-2,-3.126155376E-2
2.613244550E2,4.787261635E-2,1.052241540E-1,-3.574578345E-2
2.613444450E2,7.777089179E-2,4.535392821E-2,3.269938409E-2
2.613644350E2,5.558041602E-2,-1.886428714E-2,-5.568654299E-2
2.613844250E2,1.637951285E-2,-4.245546341E-2,-1.771367204E-1
2.614044147E2,3.672606915E-2,-1.640377879E-2,-1.562855494E-1
2.614244047E2,-7.491452694E-3,-7.845793962E-3,-7.021278083E-2
2.614443947E2,-6.330780387E-3,-5.222674549E-2,-6.484562159E-2
2.614643857E2,-1.951186627E-2,-2.442498922E-2,-6.773765445E-2
2.614843757E2,2.015476763E-2,1.880230665E-2,-9.340342283E-3
2.615043657E2,-2.803447545E-3,1.552786589E-2,2.157271743E-2
2.615243557E2,3.354313731E-2,4.792377949E-3,9.204686880E-3
2.615443457E2,-3.299846917E-2,3.434654474E-3,-1.351642370E-2
2.615643357E2,-2.826397866E-2,5.319562912E-2,7.366848528E-2
2.615843257E2,-2.827333421E-2,1.503459477E-1,1.476024342E-1
2.616043157E2,5.187211186E-2,1.586156648E-1,1.523889649E-1
2.616243057E2,9.670300663E-2,1.258461142E-1,9.829461873E-2
2.616442957E2,9.847705185E-2,5.711560249E-2,-5.222148299E-3
2.616642857E2,5.795438558E-2,7.147285581E-2,-2.382038713E-2
2.616842757E2,5.976351410E-2,8.219431043E-2,-4.637426734E-2
2.617042657E2,5.505095065E-2,4.619417310E-2,-3.953770280E-2
2.617242557E2,3.085692644E-2,3.036634505E-2,-6.893224061E-2
2.617442457E2,6.671351463E-2,-2.671125054E-2,-6.088588715E-2
2.617642357E2,3.335222572E-2,8.947994113E-3,-6.131975055E-3
2.617842257E2,6.917548478E-3,3.184627533E-2,-2.445364058E-2
2.618042157E2,-1.459231138E-2,3.375714540E-2,-3.361154974E-2
2.618242057E2,-2.390663356E-2,-1.547290206E-2,-5.582453728E-2
2.618441957E2,-2.177239984E-2,-3.892725348E-2,-2.230361938E-2
2.618641857E2,-3.082096606E-2,5.101110935E-3,3.316423774E-2
2.618841757E2,2.966204792E-2,-2.311345875E-2,1.795562983E-2
2.619041667E2,1.401577592E-3,1.571731567E-3,-8.622362673E-2
2.619241567E2,-4.987996548E-2,3.968914568E-2,-4.515921593E-2
2.619441467E2,-7.217101336E-2,1.857426524E-2,9.697373271E-2
2.619641367E2,-5.120377511E-2,-3.717718184E-2,1.588594937E-1
2.619841267E2,6.734442919E-2,-1.782816052E-2,1.693061292E-2
2.620041167E2,4.628217369E-2,5.113214672E-2,-1.082904339E-1
2.620241067E2,9.732368857E-2,1.576526284E-2,-1.039751887E-1
2.620440967E2,2.678901851E-2,-5.245771050E-2,-1.726326102E-1
2.620640867E2,1.530888766E-2,-8.178909838E-2,-1.718865055E-1
2.620840767E2,-1.842048347E-2,-3.384485364E-2,-9.754734457E-2
2.621040667E2,-4.606290311E-2,-3.363610804E-2,-2.461619318E-2
2.621240567E2,-7.735047698E-2,-5.246531188E-2,6.755814493E-2
2.621440467E2,-3.898163259E-2,2.331635714E-2,1.671426594E-2
2.621640367E2,1.325856149E-3,1.433690500E-1,5.030651987E-2
2.621840267E2,2.474337012E-2,1.127781719E-1,1.489905632E-1
2.622040167E2,-8.103363812E-3,-1.136230946E-2,1.349221623E-1
2.622240067E2,-2.593181670E-2,-5.671974599E-2,4.428681135E-3
2.622439967E2,7.156114876E-3,-4.587842345E-2,-1.414230967E-1
2.622639867E2,3.433426559E-2,-2.916649640E-2,-1.926745266E-1
2.622839767E2,6.046927303E-2,2.593883336E-2,-1.319669795E-1
2.623039667E2,6.273828506E-2,2.699951828E-2,-4.459145129E-2
2.623239567E2,-3.568672657E-2,2.652881742E-3,2.648203969E-2
2.623439467E2,-5.802864522E-2,-2.204400301E-4,-1.041272163E-2
2.623639377E2,-5.678348064E-2,8.361518383E-4,2.399229527E-2
2.623839277E2,5.298162103E-3,3.131476343E-2,1.308981085E-1
2.624039182E2,2.345084310E-2,1.047259712E-1,1.869758302E-1
2.624239082E2,5.330789566E-2,9.294090807E-2,1.076261902E-1
2.624438982E2,5.747579098E-2,4.959900677E-2,-7.764283776E-2
2.624638882E2,5.207910329E-2,3.741750240E-2,-1.660878217E-1
2.624838782E2,-4.214702278E-2,9.781222343E-3,-1.149118209E-1
2.625038682E2,-1.462739468E-2,2.751641214E-2,3.114344001E-2
2.625238582E2,4.419091702E-2,1.165350080E-2,9.828818679E-2
2.625438482E2,4.725485802E-2,7.043497503E-2,7.201430798E-2
2.625638382E2,1.659030497E-2,9.190770507E-2,6.411062658E-2
2.625838282E2,5.890251160E-2,7.950985372E-2,1.376586592E-1
2.626038182E2,3.897987843E-2,-5.128534377E-2,8.708258271E-3
2.626238082E2,1.132488728E-2,-1.820179760E-2,-2.036971128E-1
2.626437982E2,4.923092455E-2,1.082904339E-3,-2.845886636E-1
2.626637882E2,-3.987099409E-2,9.563238144E-2,-2.814966559E-2
2.626837782E2,-3.308033019E-2,-4.124275088E-2,1.624555314E-1
2.627037682E2,-4.690168619E-2,-6.296457231E-2,1.746376204E-1
2.627237582E2,-5.615051955E-2,-5.086726785E-2,-1.608452082E-2
2.627437482E2,-6.466201901E-2,9.958392978E-3,-1.471024972E-1
2.627637382E2,6.301251948E-3,-2.026177168E-2,-1.319102615E-1
2.627837282E2,1.243527353E-2,-5.615490496E-2,2.058804631E-3
2.628037182E2,2.969333053E-2,-1.231540561E-2,-2.086461961E-2
2.628237092E2,4.087057561E-2,3.443191409E-2,-1.172892988E-1
2.628436992E2,1.638360590E-2,8.838475764E-2,-1.174150139E-1
2.628636892E2,3.261840016E-2,4.715604007E-2,7.250547409E-5
2.628836792E2,-7.832345366E-3,-2.582715154E-3,1.207017338E-1
2.629036692E2,-4.675112039E-2,1.232593060E-2,1.260145140E-1
2.629236592E2,1.030162454E-2,1.343982518E-2,2.307311296E-3
2.629436492E2,6.133056790E-2,9.013950706E-2,-3.846064568E-2
2.629636392E2,8.705743968E-2,1.011872363E-1,-2.553888381E-2
2.629836292E2,2.667909086E-2,2.623236358E-2,-2.414900064E-2
2.630036192E2,4.181957871E-2,-5.667823076E-2,-1.355945921E-1
2.630236092E2,1.103398830E-2,6.808497906E-3,-9.331512988E-2
2.630435992E2,3.648457915E-2,1.297415292E-1,1.136558390E-1
2.630635892E2,7.485225409E-2,1.268360478E-1,1.956794107E-1
2.630835792E2,8.328218490E-2,4.771561861E-2,-1.324511290E-2
2.631035692E2,4.418214619E-2,1.748668313E-2,-2.356591630E-1
2.631235592E2,5.404376775E-2,2.887822866E-2,-1.416295034E-1
2.631435492E2,1.182131588E-2,3.498155236E-2,1.287708914E-1
2.631635392E2,-1.672683746E-2,5.533804893E-3,1.287995428E-1
2.631835292E2,-3.548967540E-3,-9.187729955E-3,-3.550370872E-2
2.632035192E2,-3.746135652E-2,6.587590098E-2,-2.167095065E-2
2.632235092E2,-1.393742323E-2,3.120658994E-2,9.786660254E-2
2.632434992E2,-2.361982763E-2,-2.739654422E-2,7.171493053E-2
2.632634892E2,-6.508272618E-2,-1.335767180E-1,-1.228634495E-1
2.632834792E2,-6.228688002E-2,-1.079887176E-1,-2.093572176E-1
2.633034692E2,-3.355103105E-2,-6.660855711E-2,-1.540454811E-1
2.633234592E2,-8.745271146E-2,-2.191536427E-3,-4.460197628E-2
2.633434492E2,-7.124861509E-2,2.667324364E-2,-2.297604918E-2
2.633634402E2,6.266519487E-2,6.361946046E-2,-9.612822533E-4
2.633834302E2,-4.072907299E-2,4.409151435E-2,2.052372694E-2
2.634034201E2,-6.717661411E-2,-2.793097973E-2,6.980172157E-2
2.634234101E2,-2.447059751E-2,-7.287852645E-2,1.416675103E-1
2.634434001E2,1.567258447E-2,-2.056699634E-2,8.052785397E-2
2.634633901E2,1.076180041E-3,6.519060731E-2,-1.378334910E-1
2.634833801E2,1.389868543E-1,1.828126127E-1,-4.842780948E-2
2.635033701E2,2.112072766E-1,1.039705110E-1,1.030934286E-1
2.635233601E2,1.842516124E-2,-1.214267886E-1,2.568681836E-2
2.635433501E2,-5.744597018E-3,-2.316444647E-1,-1.236393750E-2
2.635633401E2,-6.559084922E-2,-1.644774985E-1,1.540045506E-1
2.635833301E2,7.244787902E-2,-2.187209487E-2,2.496942347E-1
2.636033201E2,1.331372997E-1,-2.008284688E-2,2.393113339E-1
2.636233101E2,2.106962299E-1,4.568955839E-2,3.043300331E-1
2.636433001E2,1.143285611E-1,7.976654649E-2,5.986642510E-1
2.636632901E2,-1.022774497E-1,-8.827775359E-2,6.172309148E-1
2.636832801E2,2.666388810E-2,-2.776205367E-1,6.511652309E-1
2.637032701E2,-6.722280711E-2,-8.350993395E-3,-1.844457400E-1
2.637232601E2,1.118025640E-1,1.632601082E-1,-7.935653973E-1
2.637432501E2,9.187291414E-2,2.947844535E-1,-6.638899416E-1
2.637632401E2,2.198333815E-1,3.766454726E-1,-3.859934163E-1
2.637832301E2,1.802886620E-1,1.190229982E-1,-5.002292991E-3
2.638032201E2,1.156327826E-1,-2.330296701E-1,5.003544295E-1
2.638232101E2,1.283139315E-1,-1.750434172E-1,3.573467374E-1
2.638432001E2,1.459406555E-1,7.674002767E-2,-1.560411358E-1
2.638631901E2,1.122527996E-1,1.798878354E-1,-5.334040618E-1
2.638831801E2,-4.406754076E-2,4.662862122E-2,-5.794964933E-1
2.639031701E2,-2.465794230E-1,7.919527352E-2,-4.712130761E-1
2.639231601E2,-2.226704505E-1,1.993725121E-2,-6.847849667E-2
2.639431501E2,-1.496802422E-1,1.538519382E-2,1.282271004E-1
2.639631401E2,1.460488290E-2,2.763628006E-2,3.334772336E-1
2.639831311E2,-7.622898102E-2,-9.125574052E-2,2.115791595E-1
2.640031211E2,-2.683012444E-1,-7.337144673E-2,1.358080155E-1
2.640231111E2,-1.479626226E-1,-8.574123144E-2,-1.324271554E-1
2.640431011E2,-6.979616672E-2,-2.870047331E-2,-2.736841911E-1
2.640630911E2,2.988131851E-2,1.792931736E-2,-1.906706858E-1
2.640830811E2,4.253498554E-2,8.301292062E-2,-7.242302835E-2
2.641030711E2,1.289898697E-1,1.907595634E-2,5.388560057E-2
2.641230611E2,7.540189236E-2,4.802493632E-2,1.207444185E-1
2.641430511E2,9.934507102E-2,3.018742025E-2,1.152427733E-1
2.641630411E2,3.358786851E-2,7.135357261E-2,1.473077345E-1
2.641830311E2,8.913670957E-2,4.136027992E-2,4.913590729E-2
2.642030211E2,3.461727083E-2,5.530705869E-2,-6.249854922E-2
2.642230111E2,2.799442202E-2,4.244318426E-2,-1.307495892E-1
2.642430011E2,3.813524812E-2,7.024377108E-2,-5.876159370E-2
2.642629911E2,2.562513024E-2,1.472697276E-1,-1.868740886E-1
2.642829811E2,7.681779563E-3,1.631642139E-1,-4.432984686E-1
2.643029711E2,-3.582267433E-2,1.910940242E-1,-4.509957433E-1
2.643229611E2,-1.535873517E-1,1.455073768E-1,-9.741350180E-1
2.643429511E2,2.654092115E-1,5.752794814E-1,-3.927106977E-1
2.643629411E2,-1.637264237E-1,-5.054216266E-2,-9.960907280E-1